date,rolling_corr_60d
2006-02-07 05:00:00,-0.08261621395718198
2006-02-08 05:00:00,-0.14908657711220485
2006-02-09 05:00:00,-0.15370358564719575
2006-02-10 05:00:00,-0.16469920109774344
2006-02-13 05:00:00,-0.151931501091251
2006-02-14 05:00:00,-0.18523243530277642
2006-02-15 05:00:00,-0.1962054728598886
2006-02-16 05:00:00,-0.18640292048760812
2006-02-17 05:00:00,-0.20546931016949657
2006-02-21 05:00:00,-0.2045588858582344
2006-02-22 05:00:00,-0.16729255340141228
2006-02-23 05:00:00,-0.16491851686795422
2006-02-24 05:00:00,-0.14916503740209497
2006-02-27 05:00:00,-0.16458218359250412
2006-02-28 05:00:00,-0.1942177640603837
2006-03-01 05:00:00,-0.21373094720462582
2006-03-02 05:00:00,-0.20719603974096795
2006-03-03 05:00:00,-0.19428014929178153
2006-03-06 05:00:00,-0.17880764204580196
2006-03-07 05:00:00,-0.1957691764463453
2006-03-08 05:00:00,-0.19521356021395295
2006-03-09 05:00:00,-0.18862400851558536
2006-03-10 05:00:00,-0.20426609221192596
2006-03-13 05:00:00,-0.22269287980476207
2006-03-14 05:00:00,-0.20449396059315458
2006-03-15 05:00:00,-0.21968450222155095
2006-03-16 05:00:00,-0.19778130212257858
2006-03-17 05:00:00,-0.19506744691666478
2006-03-20 05:00:00,-0.19689571099051126
2006-03-21 05:00:00,-0.17200123038485343
2006-03-22 05:00:00,-0.1909939065083295
2006-03-23 05:00:00,-0.18907629944576235
2006-03-24 05:00:00,-0.1364297298206884
2006-03-27 05:00:00,-0.12946990948837944
2006-03-28 05:00:00,-0.08093368322156036
2006-03-29 05:00:00,-0.10020919032051874
2006-03-30 05:00:00,-0.08994229095606177
2006-03-31 05:00:00,-0.09952382005175486
2006-04-03 04:00:00,-0.10023684049651603
2006-04-04 04:00:00,-0.09655494377075005
2006-04-05 04:00:00,-0.0940827818475183
2006-04-06 04:00:00,-0.08496913000080819
2006-04-07 04:00:00,-0.02266377218678602
2006-04-10 04:00:00,-0.0012809494477849053
2006-04-11 04:00:00,-0.020772109197607438
2006-04-12 04:00:00,-0.01646358816956097
2006-04-13 04:00:00,-0.008641222547107228
2006-04-17 04:00:00,-0.006532374431250384
2006-04-18 04:00:00,0.06671435643383401
2006-04-19 04:00:00,0.06084670891028229
2006-04-20 04:00:00,0.06213075998157627
2006-04-21 04:00:00,0.062241357974489216
2006-04-24 04:00:00,0.06528395905122963
2006-04-25 04:00:00,0.08921744140698715
2006-04-26 04:00:00,0.08929622642157779
2006-04-27 04:00:00,0.11568337607856777
2006-04-28 04:00:00,0.12988321091219954
2006-05-01 04:00:00,0.1897371809175723
2006-05-02 04:00:00,0.2397987410042363
2006-05-03 04:00:00,0.23807892650507673
2006-05-04 04:00:00,0.22216425987827834
2006-05-05 04:00:00,0.262407159216378
2006-05-08 04:00:00,0.2724016205614877
2006-05-09 04:00:00,0.27750562200733
2006-05-10 04:00:00,0.27670952884657596
2006-05-11 04:00:00,0.3185529531609804
2006-05-12 04:00:00,0.3513152498191322
2006-05-15 04:00:00,0.3523795705796414
2006-05-16 04:00:00,0.36162463164779457
2006-05-17 04:00:00,0.38059565065816386
2006-05-18 04:00:00,0.29752388813278263
2006-05-19 04:00:00,0.3064412912740609
2006-05-22 04:00:00,0.2907996183360125
2006-05-23 04:00:00,0.2862615113095452
2006-05-24 04:00:00,0.3255412462015067
2006-05-25 04:00:00,0.3269615985506666
2006-05-26 04:00:00,0.3296207509853993
2006-05-30 04:00:00,0.2991682940522097
2006-05-31 04:00:00,0.25114431992386355
2006-06-01 04:00:00,0.2701921692637034
2006-06-02 04:00:00,0.2666239603720047
2006-06-05 04:00:00,0.2666856707050071
2006-06-06 04:00:00,0.27743667856469295
2006-06-07 04:00:00,0.2735018661177273
2006-06-08 04:00:00,0.24694622716004133
2006-06-09 04:00:00,0.2519203582939622
2006-06-12 04:00:00,0.23700236394527158
2006-06-13 04:00:00,0.2299191177137444
2006-06-14 04:00:00,0.1853688506484576
2006-06-15 04:00:00,0.11621907267982856
2006-06-16 04:00:00,0.11345042272500702
2006-06-19 04:00:00,0.11378023436422495
2006-06-20 04:00:00,0.10918412910624388
2006-06-21 04:00:00,0.11068623655851743
2006-06-22 04:00:00,0.10046325350450191
2006-06-23 04:00:00,0.11341180454810025
2006-06-26 04:00:00,0.10833904102352299
2006-06-27 04:00:00,0.0881574689284348
2006-06-28 04:00:00,0.07228355410290295
2006-06-29 04:00:00,0.10122424117714064
2006-06-30 04:00:00,0.09741407598670106
2006-07-03 04:00:00,0.09544298358841839
2006-07-05 04:00:00,0.07650703681150205
2006-07-06 04:00:00,0.08181601127618655
2006-07-07 04:00:00,0.07689547059753903
2006-07-10 04:00:00,0.08334101577498874
2006-07-11 04:00:00,0.08627292281736246
2006-07-12 04:00:00,0.08572393816318617
2006-07-13 04:00:00,0.05283619297761141
2006-07-14 04:00:00,0.060106925636387074
2006-07-17 04:00:00,0.060945698949763184
2006-07-18 04:00:00,0.037001461586799095
2006-07-19 04:00:00,0.08722652044652134
2006-07-20 04:00:00,0.06804439532852588
2006-07-21 04:00:00,0.07424368850323401
2006-07-24 04:00:00,0.06263127511914521
2006-07-25 04:00:00,0.05689631793889051
2006-07-26 04:00:00,0.036988598026028476
2006-07-27 04:00:00,0.031230293741521486
2006-07-28 04:00:00,0.047584877575193404
2006-07-31 04:00:00,0.05100235161329981
2006-08-01 04:00:00,0.03388378704343906
2006-08-02 04:00:00,0.04226930079000084
2006-08-03 04:00:00,0.042924963079721955
2006-08-04 04:00:00,0.03995071122463657
2006-08-07 04:00:00,0.015494994788792864
2006-08-08 04:00:00,-0.026770723511840736
2006-08-09 04:00:00,-0.024172377038961853
2006-08-10 04:00:00,-0.023913796102386888
2006-08-11 04:00:00,-0.0751704090320754
2006-08-14 04:00:00,-0.04994218292139829
2006-08-15 04:00:00,-0.01318901199606418
2006-08-16 04:00:00,0.013981462948871507
2006-08-17 04:00:00,0.009013545403714027
2006-08-18 04:00:00,0.01386340830853813
2006-08-21 04:00:00,0.03229783398075609
2006-08-22 04:00:00,0.03564570167817052
2006-08-23 04:00:00,0.026885653237003166
2006-08-24 04:00:00,0.06270450362512564
2006-08-25 04:00:00,0.047642642622659784
2006-08-28 04:00:00,0.0394018488363264
2006-08-29 04:00:00,0.024701718898677966
2006-08-30 04:00:00,0.0316493975085457
2006-08-31 04:00:00,0.02906494539253841
2006-09-01 04:00:00,0.029138381224844065
2006-09-05 04:00:00,0.035469520973521504
2006-09-06 04:00:00,0.04789634354475854
2006-09-07 04:00:00,0.04579039349362025
2006-09-08 04:00:00,0.09199926023002496
2006-09-11 04:00:00,0.18866384846408327
2006-09-12 04:00:00,0.19614418744080916
2006-09-13 04:00:00,0.1848790498512478
2006-09-14 04:00:00,0.1907521145625415
2006-09-15 04:00:00,0.1932359330640306
2006-09-18 04:00:00,0.173173016622221
2006-09-19 04:00:00,0.1376459467486003
2006-09-20 04:00:00,0.14581621662297417
2006-09-21 04:00:00,0.13669089835202913
2006-09-22 04:00:00,0.15486250930073064
2006-09-25 04:00:00,0.16530917693683087
2006-09-26 04:00:00,0.14116207646329626
2006-09-27 04:00:00,0.1447392042335594
2006-09-28 04:00:00,0.10981953708359939
2006-09-29 04:00:00,0.10692723550625902
2006-10-02 04:00:00,0.13373800587177456
2006-10-03 04:00:00,0.1311327922011517
2006-10-04 04:00:00,0.16830237850091545
2006-10-05 04:00:00,0.15549553986926307
2006-10-06 04:00:00,0.2199579901305812
2006-10-09 04:00:00,0.21905323154676065
2006-10-10 04:00:00,0.2156422671061803
2006-10-11 04:00:00,0.25580484571736195
2006-10-12 04:00:00,0.18577776170280255
2006-10-13 04:00:00,0.19863911336066578
2006-10-16 04:00:00,0.184810482560768
2006-10-17 04:00:00,0.22275420734881993
2006-10-18 04:00:00,0.2318505490679853
2006-10-19 04:00:00,0.23149365232962807
2006-10-20 04:00:00,0.22922969505875296
2006-10-23 04:00:00,0.1789818755820478
2006-10-24 04:00:00,0.18023622734734687
2006-10-25 04:00:00,0.18881699449232273
2006-10-26 04:00:00,0.18246754208794802
2006-10-27 04:00:00,0.14918919255372146
2006-10-30 05:00:00,0.16225951192332472
2006-10-31 05:00:00,0.14963357701663615
2006-11-01 05:00:00,0.09826660194848282
2006-11-02 05:00:00,0.08973155630545307
2006-11-03 05:00:00,0.11997702784233265
2006-11-06 05:00:00,0.11656799170707459
2006-11-07 05:00:00,0.12154343405557294
2006-11-08 05:00:00,0.06260490765004091
2006-11-09 05:00:00,0.03435009874827998
2006-11-10 05:00:00,0.03349327197993306
2006-11-13 05:00:00,0.025056209633095114
2006-11-14 05:00:00,0.05595678098618486
2006-11-15 05:00:00,0.048644550049796724
2006-11-16 05:00:00,0.0420313986678772
2006-11-17 05:00:00,0.03909046165851787
2006-11-20 05:00:00,0.038571380839075714
2006-11-21 05:00:00,0.03759415108910656
2006-11-22 05:00:00,0.03821462275349498
2006-11-24 05:00:00,0.034058280682311086
2006-11-27 05:00:00,-0.0014467111128311503
2006-11-28 05:00:00,0.0036238466234981286
2006-11-29 05:00:00,-0.01448099373389746
2006-11-30 05:00:00,-0.03682790823504679
2006-12-01 05:00:00,-0.03695765198963241
2006-12-04 05:00:00,-0.032426798274303704
2006-12-05 05:00:00,-0.045248810863625484
2006-12-06 05:00:00,-0.0696968280569398
2006-12-07 05:00:00,-0.06113702531699845
2006-12-08 05:00:00,-0.06661122917366638
2006-12-11 05:00:00,-0.06026362502551193
2006-12-12 05:00:00,-0.061883328470174866
2006-12-13 05:00:00,-0.030883028968763725
2006-12-14 05:00:00,-0.05731572031155062
2006-12-15 05:00:00,-0.016564253195424428
2006-12-18 05:00:00,-0.0002688176735513031
2006-12-19 05:00:00,-0.037642443609425924
2006-12-20 05:00:00,-0.011924605525513532
2006-12-21 05:00:00,-0.030918060555971343
2006-12-22 05:00:00,0.01416977772122374
2006-12-26 05:00:00,0.022900613457845068
2006-12-27 05:00:00,0.0003192808697801054
2006-12-28 05:00:00,0.007352460600330131
2006-12-29 05:00:00,-0.05318818566939775
2007-01-03 05:00:00,-0.062400577841730004
2007-01-04 05:00:00,-0.07805209247862589
2007-01-05 05:00:00,-0.040235335343150956
2007-01-08 05:00:00,-0.03288699365043548
2007-01-09 05:00:00,-0.03823494742496155
2007-01-10 05:00:00,-0.05009666767780755
2007-01-11 05:00:00,-0.06063007127885319
2007-01-12 05:00:00,-0.08991867343829621
2007-01-16 05:00:00,-0.09279747913726238
2007-01-17 05:00:00,-0.09188342865996131
2007-01-18 05:00:00,-0.09943648882571109
2007-01-19 05:00:00,-0.10258866417460061
2007-01-22 05:00:00,-0.09597469053505804
2007-01-23 05:00:00,-0.10612250358052883
2007-01-24 05:00:00,-0.1255463159165747
2007-01-25 05:00:00,-0.06205341280411936
2007-01-26 05:00:00,-0.0372109976186874
2007-01-29 05:00:00,-0.032292812040853824
2007-01-30 05:00:00,-0.022379637995812527
2007-01-31 05:00:00,0.05456697351676172
2007-02-01 05:00:00,0.04612517232170482
2007-02-02 05:00:00,0.021787267386507596
2007-02-05 05:00:00,-0.0056324313508158644
2007-02-06 05:00:00,-0.020901853539555964
2007-02-07 05:00:00,-0.0215650297477448
2007-02-08 05:00:00,-0.026244776546085258
2007-02-09 05:00:00,0.016136296939642938
2007-02-12 05:00:00,0.023288265947713625
2007-02-13 05:00:00,-0.014014530044208464
2007-02-14 05:00:00,0.039827758290755105
2007-02-15 05:00:00,0.048265360471546025
2007-02-16 05:00:00,0.04726385926124932
2007-02-20 05:00:00,0.05005990833892632
2007-02-21 05:00:00,0.051132984790911454
2007-02-22 05:00:00,0.05490285245243792
2007-02-23 05:00:00,0.03399140885041819
2007-02-26 05:00:00,0.07365716469212251
2007-02-27 05:00:00,-0.22500031768495998
2007-02-28 05:00:00,-0.2354394139962803
2007-03-01 05:00:00,-0.2389637430973767
2007-03-02 05:00:00,-0.26165833028481683
2007-03-05 05:00:00,-0.275857348070654
2007-03-06 05:00:00,-0.27987626987138453
2007-03-07 05:00:00,-0.2810326931752228
2007-03-08 05:00:00,-0.28462320048995443
2007-03-09 05:00:00,-0.27338228396724334
2007-03-12 04:00:00,-0.27715175959422533
2007-03-13 04:00:00,-0.3104904168062872
2007-03-14 04:00:00,-0.32611007934821734
2007-03-15 04:00:00,-0.3155707651054918
2007-03-16 04:00:00,-0.31485098618494817
2007-03-19 04:00:00,-0.32081870876944457
2007-03-20 04:00:00,-0.3176574933512054
2007-03-21 04:00:00,-0.3054476324946524
2007-03-22 04:00:00,-0.2895111483818212
2007-03-23 04:00:00,-0.3202154776047237
2007-03-26 04:00:00,-0.3304016133425025
2007-03-27 04:00:00,-0.3151353653367911
2007-03-28 04:00:00,-0.3084136737496239
2007-03-29 04:00:00,-0.3113732105956368
2007-03-30 04:00:00,-0.31128381506729874
2007-04-02 04:00:00,-0.32088363744400755
2007-04-03 04:00:00,-0.3443186513146556
2007-04-04 04:00:00,-0.34867001568266337
2007-04-05 04:00:00,-0.35031848980147456
2007-04-09 04:00:00,-0.3441248962860535
2007-04-10 04:00:00,-0.33651620145517547
2007-04-11 04:00:00,-0.3233605026480803
2007-04-12 04:00:00,-0.3209252174296414
2007-04-13 04:00:00,-0.3263538567740351
2007-04-16 04:00:00,-0.2922777607880361
2007-04-17 04:00:00,-0.2824084043821397
2007-04-18 04:00:00,-0.2757331164829846
2007-04-19 04:00:00,-0.27279844846681484
2007-04-20 04:00:00,-0.28156023490544796
2007-04-23 04:00:00,-0.34527337360700866
2007-04-24 04:00:00,-0.345710688031173
2007-04-25 04:00:00,-0.35930268205434013
2007-04-26 04:00:00,-0.3531049647649358
2007-04-27 04:00:00,-0.3874063491769753
2007-04-30 04:00:00,-0.40613515776114656
2007-05-01 04:00:00,-0.4061194703368822
2007-05-02 04:00:00,-0.4069455592535252
2007-05-03 04:00:00,-0.413923726775384
2007-05-04 04:00:00,-0.4087952927705923
2007-05-07 04:00:00,-0.40820789971416277
2007-05-08 04:00:00,-0.437294986202683
2007-05-09 04:00:00,-0.444928293869598
2007-05-10 04:00:00,-0.4428619355658373
2007-05-11 04:00:00,-0.4950161453904269
2007-05-14 04:00:00,-0.4916458632028258
2007-05-15 04:00:00,-0.4923940149461824
2007-05-16 04:00:00,-0.4948405851010411
2007-05-17 04:00:00,-0.48705615836136246
2007-05-18 04:00:00,-0.5084721347216724
2007-05-21 04:00:00,-0.5054211465289459
2007-05-22 04:00:00,-0.5008529310139662
2007-05-23 04:00:00,-0.3446849395222834
2007-05-24 04:00:00,-0.3316967335865291
2007-05-25 04:00:00,-0.33564098768815787
2007-05-29 04:00:00,-0.2979955779450616
2007-05-30 04:00:00,-0.27247430869356254
2007-05-31 04:00:00,-0.2570162622515436
2007-06-01 04:00:00,-0.2589244152618544
2007-06-04 04:00:00,-0.2627226530282814
2007-06-05 04:00:00,-0.2565196621326507
2007-06-06 04:00:00,-0.2521022030486487
2007-06-07 04:00:00,0.10033196789642335
2007-06-08 04:00:00,0.11435638775220942
2007-06-11 04:00:00,0.11389120757473045
2007-06-12 04:00:00,0.20283098115636186
2007-06-13 04:00:00,0.2913510372749511
2007-06-14 04:00:00,0.2831349247768816
2007-06-15 04:00:00,0.2973000013752846
2007-06-18 04:00:00,0.2959147261919892
2007-06-19 04:00:00,0.2934061910375497
2007-06-20 04:00:00,0.3349868488234854
2007-06-21 04:00:00,0.32208937462464626
2007-06-22 04:00:00,0.27019943792181494
2007-06-25 04:00:00,0.24741746027372122
2007-06-26 04:00:00,0.23655264124837963
2007-06-27 04:00:00,0.23848605299045883
2007-06-28 04:00:00,0.24564025642542245
2007-06-29 04:00:00,0.23464787863079622
2007-07-02 04:00:00,0.254172755644455
2007-07-03 04:00:00,0.24847817196310598
2007-07-05 04:00:00,0.2504181907099908
2007-07-06 04:00:00,0.24301191701566258
2007-07-09 04:00:00,0.24081866925947473
2007-07-10 04:00:00,0.1170182151967119
2007-07-11 04:00:00,0.07109243528139694
2007-07-12 04:00:00,0.04802071035951619
2007-07-13 04:00:00,0.05017189452864006
2007-07-16 04:00:00,0.04451657997303079
2007-07-17 04:00:00,0.052961434622011444
2007-07-18 04:00:00,0.055920318065478106
2007-07-19 04:00:00,0.05697292586732179
2007-07-20 04:00:00,0.02776346180314202
2007-07-23 04:00:00,0.028225959958562703
2007-07-24 04:00:00,0.0024397616368923977
2007-07-25 04:00:00,0.0376734422700682
2007-07-26 04:00:00,-0.034434874268222455
2007-07-27 04:00:00,-0.05053054381317899
2007-07-30 04:00:00,-0.059165318980253505
2007-07-31 04:00:00,-0.08754408020197792
2007-08-01 04:00:00,-0.09126217593406864
2007-08-02 04:00:00,-0.08471144630112386
2007-08-03 04:00:00,-0.12236033792829895
2007-08-06 04:00:00,-0.14731508820752548
2007-08-07 04:00:00,-0.14108186728691216
2007-08-08 04:00:00,-0.18063544659747724
2007-08-09 04:00:00,-0.17913336393889806
2007-08-10 04:00:00,-0.176238594763551
2007-08-13 04:00:00,-0.1745927797960024
2007-08-14 04:00:00,-0.16805262188289355
2007-08-15 04:00:00,-0.1550517099568047
2007-08-16 04:00:00,-0.13091259751024537
2007-08-17 04:00:00,-0.14561599581419146
2007-08-20 04:00:00,-0.14505150620128696
2007-08-21 04:00:00,-0.13922006511305274
2007-08-22 04:00:00,-0.1429636773783512
2007-08-23 04:00:00,-0.147160780054537
2007-08-24 04:00:00,-0.13235706805713496
2007-08-27 04:00:00,-0.13422461975055802
2007-08-28 04:00:00,-0.13647213739607594
2007-08-29 04:00:00,-0.15359741003360372
2007-08-30 04:00:00,-0.1588624280188094
2007-08-31 04:00:00,-0.25263418884068267
2007-09-04 04:00:00,-0.2494025646395753
2007-09-05 04:00:00,-0.25840017097532475
2007-09-06 04:00:00,-0.3199303576210206
2007-09-07 04:00:00,-0.39817981840091216
2007-09-10 04:00:00,-0.39233191915081994
2007-09-11 04:00:00,-0.40690500090755455
2007-09-12 04:00:00,-0.40979874921953285
2007-09-13 04:00:00,-0.42863194260999293
2007-09-14 04:00:00,-0.47479809337587003
2007-09-17 04:00:00,-0.47339400613939925
2007-09-18 04:00:00,-0.49684661176615613
2007-09-19 04:00:00,-0.49445681441478234
2007-09-20 04:00:00,-0.42622560846273927
2007-09-21 04:00:00,-0.4226816470784331
2007-09-24 04:00:00,-0.4233726027864257
2007-09-25 04:00:00,-0.42705488557156046
2007-09-26 04:00:00,-0.4386580622165507
2007-09-27 04:00:00,-0.42612787041623823
2007-09-28 04:00:00,-0.44327318470131427
2007-10-01 04:00:00,-0.42434765316623363
2007-10-02 04:00:00,-0.42541150682685047
2007-10-03 04:00:00,-0.3964298917304562
2007-10-04 04:00:00,-0.38983765301323037
2007-10-05 04:00:00,-0.39723305289100996
2007-10-08 04:00:00,-0.39536888125715247
2007-10-09 04:00:00,-0.4040731435553743
2007-10-10 04:00:00,-0.40530759822762913
2007-10-11 04:00:00,-0.4015536678943562
2007-10-12 04:00:00,-0.4045305326484482
2007-10-15 04:00:00,-0.3899655302932494
2007-10-16 04:00:00,-0.38709113064058376
2007-10-17 04:00:00,-0.3648869927484694
2007-10-18 04:00:00,-0.3679432858750097
2007-10-19 04:00:00,-0.3984792692450806
2007-10-22 04:00:00,-0.39958159406304694
2007-10-23 04:00:00,-0.3953095733683951
2007-10-24 04:00:00,-0.3841138435465273
2007-10-25 04:00:00,-0.3823795204228352
2007-10-26 04:00:00,-0.39137733730674773
2007-10-29 04:00:00,-0.37123160080513057
2007-10-30 04:00:00,-0.345710254653096
2007-10-31 04:00:00,-0.3587886314188899
2007-11-01 04:00:00,-0.3796013892618268
2007-11-02 04:00:00,-0.40398431060372936
2007-11-05 05:00:00,-0.40500379598098807
2007-11-06 05:00:00,-0.4184196542489802
2007-11-07 05:00:00,-0.40046153608426294
2007-11-08 05:00:00,-0.4201097138914924
2007-11-09 05:00:00,-0.461991582217453
2007-11-12 05:00:00,-0.4544898412663972
2007-11-13 05:00:00,-0.459298759721763
2007-11-14 05:00:00,-0.4619976819067671
2007-11-15 05:00:00,-0.4750873334666142
2007-11-16 05:00:00,-0.4749548214319071
2007-11-19 05:00:00,-0.5013029658448721
2007-11-20 05:00:00,-0.49840726962234716
2007-11-21 05:00:00,-0.5181283944492385
2007-11-23 05:00:00,-0.4961488687097421
2007-11-26 05:00:00,-0.537337773967327
2007-11-27 05:00:00,-0.5510779705843135
2007-11-28 05:00:00,-0.5655889140947145
2007-11-29 05:00:00,-0.5546255428650265
2007-11-30 05:00:00,-0.5598260646523922
2007-12-03 05:00:00,-0.5490216731088121
2007-12-04 05:00:00,-0.5460014379717162
2007-12-05 05:00:00,-0.5643821899987744
2007-12-06 05:00:00,-0.5754826642636534
2007-12-07 05:00:00,-0.5583383817664137
2007-12-10 05:00:00,-0.5618618672145603
2007-12-11 05:00:00,-0.5998216884401998
2007-12-12 05:00:00,-0.5956177352359991
2007-12-13 05:00:00,-0.5789221024839085
2007-12-14 05:00:00,-0.620876228731626
2007-12-17 05:00:00,-0.6396084738854942
2007-12-18 05:00:00,-0.6286754470042175
2007-12-19 05:00:00,-0.616082218903771
2007-12-20 05:00:00,-0.6184527604081035
2007-12-21 05:00:00,-0.6408369348898144
2007-12-24 05:00:00,-0.6431218246369332
2007-12-26 05:00:00,-0.6559869425058708
2007-12-27 05:00:00,-0.6627709678525457
2007-12-28 05:00:00,-0.6501528168878641
2007-12-31 05:00:00,-0.6540130381477095
2008-01-02 05:00:00,-0.646761338203759
2008-01-03 05:00:00,-0.6489027240704698
2008-01-04 05:00:00,-0.6265536144886824
2008-01-07 05:00:00,-0.6255921087362408
2008-01-08 05:00:00,-0.6145699591847131
2008-01-09 05:00:00,-0.6067883093296382
2008-01-10 05:00:00,-0.6093902139330314
2008-01-11 05:00:00,-0.6140111398230381
2008-01-14 05:00:00,-0.6216150212271587
2008-01-15 05:00:00,-0.6326108020933522
2008-01-16 05:00:00,-0.5965243030023101
2008-01-17 05:00:00,-0.6136200628668734
2008-01-18 05:00:00,-0.5963962526929291
2008-01-22 05:00:00,-0.6025287088603897
2008-01-23 05:00:00,-0.5957020978616687
2008-01-24 05:00:00,-0.5928724857704208
2008-01-25 05:00:00,-0.6029677097538962
2008-01-28 05:00:00,-0.6064158072839699
2008-01-29 05:00:00,-0.6022881264220428
2008-01-30 05:00:00,-0.5784574526396633
2008-01-31 05:00:00,-0.5511807348096811
2008-02-01 05:00:00,-0.5334197432188199
2008-02-04 05:00:00,-0.5024607545921538
2008-02-05 05:00:00,-0.5202059805460277
2008-02-06 05:00:00,-0.5169066916494297
2008-02-07 05:00:00,-0.5076735298275098
2008-02-08 05:00:00,-0.5075013985032474
2008-02-11 05:00:00,-0.509263033526301
2008-02-12 05:00:00,-0.5136692010098289
2008-02-13 05:00:00,-0.5136679754759241
2008-02-14 05:00:00,-0.4885278400601502
2008-02-15 05:00:00,-0.4803052682013148
2008-02-19 05:00:00,-0.48078232132283827
2008-02-20 05:00:00,-0.4706871396715844
2008-02-21 05:00:00,-0.4901970694951259
2008-02-22 05:00:00,-0.46397064607841276
2008-02-25 05:00:00,-0.465360014823702
2008-02-26 05:00:00,-0.46260669348949357
2008-02-27 05:00:00,-0.4674926445961854
2008-02-28 05:00:00,-0.4714363600877358
2008-02-29 05:00:00,-0.4917212204582312
2008-03-03 05:00:00,-0.49278964959483157
2008-03-04 05:00:00,-0.47057216769907917
2008-03-05 05:00:00,-0.4671140466898198
2008-03-06 05:00:00,-0.47222451261720483
2008-03-07 05:00:00,-0.4669632293786814
2008-03-10 04:00:00,-0.4406076205836338
2008-03-11 04:00:00,-0.4391456926475291
2008-03-12 04:00:00,-0.44862480616575234
2008-03-13 04:00:00,-0.46183006035100743
2008-03-14 04:00:00,-0.466017630110452
2008-03-17 04:00:00,-0.4779304538486415
2008-03-18 04:00:00,-0.46868453497658785
2008-03-19 04:00:00,-0.4902859232870294
2008-03-20 04:00:00,-0.4636830527860269
2008-03-24 04:00:00,-0.48632170295700416
2008-03-25 04:00:00,-0.4848455412008177
2008-03-26 04:00:00,-0.4688684498781789
2008-03-27 04:00:00,-0.4719123885089817
2008-03-28 04:00:00,-0.4740062690550789
2008-03-31 04:00:00,-0.4682737413927157
2008-04-01 04:00:00,-0.5006427316499958
2008-04-02 04:00:00,-0.510991622831332
2008-04-03 04:00:00,-0.5105084362100867
2008-04-04 04:00:00,-0.5158153183017906
2008-04-07 04:00:00,-0.519251139373804
2008-04-08 04:00:00,-0.516620771796962
2008-04-09 04:00:00,-0.5162957042625301
2008-04-10 04:00:00,-0.5215303126678955
2008-04-11 04:00:00,-0.5140439625064304
2008-04-14 04:00:00,-0.5210477911322866
2008-04-15 04:00:00,-0.4999768796937806
2008-04-16 04:00:00,-0.5237516585191617
2008-04-17 04:00:00,-0.5174786984702705
2008-04-18 04:00:00,-0.5225952488422392
2008-04-21 04:00:00,-0.5224199250751438
2008-04-22 04:00:00,-0.5099904355528888
2008-04-23 04:00:00,-0.5074971890675902
2008-04-24 04:00:00,-0.5067500950439777
2008-04-25 04:00:00,-0.5196505521434964
2008-04-28 04:00:00,-0.5462948511679948
2008-04-29 04:00:00,-0.5689358586860876
2008-04-30 04:00:00,-0.5983426448300193
2008-05-01 04:00:00,-0.5823419885554114
2008-05-02 04:00:00,-0.5828647117382421
2008-05-05 04:00:00,-0.593109575557897
2008-05-06 04:00:00,-0.5934420423693727
2008-05-07 04:00:00,-0.5984190328897062
2008-05-08 04:00:00,-0.5944022227450401
2008-05-09 04:00:00,-0.5897984433319516
2008-05-12 04:00:00,-0.6273096298018841
2008-05-13 04:00:00,-0.6201687565612077
2008-05-14 04:00:00,-0.6245980625021231
2008-05-15 04:00:00,-0.605586107127781
2008-05-16 04:00:00,-0.5998330545566594
2008-05-19 04:00:00,-0.5980818213861463
2008-05-20 04:00:00,-0.5938359973831261
2008-05-21 04:00:00,-0.5858710660781752
2008-05-22 04:00:00,-0.5756072078206387
2008-05-23 04:00:00,-0.5753709893330804
2008-05-27 04:00:00,-0.5545638220433857
2008-05-28 04:00:00,-0.555886282643279
2008-05-29 04:00:00,-0.5702371055917494
2008-05-30 04:00:00,-0.566099477212204
2008-06-02 04:00:00,-0.5649743291338691
2008-06-03 04:00:00,-0.5693247989007584
2008-06-04 04:00:00,-0.5478714635683001
2008-06-05 04:00:00,-0.5453270263192506
2008-06-06 04:00:00,-0.5730830213815369
2008-06-09 04:00:00,-0.5756778701395866
2008-06-10 04:00:00,-0.5501789421448713
2008-06-11 04:00:00,-0.5312960412815205
2008-06-12 04:00:00,-0.5596630071194842
2008-06-13 04:00:00,-0.515315778477758
2008-06-16 04:00:00,-0.5420557962646654
2008-06-17 04:00:00,-0.5085305408599553
2008-06-18 04:00:00,-0.5214442529533933
2008-06-19 04:00:00,-0.5367852871123076
2008-06-20 04:00:00,-0.5556703451514532
2008-06-23 04:00:00,-0.5470766532892164
2008-06-24 04:00:00,-0.550630526638926
2008-06-25 04:00:00,-0.48642847821584895
2008-06-26 04:00:00,-0.5032437918978226
2008-06-27 04:00:00,-0.5048035523868031
2008-06-30 04:00:00,-0.5119440472198118
2008-07-01 04:00:00,-0.5136535353036144
2008-07-02 04:00:00,-0.5230371900304881
2008-07-03 04:00:00,-0.5208973661771548
2008-07-07 04:00:00,-0.5254047139161139
2008-07-08 04:00:00,-0.4622454479187177
2008-07-09 04:00:00,-0.4762198743091175
2008-07-10 04:00:00,-0.48178627227213083
2008-07-11 04:00:00,-0.38533043663287503
2008-07-14 04:00:00,-0.39310184965986456
2008-07-15 04:00:00,-0.3881976744472758
2008-07-16 04:00:00,-0.45770898802200743
2008-07-17 04:00:00,-0.4632879577141432
2008-07-18 04:00:00,-0.4672108943733302
2008-07-21 04:00:00,-0.4601757882567584
2008-07-22 04:00:00,-0.4596015004155014
2008-07-23 04:00:00,-0.4627366496251567
2008-07-24 04:00:00,-0.48388600354584493
2008-07-25 04:00:00,-0.47659641448263673
2008-07-28 04:00:00,-0.5086923085679327
2008-07-29 04:00:00,-0.5111011449034
2008-07-30 04:00:00,-0.49547526964734323
2008-07-31 04:00:00,-0.4989564842861068
2008-08-01 04:00:00,-0.495537560291882
2008-08-04 04:00:00,-0.49431709604592045
2008-08-05 04:00:00,-0.5097562830038646
2008-08-06 04:00:00,-0.5131424965900162
2008-08-07 04:00:00,-0.5348735808178752
2008-08-08 04:00:00,-0.5140174745218258
2008-08-11 04:00:00,-0.5591430899608015
2008-08-12 04:00:00,-0.5644777252368485
2008-08-13 04:00:00,-0.5611026626186526
2008-08-14 04:00:00,-0.5418984354365433
2008-08-15 04:00:00,-0.5324304570383299
2008-08-18 04:00:00,-0.5453952753298393
2008-08-19 04:00:00,-0.5296739725664121
2008-08-20 04:00:00,-0.5205482807169624
2008-08-21 04:00:00,-0.5194736265027682
2008-08-22 04:00:00,-0.5140017329430574
2008-08-25 04:00:00,-0.5372755716115271
2008-08-26 04:00:00,-0.534724813082841
2008-08-27 04:00:00,-0.5282658310703455
2008-08-28 04:00:00,-0.5337492139677151
2008-08-29 04:00:00,-0.5065669837308472
2008-09-02 04:00:00,-0.4714977241503079
2008-09-03 04:00:00,-0.47020144261408603
2008-09-04 04:00:00,-0.49628209133113743
2008-09-05 04:00:00,-0.512574612255935
2008-09-08 04:00:00,-0.4893353036378728
2008-09-09 04:00:00,-0.5057011195471279
2008-09-10 04:00:00,-0.5070493218575103
2008-09-11 04:00:00,-0.5067525611621962
2008-09-12 04:00:00,-0.49698694575316676
2008-09-15 04:00:00,-0.600378283743301
2008-09-16 04:00:00,-0.5951035759338115
2008-09-17 04:00:00,-0.5745099958541396
2008-09-18 04:00:00,-0.6036042796411977
2008-09-19 04:00:00,-0.6521395486430861
2008-09-22 04:00:00,-0.6393953573384805
2008-09-23 04:00:00,-0.6217411297837001
2008-09-24 04:00:00,-0.6189324990717298
2008-09-25 04:00:00,-0.6178610857520673
2008-09-26 04:00:00,-0.6119758550143808
2008-09-29 04:00:00,-0.6790879096139602
2008-09-30 04:00:00,-0.7047916705175844
2008-10-01 04:00:00,-0.7108265645723958
2008-10-02 04:00:00,-0.7108780035089389
2008-10-03 04:00:00,-0.712831395810546
2008-10-06 04:00:00,-0.7523659110923485
2008-10-07 04:00:00,-0.7158924227545722
2008-10-08 04:00:00,-0.6761585351647809
2008-10-09 04:00:00,-0.5743929201749962
2008-10-10 04:00:00,-0.5550318064795854
2008-10-13 04:00:00,-0.530681715442273
2008-10-14 04:00:00,-0.5245094638186243
2008-10-15 04:00:00,-0.5213488488080399
2008-10-16 04:00:00,-0.5242333221840445
2008-10-17 04:00:00,-0.5186103454189926
2008-10-20 04:00:00,-0.48344485901154
2008-10-21 04:00:00,-0.4843411028803262
2008-10-22 04:00:00,-0.502991597956176
2008-10-23 04:00:00,-0.4977553727042242
2008-10-24 04:00:00,-0.4621490001404968
2008-10-27 04:00:00,-0.4590133768878763
2008-10-28 04:00:00,-0.48732605020251624
2008-10-29 04:00:00,-0.4801863122586554
2008-10-30 04:00:00,-0.4872491617998847
2008-10-31 04:00:00,-0.4875845390633196
2008-11-03 05:00:00,-0.49025573699512814
2008-11-04 05:00:00,-0.44807446910374926
2008-11-05 05:00:00,-0.45692441497007846
2008-11-06 05:00:00,-0.43437544900765435
2008-11-07 05:00:00,-0.4435630568604344
2008-11-10 05:00:00,-0.44915295152778645
2008-11-11 05:00:00,-0.4491594957844328
2008-11-12 05:00:00,-0.45452138971459116
2008-11-13 05:00:00,-0.4856181209401468
2008-11-14 05:00:00,-0.4989454960277053
2008-11-17 05:00:00,-0.49948622843288165
2008-11-18 05:00:00,-0.48245099176688516
2008-11-19 05:00:00,-0.5043722133464866
2008-11-20 05:00:00,-0.5310778501949261
2008-11-21 05:00:00,-0.5434054263700541
2008-11-24 05:00:00,-0.5593450106628262
2008-11-25 05:00:00,-0.5342806950041629
2008-11-26 05:00:00,-0.5311146919580018
2008-11-28 05:00:00,-0.5220537176833798
2008-12-01 05:00:00,-0.5536699417490171
2008-12-02 05:00:00,-0.5507477649816223
2008-12-03 05:00:00,-0.5468962623789871
2008-12-04 05:00:00,-0.5477058985785074
2008-12-05 05:00:00,-0.5531795694565621
2008-12-08 05:00:00,-0.5554065678497746
2008-12-09 05:00:00,-0.5456678590457792
2008-12-10 05:00:00,-0.5458744397963663
2008-12-11 05:00:00,-0.5460029539434892
2008-12-12 05:00:00,-0.540982282095492
2008-12-15 05:00:00,-0.5330432034361251
2008-12-16 05:00:00,-0.49525694938626796
2008-12-17 05:00:00,-0.4943322144139334
2008-12-18 05:00:00,-0.49495590753159435
2008-12-19 05:00:00,-0.4931268263416017
2008-12-22 05:00:00,-0.4882568889917015
2008-12-23 05:00:00,-0.4634073178691781
2008-12-24 05:00:00,-0.4501947285433028
2008-12-26 05:00:00,-0.45243322428957916
2008-12-29 05:00:00,-0.45094282648150324
2008-12-30 05:00:00,-0.44471126558777346
2008-12-31 05:00:00,-0.43376573631190213
2009-01-02 05:00:00,-0.45158058573741267
2009-01-05 05:00:00,-0.454050411722473
2009-01-06 05:00:00,-0.4847314878539444
2009-01-07 05:00:00,-0.49288469884111996
2009-01-08 05:00:00,-0.486468431203184
2009-01-09 05:00:00,-0.4902246913025549
2009-01-12 05:00:00,-0.5025141203862673
2009-01-13 05:00:00,-0.4985761175727907
2009-01-14 05:00:00,-0.5081550717800336
2009-01-15 05:00:00,-0.5281379441717218
2009-01-16 05:00:00,-0.5275767179333335
2009-01-20 05:00:00,-0.5007466332808775
2009-01-21 05:00:00,-0.5208225923391752
2009-01-22 05:00:00,-0.5326298622140708
2009-01-23 05:00:00,-0.5379075178603071
2009-01-26 05:00:00,-0.5355890047795728
2009-01-27 05:00:00,-0.5224571524185028
2009-01-28 05:00:00,-0.5294791503507783
2009-01-29 05:00:00,-0.4919760930801829
2009-01-30 05:00:00,-0.48739799675608286
2009-02-02 05:00:00,-0.5113511878913622
2009-02-03 05:00:00,-0.5087769546937232
2009-02-04 05:00:00,-0.5361915111862307
2009-02-05 05:00:00,-0.5329585082931516
2009-02-06 05:00:00,-0.5327247195772273
2009-02-09 05:00:00,-0.5355776491342132
2009-02-10 05:00:00,-0.5512418577759076
2009-02-11 05:00:00,-0.5239283235206352
2009-02-12 05:00:00,-0.5098460347808589
2009-02-13 05:00:00,-0.4871821838293334
2009-02-17 05:00:00,-0.5176561015288869
2009-02-18 05:00:00,-0.4932714117998316
2009-02-19 05:00:00,-0.40669152070322717
2009-02-20 05:00:00,-0.39443693589043194
2009-02-23 05:00:00,-0.38071368068511874
2009-02-24 05:00:00,-0.39760561086543866
2009-02-25 05:00:00,-0.4026697346644779
2009-02-26 05:00:00,-0.40497825082934297
2009-02-27 05:00:00,-0.2997981128678708
2009-03-02 05:00:00,-0.3422596495151535
2009-03-03 05:00:00,-0.34970103272120245
2009-03-04 05:00:00,-0.33690601525797864
2009-03-05 05:00:00,-0.355982270700048
2009-03-06 05:00:00,-0.36320314512729773
2009-03-09 04:00:00,-0.3543685605511844
2009-03-10 04:00:00,-0.38228628140400006
2009-03-11 04:00:00,-0.3736209603799425
2009-03-12 04:00:00,-0.353742044047633
2009-03-13 04:00:00,-0.35062342836742605
2009-03-16 04:00:00,-0.43542984411229635
2009-03-17 04:00:00,-0.4378005541533154
2009-03-18 04:00:00,-0.3514679996885963
2009-03-19 04:00:00,-0.3522845010478475
2009-03-20 04:00:00,-0.3509807752317544
2009-03-23 04:00:00,-0.345699137802141
2009-03-24 04:00:00,-0.35247066055372456
2009-03-25 04:00:00,-0.3579917045753077
2009-03-26 04:00:00,-0.34067395614246176
2009-03-27 04:00:00,-0.3624542724046014
2009-03-30 04:00:00,-0.358620658172893
2009-03-31 04:00:00,-0.3311604622625597
2009-04-01 04:00:00,-0.3250989620378295
2009-04-02 04:00:00,-0.3332784571785628
2009-04-03 04:00:00,-0.33471667562689644
2009-04-06 04:00:00,-0.3336812861609474
2009-04-07 04:00:00,-0.3345122556416884
2009-04-08 04:00:00,-0.31921918775394814
2009-04-09 04:00:00,-0.33112775384161824
2009-04-13 04:00:00,-0.3124041230696517
2009-04-14 04:00:00,-0.3161334653904385
2009-04-15 04:00:00,-0.3139172815859092
2009-04-16 04:00:00,-0.3254480056990128
2009-04-17 04:00:00,-0.28516568977844553
2009-04-20 04:00:00,-0.3275172883587226
2009-04-21 04:00:00,-0.3326561755628301
2009-04-22 04:00:00,-0.3289564930850472
2009-04-23 04:00:00,-0.3488851155336338
2009-04-24 04:00:00,-0.32719210219338457
2009-04-27 04:00:00,-0.3814797152527344
2009-04-28 04:00:00,-0.378908027806447
2009-04-29 04:00:00,-0.38707636887587976
2009-04-30 04:00:00,-0.3822833392400175
2009-05-01 04:00:00,-0.38413617361278285
2009-05-04 04:00:00,-0.37335728881703906
2009-05-05 04:00:00,-0.3733363854804036
2009-05-06 04:00:00,-0.3737583040794341
2009-05-07 04:00:00,-0.30341467474674017
2009-05-08 04:00:00,-0.30303011555595954
2009-05-11 04:00:00,-0.3167529526821168
2009-05-12 04:00:00,-0.34857524381274746
2009-05-13 04:00:00,-0.30573912790670765
2009-05-14 04:00:00,-0.3066638532911692
2009-05-15 04:00:00,-0.32607431425367006
2009-05-18 04:00:00,-0.3365661304045218
2009-05-19 04:00:00,-0.31922269284713795
2009-05-20 04:00:00,-0.3296906869637428
2009-05-21 04:00:00,-0.30040904051409284
2009-05-22 04:00:00,-0.30983605983380924
2009-05-26 04:00:00,-0.33342516563195296
2009-05-27 04:00:00,-0.2654114214547674
2009-05-28 04:00:00,-0.2557680960510576
2009-05-29 04:00:00,-0.2208236547927029
2009-06-01 04:00:00,-0.17667969650786233
2009-06-02 04:00:00,-0.17976751369867672
2009-06-03 04:00:00,-0.19596887482018735
2009-06-04 04:00:00,-0.14889408329168355
2009-06-05 04:00:00,-0.14957355058385324
2009-06-08 04:00:00,-0.16985457923806438
2009-06-09 04:00:00,-0.16901652217254384
2009-06-10 04:00:00,-0.16952352008893726
2009-06-11 04:00:00,-0.16358423955642312
2009-06-12 04:00:00,-0.23800761275604998
2009-06-15 04:00:00,-0.2518171178378932
2009-06-16 04:00:00,-0.27835272218710655
2009-06-17 04:00:00,-0.2739911464669532
2009-06-18 04:00:00,-0.2616066956755026
2009-06-19 04:00:00,-0.25065194408398195
2009-06-22 04:00:00,-0.29669735913144524
2009-06-23 04:00:00,-0.2844199447875551
2009-06-24 04:00:00,-0.2824542746526605
2009-06-25 04:00:00,-0.24713022735178503
2009-06-26 04:00:00,-0.267697538235321
2009-06-29 04:00:00,-0.24827605295498018
2009-06-30 04:00:00,-0.23927342272954333
2009-07-01 04:00:00,-0.24288713010436508
2009-07-02 04:00:00,-0.24198094940070766
2009-07-06 04:00:00,-0.2522685239866803
2009-07-07 04:00:00,-0.23705676433081774
2009-07-08 04:00:00,-0.2351182780279609
2009-07-09 04:00:00,-0.227445414302175
2009-07-10 04:00:00,-0.22924336745213078
2009-07-13 04:00:00,-0.22778864146636632
2009-07-14 04:00:00,-0.22748303963827443
2009-07-15 04:00:00,-0.2289571208463016
2009-07-16 04:00:00,-0.2209349291424738
2009-07-17 04:00:00,-0.23380597940818773
2009-07-20 04:00:00,-0.22876927239726236
2009-07-21 04:00:00,-0.21005874298446894
2009-07-22 04:00:00,-0.20367230007158849
2009-07-23 04:00:00,-0.23783047127196322
2009-07-24 04:00:00,-0.22715744109850558
2009-07-27 04:00:00,-0.2272706987558131
2009-07-28 04:00:00,-0.23048121784016673
2009-07-29 04:00:00,-0.2554625476612115
2009-07-30 04:00:00,-0.23996427486142732
2009-07-31 04:00:00,-0.23536795180372702
2009-08-03 04:00:00,-0.2960467817624711
2009-08-04 04:00:00,-0.30764368248491525
2009-08-05 04:00:00,-0.27807054176921886
2009-08-06 04:00:00,-0.2785319217968271
2009-08-07 04:00:00,-0.26458365964326364
2009-08-10 04:00:00,-0.2717636078363182
2009-08-11 04:00:00,-0.2856812821742272
2009-08-12 04:00:00,-0.26562454344883857
2009-08-13 04:00:00,-0.2558967679048838
2009-08-14 04:00:00,-0.2514063859897353
2009-08-17 04:00:00,-0.3320263763726713
2009-08-18 04:00:00,-0.34167524349622297
2009-08-19 04:00:00,-0.30944614091247813
2009-08-20 04:00:00,-0.3536691090671972
2009-08-21 04:00:00,-0.4024418459481376
2009-08-24 04:00:00,-0.46278683441912954
2009-08-25 04:00:00,-0.41975162179240927
2009-08-26 04:00:00,-0.4201099837313241
2009-08-27 04:00:00,-0.4122585947809176
2009-08-28 04:00:00,-0.40537545694279736
2009-08-31 04:00:00,-0.40569608700160925
2009-09-01 04:00:00,-0.3851138819313219
2009-09-02 04:00:00,-0.38784602942216
2009-09-03 04:00:00,-0.4075668439039771
2009-09-04 04:00:00,-0.429163146087727
2009-09-08 04:00:00,-0.4359290745802887
2009-09-09 04:00:00,-0.4297592784794687
2009-09-10 04:00:00,-0.384127032681678
2009-09-11 04:00:00,-0.3890328983119503
2009-09-14 04:00:00,-0.38634538761660364
2009-09-15 04:00:00,-0.3928424359603702
2009-09-16 04:00:00,-0.37855613701982294
2009-09-17 04:00:00,-0.381559997301677
2009-09-18 04:00:00,-0.37157476174747883
2009-09-21 04:00:00,-0.437087682791102
2009-09-22 04:00:00,-0.436011979089785
2009-09-23 04:00:00,-0.4383064743852053
2009-09-24 04:00:00,-0.44374170484749675
2009-09-25 04:00:00,-0.4498713659242471
2009-09-28 04:00:00,-0.4472499536669587
2009-09-29 04:00:00,-0.4461233517956227
2009-09-30 04:00:00,-0.4426738503763191
2009-10-01 04:00:00,-0.462496257311155
2009-10-02 04:00:00,-0.45711505397564783
2009-10-05 04:00:00,-0.45020945444120153
2009-10-06 04:00:00,-0.45726215483852267
2009-10-07 04:00:00,-0.4560210963992785
2009-10-08 04:00:00,-0.3964632973689196
2009-10-09 04:00:00,-0.3904310627592006
2009-10-12 04:00:00,-0.3779402646405482
2009-10-13 04:00:00,-0.38818559978700573
2009-10-14 04:00:00,-0.42898306311579026
2009-10-15 04:00:00,-0.4362838670810925
2009-10-16 04:00:00,-0.406623958271694
2009-10-19 04:00:00,-0.3984563821028893
2009-10-20 04:00:00,-0.40419857626895617
2009-10-21 04:00:00,-0.38027752073665205
2009-10-22 04:00:00,-0.38308523760652796
2009-10-23 04:00:00,-0.38429966284691175
2009-10-26 04:00:00,-0.3576402115556681
2009-10-27 04:00:00,-0.33862063581412255
2009-10-28 04:00:00,-0.3407454273532251
2009-10-29 04:00:00,-0.3821831209289467
2009-10-30 04:00:00,-0.41349603503931665
2009-11-02 05:00:00,-0.40640843290205897
2009-11-03 05:00:00,-0.4062646210666264
2009-11-04 05:00:00,-0.39179148010131865
2009-11-05 05:00:00,-0.3749042272398097
2009-11-06 05:00:00,-0.3967184851809261
2009-11-09 05:00:00,-0.37913231896090277
2009-11-10 05:00:00,-0.3407906406733274
2009-11-11 05:00:00,-0.333963320889818
2009-11-12 05:00:00,-0.33989428408164885
2009-11-13 05:00:00,-0.3520978644272509
2009-11-16 05:00:00,-0.2751177744276559
2009-11-17 05:00:00,-0.27935551939190223
2009-11-18 05:00:00,-0.27743989308754835
2009-11-19 05:00:00,-0.2775943667273835
2009-11-20 05:00:00,-0.27673115443177027
2009-11-23 05:00:00,-0.27624399133945754
2009-11-24 05:00:00,-0.2751412584258016
2009-11-25 05:00:00,-0.29553615104605013
2009-11-27 05:00:00,-0.29310702198062455
2009-11-30 05:00:00,-0.2867177137510616
2009-12-01 05:00:00,-0.2759763423121715
2009-12-02 05:00:00,-0.26899904342999853
2009-12-03 05:00:00,-0.24451111413079743
2009-12-04 05:00:00,-0.29495041051722604
2009-12-07 05:00:00,-0.29541065222323437
2009-12-08 05:00:00,-0.2928593233117766
2009-12-09 05:00:00,-0.2923808097137076
2009-12-10 05:00:00,-0.3083424553805356
2009-12-11 05:00:00,-0.3091675920103266
2009-12-14 05:00:00,-0.30930987822896755
2009-12-15 05:00:00,-0.30232345107110903
2009-12-16 05:00:00,-0.3059706223978455
2009-12-17 05:00:00,-0.3288814478629375
2009-12-18 05:00:00,-0.3274913934287999
2009-12-21 05:00:00,-0.3351480401827837
2009-12-22 05:00:00,-0.3807266520364229
2009-12-23 05:00:00,-0.38053800175794317
2009-12-24 05:00:00,-0.3830262005514273
2009-12-28 05:00:00,-0.3322596842739316
2009-12-29 05:00:00,-0.34412799131383
2009-12-30 05:00:00,-0.35432261587052566
2009-12-31 05:00:00,-0.326242832425534
2010-01-04 05:00:00,-0.3293874375431884
2010-01-05 05:00:00,-0.3163130440142303
2010-01-06 05:00:00,-0.3060268786601026
2010-01-07 05:00:00,-0.3056844759695828
2010-01-08 05:00:00,-0.3026826949181448
2010-01-11 05:00:00,-0.2644546987419359
2010-01-12 05:00:00,-0.2895395681507448
2010-01-13 05:00:00,-0.2901417067475522
2010-01-14 05:00:00,-0.29407795186341373
2010-01-15 05:00:00,-0.3011192730922032
2010-01-19 05:00:00,-0.3180747662158237
2010-01-20 05:00:00,-0.3304635151946422
2010-01-21 05:00:00,-0.3645780329621437
2010-01-22 05:00:00,-0.38447258225257125
2010-01-25 05:00:00,-0.383194453333398
2010-01-26 05:00:00,-0.3741278369034852
2010-01-27 05:00:00,-0.34288475874798
2010-01-28 05:00:00,-0.26346237553658
2010-01-29 05:00:00,-0.27905864071591546
2010-02-01 05:00:00,-0.3009150190739043
2010-02-02 05:00:00,-0.2881697809598851
2010-02-03 05:00:00,-0.27414617816379355
2010-02-04 05:00:00,-0.3541800630535015
2010-02-05 05:00:00,-0.37639356733411944
2010-02-08 05:00:00,-0.376772312966942
2010-02-09 05:00:00,-0.4024949932440389
2010-02-10 05:00:00,-0.40097747498781755
2010-02-11 05:00:00,-0.416392395135371
2010-02-12 05:00:00,-0.476386971537122
2010-02-16 05:00:00,-0.45992181193087023
2010-02-17 05:00:00,-0.46543915799969754
2010-02-18 05:00:00,-0.4673135136690598
2010-02-19 05:00:00,-0.4621347848842918
2010-02-22 05:00:00,-0.4668361822742395
2010-02-23 05:00:00,-0.4936962966700564
2010-02-24 05:00:00,-0.4893636058647775
2010-02-25 05:00:00,-0.485821851646079
2010-02-26 05:00:00,-0.48634488054602437
2010-03-01 05:00:00,-0.4659395672119392
2010-03-02 05:00:00,-0.46599964049040343
2010-03-03 05:00:00,-0.49457703737551606
2010-03-04 05:00:00,-0.4844696886844444
2010-03-05 05:00:00,-0.5048865636885209
2010-03-08 05:00:00,-0.5044502113638122
2010-03-09 05:00:00,-0.5030492959553711
2010-03-10 05:00:00,-0.5012119261371062
2010-03-11 05:00:00,-0.4970994259404812
2010-03-12 05:00:00,-0.49905991078124273
2010-03-15 04:00:00,-0.5070862883280179
2010-03-16 04:00:00,-0.4866750935732443
2010-03-17 04:00:00,-0.45422663956439874
2010-03-18 04:00:00,-0.4496060104905797
2010-03-19 04:00:00,-0.43357510457447024
2010-03-22 04:00:00,-0.43019878705870784
2010-03-23 04:00:00,-0.43478800833247655
2010-03-24 04:00:00,-0.38199237429799365
2010-03-25 04:00:00,-0.37511855432348373
2010-03-26 04:00:00,-0.37471055754896004
2010-03-29 04:00:00,-0.37873222122062256
2010-03-30 04:00:00,-0.3961560278941561
2010-03-31 04:00:00,-0.4071792012026849
2010-04-01 04:00:00,-0.41513837811179727
2010-04-05 04:00:00,-0.4377640414214948
2010-04-06 04:00:00,-0.4390945595974121
2010-04-07 04:00:00,-0.44706510455687287
2010-04-08 04:00:00,-0.4475526872861067
2010-04-09 04:00:00,-0.4224204922964081
2010-04-12 04:00:00,-0.4080816414582713
2010-04-13 04:00:00,-0.42833662915168635
2010-04-14 04:00:00,-0.4284324694377165
2010-04-15 04:00:00,-0.42647680121814113
2010-04-16 04:00:00,-0.42578004969297845
2010-04-19 04:00:00,-0.4206279525251821
2010-04-20 04:00:00,-0.45037681748153385
2010-04-21 04:00:00,-0.4508370764462455
2010-04-22 04:00:00,-0.4527646549160005
2010-04-23 04:00:00,-0.455603409400479
2010-04-26 04:00:00,-0.46899125416412585
2010-04-27 04:00:00,-0.5019722851343589
2010-04-28 04:00:00,-0.49058288814746753
2010-04-29 04:00:00,-0.4849497484286436
2010-04-30 04:00:00,-0.5492297248964337
2010-05-03 04:00:00,-0.486605767934012
2010-05-04 04:00:00,-0.5519384617070624
2010-05-05 04:00:00,-0.5607963333016576
2010-05-06 04:00:00,-0.6531104422040676
2010-05-07 04:00:00,-0.5908361032576838
2010-05-10 04:00:00,-0.6433670011588994
2010-05-11 04:00:00,-0.6388831653119663
2010-05-12 04:00:00,-0.6583719973288337
2010-05-13 04:00:00,-0.6652032212398932
2010-05-14 04:00:00,-0.6813309044184522
2010-05-17 04:00:00,-0.6820221880087074
2010-05-18 04:00:00,-0.6942006248835805
2010-05-19 04:00:00,-0.6863628972178457
2010-05-20 04:00:00,-0.7209052541010259
2010-05-21 04:00:00,-0.7137646340107686
2010-05-24 04:00:00,-0.6981845648161754
2010-05-25 04:00:00,-0.6982385187098129
2010-05-26 04:00:00,-0.6919104480110503
2010-05-27 04:00:00,-0.7254570095841903
2010-05-28 04:00:00,-0.7283907165126515
2010-06-01 04:00:00,-0.7225636005712177
2010-06-02 04:00:00,-0.7309479487942746
2010-06-03 04:00:00,-0.7297102244271692
2010-06-04 04:00:00,-0.7563116732136852
2010-06-07 04:00:00,-0.7602726300311552
2010-06-08 04:00:00,-0.76428164059314
2010-06-09 04:00:00,-0.7621419412979127
2010-06-10 04:00:00,-0.7881316434897265
2010-06-11 04:00:00,-0.7763843951599024
2010-06-14 04:00:00,-0.7745603091030341
2010-06-15 04:00:00,-0.7711349585639274
2010-06-16 04:00:00,-0.7707777444686754
2010-06-17 04:00:00,-0.7653362420610879
2010-06-18 04:00:00,-0.7984199852658742
2010-06-21 04:00:00,-0.8009555892405203
2010-06-22 04:00:00,-0.804349261746385
2010-06-23 04:00:00,-0.8030524277981518
2010-06-24 04:00:00,-0.7797932837482272
2010-06-25 04:00:00,-0.778004583711633
2010-06-28 04:00:00,-0.7752927439595724
2010-06-29 04:00:00,-0.7796119758579722
2010-06-30 04:00:00,-0.7803920089987239
2010-07-01 04:00:00,-0.7831866839117
2010-07-02 04:00:00,-0.7724439815923657
2010-07-06 04:00:00,-0.7648971799844929
2010-07-07 04:00:00,-0.7745637037053005
2010-07-08 04:00:00,-0.7771657714394988
2010-07-09 04:00:00,-0.7759442484566987
2010-07-12 04:00:00,-0.7760013169902894
2010-07-13 04:00:00,-0.7788742398646692
2010-07-14 04:00:00,-0.7734903218953256
2010-07-15 04:00:00,-0.7726869685153576
2010-07-16 04:00:00,-0.7657608121816628
2010-07-19 04:00:00,-0.7662233086404865
2010-07-20 04:00:00,-0.7620274735440343
2010-07-21 04:00:00,-0.762652922789047
2010-07-22 04:00:00,-0.7640370602776548
2010-07-23 04:00:00,-0.7638624653210659
2010-07-26 04:00:00,-0.7713335140745035
2010-07-27 04:00:00,-0.7618491275482915
2010-07-28 04:00:00,-0.7632525801298612
2010-07-29 04:00:00,-0.753831670311218
2010-07-30 04:00:00,-0.7410562638381083
2010-08-02 04:00:00,-0.7286421021342019
2010-08-03 04:00:00,-0.7659989264658594
2010-08-04 04:00:00,-0.7432300286713888
2010-08-05 04:00:00,-0.7448982660938248
2010-08-06 04:00:00,-0.7387136998981172
2010-08-09 04:00:00,-0.7380617887676888
2010-08-10 04:00:00,-0.729985384623759
2010-08-11 04:00:00,-0.7397206410493042
2010-08-12 04:00:00,-0.7320092460635957
2010-08-13 04:00:00,-0.7262638978045742
2010-08-16 04:00:00,-0.6660871761294492
2010-08-17 04:00:00,-0.6747466912723559
2010-08-18 04:00:00,-0.6881966907211186
2010-08-19 04:00:00,-0.6984216753015763
2010-08-20 04:00:00,-0.7020572493280062
2010-08-23 04:00:00,-0.6685008665088156
2010-08-24 04:00:00,-0.676973872779278
2010-08-25 04:00:00,-0.676754780016481
2010-08-26 04:00:00,-0.6684080300022963
2010-08-27 04:00:00,-0.6705449628079003
2010-08-30 04:00:00,-0.6404270053473082
2010-08-31 04:00:00,-0.6329223543255222
2010-09-01 04:00:00,-0.6604165390062068
2010-09-02 04:00:00,-0.6669554557736567
2010-09-03 04:00:00,-0.6505083966585595
2010-09-07 04:00:00,-0.6693812728737699
2010-09-08 04:00:00,-0.6752374073480496
2010-09-09 04:00:00,-0.6686950304013505
2010-09-10 04:00:00,-0.6705731374398513
2010-09-13 04:00:00,-0.6639201308463812
2010-09-14 04:00:00,-0.661468765268661
2010-09-15 04:00:00,-0.6589112061662238
2010-09-16 04:00:00,-0.645464346260642
2010-09-17 04:00:00,-0.6443744902650497
2010-09-20 04:00:00,-0.6543470402589961
2010-09-21 04:00:00,-0.6535515327678572
2010-09-22 04:00:00,-0.6547200374782627
2010-09-23 04:00:00,-0.6576332624470684
2010-09-24 04:00:00,-0.6667085532487115
2010-09-27 04:00:00,-0.6678771483501083
2010-09-28 04:00:00,-0.6793032487269159
2010-09-29 04:00:00,-0.6826782707338727
2010-09-30 04:00:00,-0.6782248320278212
2010-10-01 04:00:00,-0.6758855822902653
2010-10-04 04:00:00,-0.672057584361935
2010-10-05 04:00:00,-0.6716841800551839
2010-10-06 04:00:00,-0.6625550947360219
2010-10-07 04:00:00,-0.6573573224660111
2010-10-08 04:00:00,-0.6610044653735401
2010-10-11 04:00:00,-0.6865922536084577
2010-10-12 04:00:00,-0.6824454585269397
2010-10-13 04:00:00,-0.6881791409008893
2010-10-14 04:00:00,-0.652010459028706
2010-10-15 04:00:00,-0.6393159648558392
2010-10-18 04:00:00,-0.6274471693515837
2010-10-19 04:00:00,-0.6289450951912038
2010-10-20 04:00:00,-0.6289235104969884
2010-10-21 04:00:00,-0.624677273742687
2010-10-22 04:00:00,-0.625382259212966
2010-10-25 04:00:00,-0.6306215307163291
2010-10-26 04:00:00,-0.6032908238361891
2010-10-27 04:00:00,-0.5915426742393384
2010-10-28 04:00:00,-0.588671974530616
2010-10-29 04:00:00,-0.5852960602902846
2010-11-01 04:00:00,-0.5812138401882094
2010-11-02 04:00:00,-0.5569684175644776
2010-11-03 04:00:00,-0.5509935034771083
2010-11-04 04:00:00,-0.498750067094467
2010-11-05 04:00:00,-0.501086125055067
2010-11-08 05:00:00,-0.49845649565017525
2010-11-09 05:00:00,-0.45716644569509196
2010-11-10 05:00:00,-0.4538609146136085
2010-11-11 05:00:00,-0.4532256665861186
2010-11-12 05:00:00,-0.40430192074576543
2010-11-15 05:00:00,-0.38383700628493084
2010-11-16 05:00:00,-0.4283393212528997
2010-11-17 05:00:00,-0.39961908735365
2010-11-18 05:00:00,-0.3797213921703484
2010-11-19 05:00:00,-0.3675336949081202
2010-11-22 05:00:00,-0.33182934578911516
2010-11-23 05:00:00,-0.29802969264307755
2010-11-24 05:00:00,-0.32176593782477025
2010-11-26 05:00:00,-0.2870208493285678
2010-11-29 05:00:00,-0.27239766844904895
2010-11-30 05:00:00,-0.25944391536868205
2010-12-01 05:00:00,-0.2796004075942497
2010-12-02 05:00:00,-0.27334189716786966
2010-12-03 05:00:00,-0.27088303281928716
2010-12-06 05:00:00,-0.27256256451359323
2010-12-07 05:00:00,-0.2745553251498153
2010-12-08 05:00:00,-0.2742375052148511
2010-12-09 05:00:00,-0.26867945430196466
2010-12-10 05:00:00,-0.27626112968373884
2010-12-13 05:00:00,-0.27601582544897113
2010-12-14 05:00:00,-0.29717133497203757
2010-12-15 05:00:00,-0.27492795791422164
2010-12-16 05:00:00,-0.2554462530725044
2010-12-17 05:00:00,-0.24542197010336306
2010-12-20 05:00:00,-0.2149029155600907
2010-12-21 05:00:00,-0.18612542751400574
2010-12-22 05:00:00,-0.1917478203190347
2010-12-23 05:00:00,-0.1933912861438365
2010-12-27 05:00:00,-0.19415240711343024
2010-12-28 05:00:00,-0.18771819404501502
2010-12-29 05:00:00,-0.18152870090103598
2010-12-30 05:00:00,-0.17550104680284012
2010-12-31 05:00:00,-0.17461590319244374
2011-01-03 05:00:00,-0.1875066287468853
2011-01-04 05:00:00,-0.18677954288069995
2011-01-05 05:00:00,-0.19643187131875284
2011-01-06 05:00:00,-0.19842489553733259
2011-01-07 05:00:00,-0.2038287581227956
2011-01-10 05:00:00,-0.22511989443879857
2011-01-11 05:00:00,-0.22697596987455715
2011-01-12 05:00:00,-0.24302445072726914
2011-01-13 05:00:00,-0.2346759374996521
2011-01-14 05:00:00,-0.24832776807978718
2011-01-18 05:00:00,-0.24870267742000882
2011-01-19 05:00:00,-0.2643592045928414
2011-01-20 05:00:00,-0.25615929799125203
2011-01-21 05:00:00,-0.259917651824009
2011-01-24 05:00:00,-0.26655590316513245
2011-01-25 05:00:00,-0.2660832967716776
2011-01-26 05:00:00,-0.269336856266377
2011-01-27 05:00:00,-0.2687331897836852
2011-01-28 05:00:00,-0.30207577659300666
2011-01-31 05:00:00,-0.3044861096062215
2011-02-01 05:00:00,-0.3569672991649947
2011-02-02 05:00:00,-0.35530977259292407
2011-02-03 05:00:00,-0.3532033655252493
2011-02-04 05:00:00,-0.4090109882392419
2011-02-07 05:00:00,-0.40155337841671507
2011-02-08 05:00:00,-0.40559815807557126
2011-02-09 05:00:00,-0.4366459962845683
2011-02-10 05:00:00,-0.4579077724189199
2011-02-11 05:00:00,-0.3703752415000941
2011-02-14 05:00:00,-0.3728631676970313
2011-02-15 05:00:00,-0.40656974465862616
2011-02-16 05:00:00,-0.41076739004056856
2011-02-17 05:00:00,-0.40750915860407577
2011-02-18 05:00:00,-0.40584053005068976
2011-02-22 05:00:00,-0.4143401625354616
2011-02-23 05:00:00,-0.38798501147451414
2011-02-24 05:00:00,-0.3969294497323839
2011-02-25 05:00:00,-0.3663685827364094
2011-02-28 05:00:00,-0.2838225056848394
2011-03-01 05:00:00,-0.2808840368415687
2011-03-02 05:00:00,-0.27744660151052086
2011-03-03 05:00:00,-0.29657588912298566
2011-03-04 05:00:00,-0.3295739975743409
2011-03-07 05:00:00,-0.3049106863817344
2011-03-08 05:00:00,-0.3176590463688006
2011-03-09 05:00:00,-0.31636702494523955
2011-03-10 05:00:00,-0.370306086299736
2011-03-11 05:00:00,-0.38318272047534546
2011-03-14 04:00:00,-0.4062013459787174
2011-03-15 04:00:00,-0.44377443562497704
2011-03-16 04:00:00,-0.48158552870593263
2011-03-17 04:00:00,-0.49126976528156047
2011-03-18 04:00:00,-0.5024053493215893
2011-03-21 04:00:00,-0.5054906537995737
2011-03-22 04:00:00,-0.5083898433749441
2011-03-23 04:00:00,-0.5123111746712271
2011-03-24 04:00:00,-0.538384266445717
2011-03-25 04:00:00,-0.5564793135717946
2011-03-28 04:00:00,-0.5575946121777186
2011-03-29 04:00:00,-0.5689751047420553
2011-03-30 04:00:00,-0.5428294311906166
2011-03-31 04:00:00,-0.5409977627104212
2011-04-01 04:00:00,-0.5454428593715037
2011-04-04 04:00:00,-0.5442019780780168
2011-04-05 04:00:00,-0.5403873281809624
2011-04-06 04:00:00,-0.532046609842522
2011-04-07 04:00:00,-0.5282863779610709
2011-04-08 04:00:00,-0.5119186949496269
2011-04-11 04:00:00,-0.5126119033131159
2011-04-12 04:00:00,-0.5175201598268839
2011-04-13 04:00:00,-0.5157002565083751
2011-04-14 04:00:00,-0.5071737348996543
2011-04-15 04:00:00,-0.5047585678876633
2011-04-18 04:00:00,-0.5085093527002078
2011-04-19 04:00:00,-0.5021038043897365
2011-04-20 04:00:00,-0.5170506107329749
2011-04-21 04:00:00,-0.5223475549855146
2011-04-25 04:00:00,-0.5262056840632
2011-04-26 04:00:00,-0.4966144907235154
2011-04-27 04:00:00,-0.49560118602634057
2011-04-28 04:00:00,-0.4812090936130449
2011-04-29 04:00:00,-0.4805784443222995
2011-05-02 04:00:00,-0.4829506540787426
2011-05-03 04:00:00,-0.48839660870227425
2011-05-04 04:00:00,-0.5005229333711727
2011-05-05 04:00:00,-0.5082927667900099
2011-05-06 04:00:00,-0.510594888458212
2011-05-09 04:00:00,-0.5250995932579064
2011-05-10 04:00:00,-0.57256463853211
2011-05-11 04:00:00,-0.5763966203110762
2011-05-12 04:00:00,-0.5778650042840926
2011-05-13 04:00:00,-0.5822474755906348
2011-05-16 04:00:00,-0.5862211088863136
2011-05-17 04:00:00,-0.578823698273644
2011-05-18 04:00:00,-0.5587948426781076
2011-05-19 04:00:00,-0.5579935074221954
2011-05-20 04:00:00,-0.552465011453207
2011-05-23 04:00:00,-0.5796734290957755
2011-05-24 04:00:00,-0.5833363384835093
2011-05-25 04:00:00,-0.5982790255043618
2011-05-26 04:00:00,-0.5978498134245357
2011-05-27 04:00:00,-0.5762237178805786
2011-05-31 04:00:00,-0.5558348721443452
2011-06-01 04:00:00,-0.6158595420939392
2011-06-02 04:00:00,-0.5614246379855609
2011-06-03 04:00:00,-0.5677934470512175
2011-06-06 04:00:00,-0.4862605423821216
2011-06-07 04:00:00,-0.47846400852856946
2011-06-08 04:00:00,-0.48761821084005164
2011-06-09 04:00:00,-0.46794088029203407
2011-06-10 04:00:00,-0.45119895014604905
2011-06-13 04:00:00,-0.43015437122342054
2011-06-14 04:00:00,-0.4687966351452295
2011-06-15 04:00:00,-0.5079047655035837
2011-06-16 04:00:00,-0.5026294174930861
2011-06-17 04:00:00,-0.5039828279464305
2011-06-20 04:00:00,-0.48858324644227724
2011-06-21 04:00:00,-0.49313821612916015
2011-06-22 04:00:00,-0.4900486682090551
2011-06-23 04:00:00,-0.4822824873077184
2011-06-24 04:00:00,-0.47594230888835665
2011-06-27 04:00:00,-0.4963014073994531
2011-06-28 04:00:00,-0.5194566469491492
2011-06-29 04:00:00,-0.5279480858036075
2011-06-30 04:00:00,-0.5282019945933126
2011-07-01 04:00:00,-0.5285433874329395
2011-07-05 04:00:00,-0.5318814817709371
2011-07-06 04:00:00,-0.5396187352635899
2011-07-07 04:00:00,-0.5433175346829079
2011-07-08 04:00:00,-0.5433192003931467
2011-07-11 04:00:00,-0.5737421468022874
2011-07-12 04:00:00,-0.5745762050197075
2011-07-13 04:00:00,-0.5973329183249945
2011-07-14 04:00:00,-0.5527992706558785
2011-07-15 04:00:00,-0.5573439381473945
2011-07-18 04:00:00,-0.5146472289866592
2011-07-19 04:00:00,-0.3976064636202888
2011-07-20 04:00:00,-0.38790922763634056
2011-07-21 04:00:00,-0.42723393017653966
2011-07-22 04:00:00,-0.4155715746329633
2011-07-25 04:00:00,-0.4014590228626495
2011-07-26 04:00:00,-0.40618278656097057
2011-07-27 04:00:00,-0.3874859710594762
2011-07-28 04:00:00,-0.38662347860944635
2011-07-29 04:00:00,-0.39160961042778575
2011-08-01 04:00:00,-0.38510634538327004
2011-08-02 04:00:00,-0.46204740189564947
2011-08-03 04:00:00,-0.45869622622269923
2011-08-04 04:00:00,-0.5680445833781451
2011-08-05 04:00:00,-0.5308325816838418
2011-08-08 04:00:00,-0.5956235371867435
2011-08-09 04:00:00,-0.5353723359164594
2011-08-10 04:00:00,-0.5798420197935586
2011-08-11 04:00:00,-0.6494109505742951
2011-08-12 04:00:00,-0.6251329691288453
2011-08-15 04:00:00,-0.6308367980778566
2011-08-16 04:00:00,-0.6326104410225627
2011-08-17 04:00:00,-0.6243695296041942
2011-08-18 04:00:00,-0.6364933952208626
2011-08-19 04:00:00,-0.6366413909564432
2011-08-22 04:00:00,-0.6411713558645282
2011-08-23 04:00:00,-0.6501388045792709
2011-08-24 04:00:00,-0.6550444726559828
2011-08-25 04:00:00,-0.6531031065926576
2011-08-26 04:00:00,-0.6499761280956159
2011-08-29 04:00:00,-0.6578812885740063
2011-08-30 04:00:00,-0.6594796351664839
2011-08-31 04:00:00,-0.656986606915025
2011-09-01 04:00:00,-0.6575022082956299
2011-09-02 04:00:00,-0.6678783489937571
2011-09-06 04:00:00,-0.6681635355165975
2011-09-07 04:00:00,-0.6798279129958024
2011-09-08 04:00:00,-0.6776443153931729
2011-09-09 04:00:00,-0.6731693358337534
2011-09-12 04:00:00,-0.6735251006339993
2011-09-13 04:00:00,-0.6747013200871403
2011-09-14 04:00:00,-0.6665783524891234
2011-09-15 04:00:00,-0.6706024084612067
2011-09-16 04:00:00,-0.6690316719268518
2011-09-19 04:00:00,-0.6699865190486793
2011-09-20 04:00:00,-0.6768240660147141
2011-09-21 04:00:00,-0.6885613910799542
2011-09-22 04:00:00,-0.699733130787095
2011-09-23 04:00:00,-0.6954612232311811
2011-09-26 04:00:00,-0.7020967567916822
2011-09-27 04:00:00,-0.704215791442657
2011-09-28 04:00:00,-0.6956725950400403
2011-09-29 04:00:00,-0.6931690975826065
2011-09-30 04:00:00,-0.6985545411411604
2011-10-03 04:00:00,-0.706355895419638
2011-10-04 04:00:00,-0.70949648532071
2011-10-05 04:00:00,-0.7118602793114718
2011-10-06 04:00:00,-0.7168089640388621
2011-10-07 04:00:00,-0.722008076907407
2011-10-10 04:00:00,-0.7269022962953204
2011-10-11 04:00:00,-0.7341728602535548
2011-10-12 04:00:00,-0.7562645019193571
2011-10-13 04:00:00,-0.7594780045750341
2011-10-14 04:00:00,-0.7609695016958554
2011-10-17 04:00:00,-0.7640786251084676
2011-10-18 04:00:00,-0.7715600896496285
2011-10-19 04:00:00,-0.7681444197337065
2011-10-20 04:00:00,-0.775589661422535
2011-10-21 04:00:00,-0.7779257989063618
2011-10-24 04:00:00,-0.7780342985244237
2011-10-25 04:00:00,-0.78099769830968
2011-10-26 04:00:00,-0.7748831214021676
2011-10-27 04:00:00,-0.7848745535635909
2011-10-28 04:00:00,-0.7700204408247895
2011-10-31 04:00:00,-0.794481768804021
2011-11-01 04:00:00,-0.8008807228020918
2011-11-02 04:00:00,-0.8371238625422884
2011-11-03 04:00:00,-0.8343720627029709
2011-11-04 04:00:00,-0.8164611793613361
2011-11-07 05:00:00,-0.827128022118325
2011-11-08 05:00:00,-0.8270632212911114
2011-11-09 05:00:00,-0.8267705291659986
2011-11-10 05:00:00,-0.8317436957711789
2011-11-11 05:00:00,-0.8349220149437633
2011-11-14 05:00:00,-0.8374308394026007
2011-11-15 05:00:00,-0.8381070035312391
2011-11-16 05:00:00,-0.8382262064547463
2011-11-17 05:00:00,-0.8411335135626379
2011-11-18 05:00:00,-0.8404332268745983
2011-11-21 05:00:00,-0.8475458553716656
2011-11-22 05:00:00,-0.8462275936518687
2011-11-23 05:00:00,-0.8506043602684511
2011-11-25 05:00:00,-0.8456685638872882
2011-11-28 05:00:00,-0.8319482024465681
2011-11-29 05:00:00,-0.8243650755566306
2011-11-30 05:00:00,-0.821138354299561
2011-12-01 05:00:00,-0.8144148558126031
2011-12-02 05:00:00,-0.8103765798771384
2011-12-05 05:00:00,-0.812793876240092
2011-12-06 05:00:00,-0.8096415906447836
2011-12-07 05:00:00,-0.8095528372127292
2011-12-08 05:00:00,-0.820626711928077
2011-12-09 05:00:00,-0.8200614452533632
2011-12-12 05:00:00,-0.8248221387122618
2011-12-13 05:00:00,-0.8258482002631671
2011-12-14 05:00:00,-0.8261031905797636
2011-12-15 05:00:00,-0.8168084350263974
2011-12-16 05:00:00,-0.7996479305465627
2011-12-19 05:00:00,-0.8072603095587488
2011-12-20 05:00:00,-0.8119890768450556
2011-12-21 05:00:00,-0.8059563923393033
2011-12-22 05:00:00,-0.8146733183175325
2011-12-23 05:00:00,-0.8196637681579394
2011-12-27 05:00:00,-0.811110793256045
2011-12-28 05:00:00,-0.8026891506857979
2011-12-29 05:00:00,-0.7969812597049986
2011-12-30 05:00:00,-0.796913952998791
2012-01-03 05:00:00,-0.7959597483614251
2012-01-04 05:00:00,-0.7993974971550574
2012-01-05 05:00:00,-0.7990280352782806
2012-01-06 05:00:00,-0.7995715770684774
2012-01-09 05:00:00,-0.8002286577731512
2012-01-10 05:00:00,-0.8007943732712827
2012-01-11 05:00:00,-0.7925254077211527
2012-01-12 05:00:00,-0.787090440255645
2012-01-13 05:00:00,-0.788639894595779
2012-01-17 05:00:00,-0.7937497583076086
2012-01-18 05:00:00,-0.7958576078485757
2012-01-19 05:00:00,-0.7899284241432939
2012-01-20 05:00:00,-0.7917044295450625
2012-01-23 05:00:00,-0.7794433909219177
2012-01-24 05:00:00,-0.7797707275387805
2012-01-25 05:00:00,-0.7554644826936944
2012-01-26 05:00:00,-0.7579606685397177
2012-01-27 05:00:00,-0.7457019321859025
2012-01-30 05:00:00,-0.7189967595419907
2012-01-31 05:00:00,-0.7082397008589917
2012-02-01 05:00:00,-0.7012790501648136
2012-02-02 05:00:00,-0.7026351588793883
2012-02-03 05:00:00,-0.7131951067105565
2012-02-06 05:00:00,-0.7057866719794549
2012-02-07 05:00:00,-0.6793638433194784
2012-02-08 05:00:00,-0.6770088975392022
2012-02-09 05:00:00,-0.6740494077012942
2012-02-10 05:00:00,-0.6719217710101608
2012-02-13 05:00:00,-0.6691988731730163
2012-02-14 05:00:00,-0.665009888135946
2012-02-15 05:00:00,-0.6584725180832479
2012-02-16 05:00:00,-0.6624001962404262
2012-02-17 05:00:00,-0.6664848558675284
2012-02-21 05:00:00,-0.6554499867085581
2012-02-22 05:00:00,-0.6539452157091231
2012-02-23 05:00:00,-0.674854584645215
2012-02-24 05:00:00,-0.7136968488574237
2012-02-27 05:00:00,-0.7132934952440426
2012-02-28 05:00:00,-0.7338669053307552
2012-02-29 05:00:00,-0.7254159271880501
2012-03-01 05:00:00,-0.7303043633139072
2012-03-02 05:00:00,-0.7365761866127192
2012-03-05 05:00:00,-0.7287818610733073
2012-03-06 05:00:00,-0.7379485110249931
2012-03-07 05:00:00,-0.7421186953132654
2012-03-08 05:00:00,-0.7290677862905393
2012-03-09 05:00:00,-0.7229796298656755
2012-03-12 04:00:00,-0.717751543382024
2012-03-13 04:00:00,-0.7180037017817602
2012-03-14 04:00:00,-0.6639547711456972
2012-03-15 04:00:00,-0.6665314471343391
2012-03-16 04:00:00,-0.6530293503652279
2012-03-19 04:00:00,-0.6056778351196442
2012-03-20 04:00:00,-0.6181060867995875
2012-03-21 04:00:00,-0.6383491899778058
2012-03-22 04:00:00,-0.6288507151300252
2012-03-23 04:00:00,-0.6187696542941084
2012-03-26 04:00:00,-0.5805460420698549
2012-03-27 04:00:00,-0.6021484929479898
2012-03-28 04:00:00,-0.5935727228404424
2012-03-29 04:00:00,-0.5750430091966517
2012-03-30 04:00:00,-0.5792725962482427
2012-04-02 04:00:00,-0.5620340166560541
2012-04-03 04:00:00,-0.5091395656588542
2012-04-04 04:00:00,-0.5320068411012113
2012-04-05 04:00:00,-0.5374803274336273
2012-04-09 04:00:00,-0.5794748828469487
2012-04-10 04:00:00,-0.5884713620389223
2012-04-11 04:00:00,-0.5903152017569776
2012-04-12 04:00:00,-0.5899329412721671
2012-04-13 04:00:00,-0.5998176465766007
2012-04-16 04:00:00,-0.5955542880782799
2012-04-17 04:00:00,-0.5772172785155966
2012-04-18 04:00:00,-0.5864973166711019
2012-04-19 04:00:00,-0.5821968195435885
2012-04-20 04:00:00,-0.5832626584150858
2012-04-23 04:00:00,-0.5814692057840575
2012-04-24 04:00:00,-0.5829493821895245
2012-04-25 04:00:00,-0.5781101868418386
2012-04-26 04:00:00,-0.5675253519562968
2012-04-27 04:00:00,-0.5585741243566644
2012-04-30 04:00:00,-0.5570281041674567
2012-05-01 04:00:00,-0.5294215450451327
2012-05-02 04:00:00,-0.5338013187976459
2012-05-03 04:00:00,-0.529683256755133
2012-05-04 04:00:00,-0.5356810022976018
2012-05-07 04:00:00,-0.5373431171423272
2012-05-08 04:00:00,-0.5291973884600588
2012-05-09 04:00:00,-0.5322529355862785
2012-05-10 04:00:00,-0.5326685911959391
2012-05-11 04:00:00,-0.5394958534281468
2012-05-14 04:00:00,-0.5467977660278884
2012-05-15 04:00:00,-0.548036721527359
2012-05-16 04:00:00,-0.5543984066486546
2012-05-17 04:00:00,-0.5798304901198478
2012-05-18 04:00:00,-0.5736662802219101
2012-05-21 04:00:00,-0.5679296464936603
2012-05-22 04:00:00,-0.5733593687323341
2012-05-23 04:00:00,-0.5683393166576209
2012-05-24 04:00:00,-0.5783024280923849
2012-05-25 04:00:00,-0.5741718246547107
2012-05-29 04:00:00,-0.5730740538383525
2012-05-30 04:00:00,-0.6122612908802313
2012-05-31 04:00:00,-0.5992657311564888
2012-06-01 04:00:00,-0.6349712152152275
2012-06-04 04:00:00,-0.6209914376184913
2012-06-05 04:00:00,-0.6307196518738772
2012-06-06 04:00:00,-0.6619694127113791
2012-06-07 04:00:00,-0.6393011371803498
2012-06-08 04:00:00,-0.6814068633528025
2012-06-11 04:00:00,-0.6789446215617305
2012-06-12 04:00:00,-0.6876480893312825
2012-06-13 04:00:00,-0.6910248056462789
2012-06-14 04:00:00,-0.6889622324745219
2012-06-15 04:00:00,-0.6771943254480742
2012-06-18 04:00:00,-0.6763736350547294
2012-06-19 04:00:00,-0.6932657226313498
2012-06-20 04:00:00,-0.6911681883097128
2012-06-21 04:00:00,-0.6733971769191023
2012-06-22 04:00:00,-0.6823335909053357
2012-06-25 04:00:00,-0.6936083234046646
2012-06-26 04:00:00,-0.7025519817696171
2012-06-27 04:00:00,-0.7073752776990295
2012-06-28 04:00:00,-0.7456590234304539
2012-06-29 04:00:00,-0.7541169123175421
2012-07-02 04:00:00,-0.7454770705521351
2012-07-03 04:00:00,-0.7470031679698731
2012-07-05 04:00:00,-0.7418152814364573
2012-07-06 04:00:00,-0.7435730089290006
2012-07-09 04:00:00,-0.7396097096024482
2012-07-10 04:00:00,-0.7283147424234753
2012-07-11 04:00:00,-0.729454139164857
2012-07-12 04:00:00,-0.7383523116778479
2012-07-13 04:00:00,-0.7332492527865415
2012-07-16 04:00:00,-0.737060716937095
2012-07-17 04:00:00,-0.7392536433652629
2012-07-18 04:00:00,-0.7352970027181581
2012-07-19 04:00:00,-0.7364011694588666
2012-07-20 04:00:00,-0.7379269733226473
2012-07-23 04:00:00,-0.7481312148058454
2012-07-24 04:00:00,-0.7502086997294626
2012-07-25 04:00:00,-0.7520673600039771
2012-07-26 04:00:00,-0.7578630619950033
2012-07-27 04:00:00,-0.7727112852210256
2012-07-30 04:00:00,-0.7765402372277065
2012-07-31 04:00:00,-0.7752176213763027
2012-08-01 04:00:00,-0.7705299691949601
2012-08-02 04:00:00,-0.7706771775545186
2012-08-03 04:00:00,-0.7870341008499735
2012-08-06 04:00:00,-0.7874864610875134
2012-08-07 04:00:00,-0.7823855055045381
2012-08-08 04:00:00,-0.7746453071435583
2012-08-09 04:00:00,-0.7741391257247957
2012-08-10 04:00:00,-0.7722178052758928
2012-08-13 04:00:00,-0.7602356577431604
2012-08-14 04:00:00,-0.7492272105149397
2012-08-15 04:00:00,-0.7450416970187431
2012-08-16 04:00:00,-0.7544360963455707
2012-08-17 04:00:00,-0.755198971587818
2012-08-20 04:00:00,-0.7558490122555208
2012-08-21 04:00:00,-0.7559657121519795
2012-08-22 04:00:00,-0.7421401903843863
2012-08-23 04:00:00,-0.7300971226513308
2012-08-24 04:00:00,-0.7324792143967149
2012-08-27 04:00:00,-0.6933527771385631
2012-08-28 04:00:00,-0.7024235347547143
2012-08-29 04:00:00,-0.6999294918002701
2012-08-30 04:00:00,-0.671662074183184
2012-08-31 04:00:00,-0.6425015333177287
2012-09-04 04:00:00,-0.6435953263735003
2012-09-05 04:00:00,-0.6402734962932353
2012-09-06 04:00:00,-0.658838642276106
2012-09-07 04:00:00,-0.6534321611996572
2012-09-10 04:00:00,-0.6570504593209414
2012-09-11 04:00:00,-0.676885435585602
2012-09-12 04:00:00,-0.6743811799709954
2012-09-13 04:00:00,-0.663411118471974
2012-09-14 04:00:00,-0.6299687878130535
2012-09-17 04:00:00,-0.6445567071954903
2012-09-18 04:00:00,-0.6412725297676742
2012-09-19 04:00:00,-0.6171042103399839
2012-09-20 04:00:00,-0.6165176191174343
2012-09-21 04:00:00,-0.6256530242086171
2012-09-24 04:00:00,-0.6256679242329053
2012-09-25 04:00:00,-0.6223605232550323
2012-09-26 04:00:00,-0.6423561625089967
2012-09-27 04:00:00,-0.6433407096276368
2012-09-28 04:00:00,-0.638517676346506
2012-10-01 04:00:00,-0.6263979778851648
2012-10-02 04:00:00,-0.6267492791047633
2012-10-03 04:00:00,-0.6295537388324337
2012-10-04 04:00:00,-0.6343908909006244
2012-10-05 04:00:00,-0.6136744592449817
2012-10-08 04:00:00,-0.636231010747743
2012-10-09 04:00:00,-0.6174044441875168
2012-10-10 04:00:00,-0.6190094338816341
2012-10-11 04:00:00,-0.6226249905003508
2012-10-12 04:00:00,-0.6231762581753246
2012-10-15 04:00:00,-0.6067212517493273
2012-10-16 04:00:00,-0.6155452491589697
2012-10-17 04:00:00,-0.6083090752239935
2012-10-18 04:00:00,-0.5990162469882244
2012-10-19 04:00:00,-0.6195089323451732
2012-10-22 04:00:00,-0.5823115308689127
2012-10-23 04:00:00,-0.6100885684000132
2012-10-24 04:00:00,-0.595978191289333
2012-10-25 04:00:00,-0.5999320661794773
2012-10-26 04:00:00,-0.585219225937402
2012-10-31 04:00:00,-0.5540396869977476
2012-11-01 04:00:00,-0.5624167785189196
2012-11-02 04:00:00,-0.545700314229777
2012-11-05 05:00:00,-0.5402269328080286
2012-11-06 05:00:00,-0.5494596646544349
2012-11-07 05:00:00,-0.5940633047371761
2012-11-08 05:00:00,-0.6121833232299942
2012-11-09 05:00:00,-0.622067160936176
2012-11-12 05:00:00,-0.6302491540171606
2012-11-13 05:00:00,-0.6239812239867895
2012-11-14 05:00:00,-0.6109950191574952
2012-11-15 05:00:00,-0.6100693642909848
2012-11-16 05:00:00,-0.6083461778193753
2012-11-19 05:00:00,-0.6196432268207899
2012-11-20 05:00:00,-0.6126596372192075
2012-11-21 05:00:00,-0.6143845074466937
2012-11-23 05:00:00,-0.604544550199776
2012-11-26 05:00:00,-0.6050439688444565
2012-11-27 05:00:00,-0.6072606990620544
2012-11-28 05:00:00,-0.6018928470895174
2012-11-29 05:00:00,-0.6314581926096353
2012-11-30 05:00:00,-0.6313692018089208
2012-12-03 05:00:00,-0.633255512128797
2012-12-04 05:00:00,-0.6016134785409744
2012-12-05 05:00:00,-0.5994732525702987
2012-12-06 05:00:00,-0.5961681847982866
2012-12-07 05:00:00,-0.5954878182505979
2012-12-10 05:00:00,-0.5949294304906827
2012-12-11 05:00:00,-0.6057291883288622
2012-12-12 05:00:00,-0.6217039280005957
2012-12-13 05:00:00,-0.6208366341202661
2012-12-14 05:00:00,-0.6236622807084043
2012-12-17 05:00:00,-0.6482906222326135
2012-12-18 05:00:00,-0.660282174659956
2012-12-19 05:00:00,-0.6610540478975124
2012-12-20 05:00:00,-0.6602078888127926
2012-12-21 05:00:00,-0.6593406160220744
2012-12-24 05:00:00,-0.653335921569202
2012-12-26 05:00:00,-0.6489524817901944
2012-12-27 05:00:00,-0.6499604773200718
2012-12-28 05:00:00,-0.659161625517437
2012-12-31 05:00:00,-0.6856002227660916
2013-01-02 05:00:00,-0.7006834390011694
2013-01-03 05:00:00,-0.6740888677914666
2013-01-04 05:00:00,-0.6805203476173907
2013-01-07 05:00:00,-0.6805179229414663
2013-01-08 05:00:00,-0.6926972968829991
2013-01-09 05:00:00,-0.6888496202865992
2013-01-10 05:00:00,-0.6933422110027386
2013-01-11 05:00:00,-0.685782775825533
2013-01-14 05:00:00,-0.6861505099329714
2013-01-15 05:00:00,-0.6746591674194461
2013-01-16 05:00:00,-0.6737311033928209
2013-01-17 05:00:00,-0.6860104481526669
2013-01-18 05:00:00,-0.6565542266664294
2013-01-22 05:00:00,-0.6567738883630494
2013-01-23 05:00:00,-0.6355046738924157
2013-01-24 05:00:00,-0.6554325555420035
2013-01-25 05:00:00,-0.6529911577147314
2013-01-28 05:00:00,-0.665693286375006
2013-01-29 05:00:00,-0.6689360315463704
2013-01-30 05:00:00,-0.6581560290523618
2013-01-31 05:00:00,-0.6689853201626874
2013-02-01 05:00:00,-0.6846288188222209
2013-02-04 05:00:00,-0.6945393735342011
2013-02-05 05:00:00,-0.6587668793256769
2013-02-06 05:00:00,-0.6270028168712231
2013-02-07 05:00:00,-0.6248748193600183
2013-02-08 05:00:00,-0.6140375716071391
2013-02-11 05:00:00,-0.6108418298767383
2013-02-12 05:00:00,-0.6244529193156773
2013-02-13 05:00:00,-0.6187419363304029
2013-02-14 05:00:00,-0.6125842414389139
2013-02-15 05:00:00,-0.6217674637496651
2013-02-19 05:00:00,-0.6373766845591959
2013-02-20 05:00:00,-0.6321535545343073
2013-02-21 05:00:00,-0.6568099768988881
2013-02-22 05:00:00,-0.6407118346536267
2013-02-25 05:00:00,-0.6849242888882259
2013-02-26 05:00:00,-0.6916406782916867
2013-02-27 05:00:00,-0.6867610527742366
2013-02-28 05:00:00,-0.6886630902134646
2013-03-01 05:00:00,-0.6819317896455905
2013-03-04 05:00:00,-0.6831611198492551
2013-03-05 05:00:00,-0.6814204886360553
2013-03-06 05:00:00,-0.6773497532997806
2013-03-07 05:00:00,-0.676681943814377
2013-03-08 05:00:00,-0.6762723903481085
2013-03-11 04:00:00,-0.6705548021159962
2013-03-12 04:00:00,-0.6866227551305155
2013-03-13 04:00:00,-0.689636233281353
2013-03-14 04:00:00,-0.6864483141393669
2013-03-15 04:00:00,-0.6743786256761782
2013-03-18 04:00:00,-0.6702740331031609
2013-03-19 04:00:00,-0.6714328059840159
2013-03-20 04:00:00,-0.6785809102535653
2013-03-21 04:00:00,-0.6766020801276303
2013-03-22 04:00:00,-0.6731070728946144
2013-03-25 04:00:00,-0.6663101757722827
2013-03-26 04:00:00,-0.6563820538160399
2013-03-27 04:00:00,-0.6489391633652694
2013-03-28 04:00:00,-0.6158878591091617
2013-04-01 04:00:00,-0.594130703331875
2013-04-02 04:00:00,-0.6396021319954488
2013-04-03 04:00:00,-0.6607027405454163
2013-04-04 04:00:00,-0.6318874656556758
2013-04-05 04:00:00,-0.627632274398119
2013-04-08 04:00:00,-0.6336132246447421
2013-04-09 04:00:00,-0.6339914908196623
2013-04-10 04:00:00,-0.6574837671567118
2013-04-11 04:00:00,-0.6591600259362539
2013-04-12 04:00:00,-0.6577632623549078
2013-04-15 04:00:00,-0.641382014899333
2013-04-16 04:00:00,-0.6461367652099522
2013-04-17 04:00:00,-0.6532375186383933
2013-04-18 04:00:00,-0.6561274826625391
2013-04-19 04:00:00,-0.6551590052836775
2013-04-22 04:00:00,-0.6558056471877737
2013-04-23 04:00:00,-0.6586291594026619
2013-04-24 04:00:00,-0.6636358369373979
2013-04-25 04:00:00,-0.6640580462837768
2013-04-26 04:00:00,-0.6702571885466893
2013-04-29 04:00:00,-0.6713537777379794
2013-04-30 04:00:00,-0.6607754005141957
2013-05-01 04:00:00,-0.6551214173609617
2013-05-02 04:00:00,-0.6442030552368374
2013-05-03 04:00:00,-0.6492126295687272
2013-05-06 04:00:00,-0.6528721687275522
2013-05-07 04:00:00,-0.6613129785889134
2013-05-08 04:00:00,-0.6601908828775294
2013-05-09 04:00:00,-0.6544378901823596
2013-05-10 04:00:00,-0.6568512296767831
2013-05-13 04:00:00,-0.6556298353580485
2013-05-14 04:00:00,-0.6685273777827438
2013-05-15 04:00:00,-0.653621891948408
2013-05-16 04:00:00,-0.6684129945300653
2013-05-17 04:00:00,-0.673305061236207
2013-05-20 04:00:00,-0.6801285786052489
2013-05-21 04:00:00,-0.6363438084142556
2013-05-22 04:00:00,-0.5647139412422968
2013-05-23 04:00:00,-0.5712297646172596
2013-05-24 04:00:00,-0.5710200398869562
2013-05-28 04:00:00,-0.5652837517868694
2013-05-29 04:00:00,-0.5742524020414708
2013-05-30 04:00:00,-0.5758443424444543
2013-05-31 04:00:00,-0.5423841354402766
2013-06-03 04:00:00,-0.5342212497335862
2013-06-04 04:00:00,-0.5097619022210133
2013-06-05 04:00:00,-0.535696509341947
2013-06-06 04:00:00,-0.5297563496584223
2013-06-07 04:00:00,-0.5529567513245325
2013-06-10 04:00:00,-0.5496385794284797
2013-06-11 04:00:00,-0.562986798663001
2013-06-12 04:00:00,-0.5116271281918927
2013-06-13 04:00:00,-0.4326996944075781
2013-06-14 04:00:00,-0.41830184665456993
2013-06-17 04:00:00,-0.4100112949547295
2013-06-18 04:00:00,-0.410528284300223
2013-06-19 04:00:00,-0.36538994052817986
2013-06-20 04:00:00,-0.25656890538762733
2013-06-21 04:00:00,-0.2607533307833918
2013-06-24 04:00:00,-0.2672813550156599
2013-06-25 04:00:00,-0.2722382486572809
2013-06-26 04:00:00,-0.2526973838618636
2013-06-27 04:00:00,-0.22204425448581888
2013-06-28 04:00:00,-0.23987346740936516
2013-07-01 04:00:00,-0.22398235720882806
2013-07-02 04:00:00,-0.2184407775432982
2013-07-03 04:00:00,-0.2179949311402827
2013-07-05 04:00:00,-0.2374937999732633
2013-07-08 04:00:00,-0.22577728200933533
2013-07-09 04:00:00,-0.21663669595196736
2013-07-10 04:00:00,-0.17963987426623995
2013-07-11 04:00:00,-0.12675564712995485
2013-07-12 04:00:00,-0.10337726499044031
2013-07-15 04:00:00,-0.09308713875071109
2013-07-16 04:00:00,-0.0987206002001036
2013-07-17 04:00:00,-0.09950608738279829
2013-07-18 04:00:00,-0.10577363601608093
2013-07-19 04:00:00,-0.10090356602693208
2013-07-22 04:00:00,-0.09903987071663166
2013-07-23 04:00:00,-0.09143799442287069
2013-07-24 04:00:00,-0.07832063060723655
2013-07-25 04:00:00,-0.07858368009085573
2013-07-26 04:00:00,-0.05463434006732961
2013-07-29 04:00:00,-0.05196048569413116
2013-07-30 04:00:00,-0.011146789148023781
2013-07-31 04:00:00,-0.011015135461289299
2013-08-01 04:00:00,-0.048232519893042385
2013-08-02 04:00:00,-0.0482573862613447
2013-08-05 04:00:00,-0.04585580617332724
2013-08-06 04:00:00,-0.04777840705759253
2013-08-07 04:00:00,-0.054864505250019145
2013-08-08 04:00:00,-0.03364743909397114
2013-08-09 04:00:00,-0.044236729956307584
2013-08-12 04:00:00,-0.029668321938810777
2013-08-13 04:00:00,-0.014757136914141943
2013-08-14 04:00:00,-0.018366300544360854
2013-08-15 04:00:00,0.014493439132021339
2013-08-16 04:00:00,-0.0048909403114659605
2013-08-19 04:00:00,0.008735679204918237
2013-08-20 04:00:00,0.01911102274107229
2013-08-21 04:00:00,0.06312178871640138
2013-08-22 04:00:00,0.10484280602939977
2013-08-23 04:00:00,0.11265753913329254
2013-08-26 04:00:00,0.10327900569932247
2013-08-27 04:00:00,0.043733785696235344
2013-08-28 04:00:00,0.030393013458165898
2013-08-29 04:00:00,0.08161495905613936
2013-08-30 04:00:00,0.08102068814961533
2013-09-03 04:00:00,0.11866628126280965
2013-09-04 04:00:00,0.11558375772613325
2013-09-05 04:00:00,0.14765743897463635
2013-09-06 04:00:00,0.12433871665393545
2013-09-09 04:00:00,0.0722182987870637
2013-09-10 04:00:00,0.06145118764434002
2013-09-11 04:00:00,0.07443654849326073
2013-09-12 04:00:00,0.07149276192112858
2013-09-13 04:00:00,0.04282677170223509
2013-09-16 04:00:00,-0.07808711065396741
2013-09-17 04:00:00,-0.06037429457726901
2013-09-18 04:00:00,-1.3211524571425697e-05
2013-09-19 04:00:00,0.027338530976501203
2013-09-20 04:00:00,-0.006318537283427628
2013-09-23 04:00:00,-0.036720039766628985
2013-09-24 04:00:00,-0.036789457456210616
2013-09-25 04:00:00,-0.04362084630081719
2013-09-26 04:00:00,-0.04959133148708178
2013-09-27 04:00:00,-0.05458398592633955
2013-09-30 04:00:00,0.06372785549940806
2013-10-01 04:00:00,0.0379478328184945
2013-10-02 04:00:00,0.03482302470748141
2013-10-03 04:00:00,0.03963326044913003
2013-10-04 04:00:00,-0.019977079661786624
2013-10-07 04:00:00,-0.03318711349691962
2013-10-08 04:00:00,-0.04161793302176989
2013-10-09 04:00:00,-0.03907917960420925
2013-10-10 04:00:00,-0.023282363523208626
2013-10-11 04:00:00,-0.0024421872746433412
2013-10-14 04:00:00,-0.02069719282415478
2013-10-15 04:00:00,-0.02146828717731358
2013-10-16 04:00:00,0.03365977820328269
2013-10-17 04:00:00,0.035539221157850485
2013-10-18 04:00:00,0.03964845415790348
2013-10-21 04:00:00,0.03952237933817401
2013-10-22 04:00:00,0.048101712977895346
2013-10-23 04:00:00,0.04135124677029592
2013-10-24 04:00:00,0.037878837363866096
2013-10-25 04:00:00,0.11740272158208415
2013-10-28 04:00:00,0.11398779381919946
2013-10-29 04:00:00,0.11031501135063362
2013-10-30 04:00:00,0.128019877756305
2013-10-31 04:00:00,0.13669918179671428
2013-11-01 04:00:00,0.12556965247176538
2013-11-04 05:00:00,0.12857666526365963
2013-11-05 05:00:00,0.13775136565407617
2013-11-06 05:00:00,0.15351535181429438
2013-11-07 05:00:00,0.11367096354672164
2013-11-08 05:00:00,-0.053551651512432394
2013-11-11 05:00:00,-0.057578727946375585
2013-11-12 05:00:00,-0.08543592608461542
2013-11-13 05:00:00,-0.08680102614703157
2013-11-14 05:00:00,-0.11058703069347188
2013-11-15 05:00:00,-0.1368239635749276
2013-11-18 05:00:00,-0.15458476625719295
2013-11-19 05:00:00,-0.13637147960803336
2013-11-20 05:00:00,-0.034890773595476286
2013-11-21 05:00:00,-0.025128951619659685
2013-11-22 05:00:00,-0.01356784420192236
2013-11-25 05:00:00,-0.01820741774914905
2013-11-26 05:00:00,-0.006275880232025698
2013-11-27 05:00:00,-0.0010744852113759038
2013-11-29 05:00:00,-0.0027064515870953523
2013-12-02 05:00:00,0.011661577790659171
2013-12-03 05:00:00,0.0035331524960533654
2013-12-04 05:00:00,0.025283066978902945
2013-12-05 05:00:00,0.024694716271513886
2013-12-06 05:00:00,0.039765396410375256
2013-12-09 05:00:00,0.03948858729317537
2013-12-10 05:00:00,0.038969271121219014
2013-12-11 05:00:00,0.06264341788880752
2013-12-12 05:00:00,0.0199927591628615
2013-12-13 05:00:00,0.01369343965970795
2013-12-16 05:00:00,0.02212609704155173
2013-12-17 05:00:00,0.031016519553431862
2013-12-18 05:00:00,0.016006267577629192
2013-12-19 05:00:00,0.0204306627453652
2013-12-20 05:00:00,0.05216086280797286
2013-12-23 05:00:00,0.04997239674298963
2013-12-24 05:00:00,0.045066884218233745
2013-12-26 05:00:00,0.04690225163945143
2013-12-27 05:00:00,0.05000340205316038
2013-12-30 05:00:00,0.04129697917131687
2013-12-31 05:00:00,0.035252244297894544
2014-01-02 05:00:00,0.03780546874438902
2014-01-03 05:00:00,0.04265881884747736
2014-01-06 05:00:00,0.031657230818036466
2014-01-07 05:00:00,0.02428775660946902
2014-01-08 05:00:00,0.025667403957606305
2014-01-09 05:00:00,0.03295710067657871
2014-01-10 05:00:00,0.03686827916758553
2014-01-13 05:00:00,-0.059768789446317284
2014-01-14 05:00:00,-0.09968585437859828
2014-01-15 05:00:00,-0.10733116962493129
2014-01-16 05:00:00,-0.1145115048825519
2014-01-17 05:00:00,-0.14952624893056637
2014-01-21 05:00:00,-0.1400341397257816
2014-01-22 05:00:00,-0.13644556611567718
2014-01-23 05:00:00,-0.18873535448527687
2014-01-24 05:00:00,-0.2192892191101076
2014-01-27 05:00:00,-0.2065377590774021
2014-01-28 05:00:00,-0.21405359323482714
2014-01-29 05:00:00,-0.23450910952288487
2014-01-30 05:00:00,-0.2378147702074274
2014-01-31 05:00:00,-0.24933599732591255
2014-02-03 05:00:00,-0.328039900818097
2014-02-04 05:00:00,-0.34493740203800344
2014-02-05 05:00:00,-0.315209272544104
2014-02-06 05:00:00,-0.2547512815381266
2014-02-07 05:00:00,-0.24944147783975507
2014-02-10 05:00:00,-0.24575810281279803
2014-02-11 05:00:00,-0.27372563262360566
2014-02-12 05:00:00,-0.28384725916442743
2014-02-13 05:00:00,-0.2756412689422538
2014-02-14 05:00:00,-0.26890809146987593
2014-02-18 05:00:00,-0.2799061050644378
2014-02-19 05:00:00,-0.30750936159920245
2014-02-20 05:00:00,-0.31721866444129715
2014-02-21 05:00:00,-0.3399547883042811
2014-02-24 05:00:00,-0.3430607190289968
2014-02-25 05:00:00,-0.3407878596021406
2014-02-26 05:00:00,-0.33874332836301735
2014-02-27 05:00:00,-0.3279531431646256
2014-02-28 05:00:00,-0.3445219410323412
2014-03-03 05:00:00,-0.35201382115091145
2014-03-04 05:00:00,-0.4098750521138605
2014-03-05 05:00:00,-0.41962964615276993
2014-03-06 05:00:00,-0.43691370208143865
2014-03-07 05:00:00,-0.4332863636789807
2014-03-10 04:00:00,-0.428526018750179
2014-03-11 04:00:00,-0.4824188711645013
2014-03-12 04:00:00,-0.49032743473170864
2014-03-13 04:00:00,-0.5167074829959015
2014-03-14 04:00:00,-0.5102994059953325
2014-03-17 04:00:00,-0.5195433180246416
2014-03-18 04:00:00,-0.5001918108535065
2014-03-19 04:00:00,-0.4738669506797673
2014-03-20 04:00:00,-0.5266040183080114
2014-03-21 04:00:00,-0.525114631917582
2014-03-24 04:00:00,-0.5325247849840392
2014-03-25 04:00:00,-0.5321288611997967
2014-03-26 04:00:00,-0.5425754540658908
2014-03-27 04:00:00,-0.5464375637535673
2014-03-28 04:00:00,-0.5467892930602246
2014-03-31 04:00:00,-0.5527088453713537
2014-04-01 04:00:00,-0.5602684703331253
2014-04-02 04:00:00,-0.5592244222099553
2014-04-03 04:00:00,-0.5659634164926637
2014-04-04 04:00:00,-0.5752172395373681
2014-04-07 04:00:00,-0.5836356939839693
2014-04-08 04:00:00,-0.604274106936368
2014-04-09 04:00:00,-0.6103128308143264
2014-04-10 04:00:00,-0.6167547939160223
2014-04-11 04:00:00,-0.6236979913433492
2014-04-14 04:00:00,-0.6281305347236388
2014-04-15 04:00:00,-0.6081238643925366
2014-04-16 04:00:00,-0.5997147083620517
2014-04-17 04:00:00,-0.5885164385719602
2014-04-21 04:00:00,-0.5789132829153524
2014-04-22 04:00:00,-0.5725772550473559
2014-04-23 04:00:00,-0.5995281233089381
2014-04-24 04:00:00,-0.6042324047838314
2014-04-25 04:00:00,-0.5883850708754599
2014-04-28 04:00:00,-0.5863671811591952
2014-04-29 04:00:00,-0.5811558038925165
2014-04-30 04:00:00,-0.5401456111407864
2014-05-01 04:00:00,-0.5251142762403718
2014-05-02 04:00:00,-0.550517227230918
2014-05-05 04:00:00,-0.5383393376314344
2014-05-06 04:00:00,-0.5531082924618611
2014-05-07 04:00:00,-0.5588338974422362
2014-05-08 04:00:00,-0.5389991829293428
2014-05-09 04:00:00,-0.543302538919158
2014-05-12 04:00:00,-0.5647684757729781
2014-05-13 04:00:00,-0.558233695012971
2014-05-14 04:00:00,-0.5655650247765878
2014-05-15 04:00:00,-0.6011015442726849
2014-05-16 04:00:00,-0.5998954040690699
2014-05-19 04:00:00,-0.6002385516621513
2014-05-20 04:00:00,-0.5950100820445542
2014-05-21 04:00:00,-0.6096249051977658
2014-05-22 04:00:00,-0.6120976661380113
2014-05-23 04:00:00,-0.6159304575076272
2014-05-27 04:00:00,-0.5979625129734023
2014-05-28 04:00:00,-0.5811077814927867
2014-05-29 04:00:00,-0.5482933621910204
2014-05-30 04:00:00,-0.548908801518939
2014-06-02 04:00:00,-0.5489493706040043
2014-06-03 04:00:00,-0.5285255518714842
2014-06-04 04:00:00,-0.528857176856879
2014-06-05 04:00:00,-0.5261299962220123
2014-06-06 04:00:00,-0.5287487139831633
2014-06-09 04:00:00,-0.4957069661275746
2014-06-10 04:00:00,-0.4940337450008927
2014-06-11 04:00:00,-0.4789315157298758
2014-06-12 04:00:00,-0.5076234512314567
2014-06-13 04:00:00,-0.5452426082246788
2014-06-16 04:00:00,-0.5425761597776634
2014-06-17 04:00:00,-0.5346523817998509
2014-06-18 04:00:00,-0.49501036342186666
2014-06-19 04:00:00,-0.47203612395808336
2014-06-20 04:00:00,-0.44871296380071174
2014-06-23 04:00:00,-0.4414137267114755
2014-06-24 04:00:00,-0.45227971536804756
2014-06-25 04:00:00,-0.44351260450360674
2014-06-26 04:00:00,-0.43131233676342035
2014-06-27 04:00:00,-0.42883295233289115
2014-06-30 04:00:00,-0.42762570132171474
2014-07-01 04:00:00,-0.4263728541113264
2014-07-02 04:00:00,-0.40098078201477244
2014-07-03 04:00:00,-0.4094168778858081
2014-07-07 04:00:00,-0.40605452902281075
2014-07-08 04:00:00,-0.4008643525900544
2014-07-09 04:00:00,-0.37419469831365504
2014-07-10 04:00:00,-0.36423559185985727
2014-07-11 04:00:00,-0.3885851118765504
2014-07-14 04:00:00,-0.41590636786048085
2014-07-15 04:00:00,-0.41863184680275206
2014-07-16 04:00:00,-0.40617456168032573
2014-07-17 04:00:00,-0.4631080456170685
2014-07-18 04:00:00,-0.4621890199081371
2014-07-21 04:00:00,-0.466937249789156
2014-07-22 04:00:00,-0.4740307010120325
2014-07-23 04:00:00,-0.47192525190618595
2014-07-24 04:00:00,-0.4586136912545852
2014-07-25 04:00:00,-0.48252072057807066
2014-07-28 04:00:00,-0.4868952488542944
2014-07-29 04:00:00,-0.4866029860607413
2014-07-30 04:00:00,-0.46131176317788336
2014-07-31 04:00:00,-0.36003904679955695
2014-08-01 04:00:00,-0.36176475351260656
2014-08-04 04:00:00,-0.3721127458242493
2014-08-05 04:00:00,-0.372423388983573
2014-08-06 04:00:00,-0.3622026311829997
2014-08-07 04:00:00,-0.38402630376809505
2014-08-08 04:00:00,-0.3705306978579933
2014-08-11 04:00:00,-0.34961524753704726
2014-08-12 04:00:00,-0.33614353574516476
2014-08-13 04:00:00,-0.3047286656832465
2014-08-14 04:00:00,-0.2842347225911165
2014-08-15 04:00:00,-0.2645899723662977
2014-08-18 04:00:00,-0.29209625702465153
2014-08-19 04:00:00,-0.30682371872018704
2014-08-20 04:00:00,-0.3261713482975152
2014-08-21 04:00:00,-0.31926939779463037
2014-08-22 04:00:00,-0.31412988188413343
2014-08-25 04:00:00,-0.30473186521989115
2014-08-26 04:00:00,-0.30608715972561096
2014-08-27 04:00:00,-0.3264347315167042
2014-08-28 04:00:00,-0.32707484271205856
2014-08-29 04:00:00,-0.328398887645398
2014-09-02 04:00:00,-0.29716865338147375
2014-09-03 04:00:00,-0.2980078595270163
2014-09-04 04:00:00,-0.2786250273631491
2014-09-05 04:00:00,-0.2815864146333026
2014-09-08 04:00:00,-0.2587398898620961
2014-09-09 04:00:00,-0.2492127321457702
2014-09-10 04:00:00,-0.25703195404839396
2014-09-11 04:00:00,-0.252254052147103
2014-09-12 04:00:00,-0.24122844314275774
2014-09-15 04:00:00,-0.24441747467059077
2014-09-16 04:00:00,-0.2633626503570796
2014-09-17 04:00:00,-0.26600632615876113
2014-09-18 04:00:00,-0.2338762843271171
2014-09-19 04:00:00,-0.24117478994898559
2014-09-22 04:00:00,-0.23814229619815422
2014-09-23 04:00:00,-0.24928479335527326
2014-09-24 04:00:00,-0.263343782336719
2014-09-25 04:00:00,-0.3001208259361483
2014-09-26 04:00:00,-0.30557837468024757
2014-09-29 04:00:00,-0.3017995321072297
2014-09-30 04:00:00,-0.2849522337292478
2014-10-01 04:00:00,-0.3370740008953884
2014-10-02 04:00:00,-0.3343275521838054
2014-10-03 04:00:00,-0.3121761223893608
2014-10-06 04:00:00,-0.3164481555287703
2014-10-07 04:00:00,-0.35617398021517666
2014-10-08 04:00:00,-0.3433041846451842
2014-10-09 04:00:00,-0.2936613857964824
2014-10-10 04:00:00,-0.2869288183329796
2014-10-13 04:00:00,-0.2919473481988128
2014-10-14 04:00:00,-0.285741008405121
2014-10-15 04:00:00,-0.29738949371436685
2014-10-16 04:00:00,-0.2933146318351411
2014-10-17 04:00:00,-0.31099336503167396
2014-10-20 04:00:00,-0.29109221314770795
2014-10-21 04:00:00,-0.3230427057484438
2014-10-22 04:00:00,-0.319438213415278
2014-10-23 04:00:00,-0.35174101397796864
2014-10-24 04:00:00,-0.3911121099294297
2014-10-27 04:00:00,-0.3880055177803419
2014-10-28 04:00:00,-0.3978723357262314
2014-10-29 04:00:00,-0.3968500608198361
2014-10-30 04:00:00,-0.3950853506479549
2014-10-31 04:00:00,-0.3898366916596516
2014-11-03 05:00:00,-0.38713088168192245
2014-11-04 05:00:00,-0.3887430844834002
2014-11-05 05:00:00,-0.3990546638191685
2014-11-06 05:00:00,-0.41675436911045344
2014-11-07 05:00:00,-0.421452959064904
2014-11-10 05:00:00,-0.42623812683929535
2014-11-11 05:00:00,-0.41315826605412515
2014-11-12 05:00:00,-0.40918947166190994
2014-11-13 05:00:00,-0.4077629662324118
2014-11-14 05:00:00,-0.4127323188989344
2014-11-17 05:00:00,-0.41103814640748415
2014-11-18 05:00:00,-0.41194532796585087
2014-11-19 05:00:00,-0.4046877672062683
2014-11-20 05:00:00,-0.4035394644128962
2014-11-21 05:00:00,-0.3914489949322069
2014-11-24 05:00:00,-0.391344596101148
2014-11-25 05:00:00,-0.4208974392325888
2014-11-26 05:00:00,-0.4192267735706375
2014-11-28 05:00:00,-0.4456265145181051
2014-12-01 05:00:00,-0.418740372006203
2014-12-02 05:00:00,-0.4286851593124816
2014-12-03 05:00:00,-0.43089997912962513
2014-12-04 05:00:00,-0.4285046441976782
2014-12-05 05:00:00,-0.4274982511177919
2014-12-08 05:00:00,-0.4797186411717109
2014-12-09 05:00:00,-0.48011635156982213
2014-12-10 05:00:00,-0.4835136999638934
2014-12-11 05:00:00,-0.4786282659810816
2014-12-12 05:00:00,-0.5117510215536993
2014-12-15 05:00:00,-0.5080771391428461
2014-12-16 05:00:00,-0.5233212547022488
2014-12-17 05:00:00,-0.5460291326225459
2014-12-18 05:00:00,-0.5935249106172514
2014-12-19 05:00:00,-0.5510329158708901
2014-12-22 05:00:00,-0.5486390682965099
2014-12-23 05:00:00,-0.514443518500413
2014-12-24 05:00:00,-0.5240931547985016
2014-12-26 05:00:00,-0.4913130677121403
2014-12-29 05:00:00,-0.4987463625239748
2014-12-30 05:00:00,-0.5126747493085794
2014-12-31 05:00:00,-0.508641727423195
2015-01-02 05:00:00,-0.47758944230120987
2015-01-05 05:00:00,-0.5244102847185044
2015-01-06 05:00:00,-0.6011351571004706
2015-01-07 05:00:00,-0.5917992108407546
2015-01-08 05:00:00,-0.620349104735317
2015-01-09 05:00:00,-0.6313855133637923
2015-01-12 05:00:00,-0.6285839977571421
2015-01-13 05:00:00,-0.6358048267476573
2015-01-14 05:00:00,-0.6334311951978716
2015-01-15 05:00:00,-0.6548121399304271
2015-01-16 05:00:00,-0.6598949800338664
2015-01-20 05:00:00,-0.6523377816607837
2015-01-21 05:00:00,-0.6401810877422366
2015-01-22 05:00:00,-0.6433018372523964
2015-01-23 05:00:00,-0.6481545227789377
2015-01-26 05:00:00,-0.6406994273914044
2015-01-27 05:00:00,-0.623937595832981
2015-01-28 05:00:00,-0.6408954626243542
2015-01-29 05:00:00,-0.646161870763094
2015-01-30 05:00:00,-0.6610881173317584
2015-02-02 05:00:00,-0.664506139554798
2015-02-03 05:00:00,-0.6812419716414397
2015-02-04 05:00:00,-0.678906027757267
2015-02-05 05:00:00,-0.6935330332356575
2015-02-06 05:00:00,-0.6591393923970615
2015-02-09 05:00:00,-0.653805500263311
2015-02-10 05:00:00,-0.6614288511047399
2015-02-11 05:00:00,-0.661590028032907
2015-02-12 05:00:00,-0.6635254585014385
2015-02-13 05:00:00,-0.6634253674805402
2015-02-17 05:00:00,-0.6551921495041689
2015-02-18 05:00:00,-0.6606226188335204
2015-02-19 05:00:00,-0.6573890219999609
2015-02-20 05:00:00,-0.6606249373867401
2015-02-23 05:00:00,-0.6562278898342887
2015-02-24 05:00:00,-0.6445594546003124
2015-02-25 05:00:00,-0.6456167362317491
2015-02-26 05:00:00,-0.6296932627611865
2015-02-27 05:00:00,-0.6462472971649945
2015-03-02 05:00:00,-0.6418152776872329
2015-03-03 05:00:00,-0.6386885692930737
2015-03-04 05:00:00,-0.6377932750511895
2015-03-05 05:00:00,-0.6385428117233838
2015-03-06 05:00:00,-0.5432495478608661
2015-03-09 04:00:00,-0.53377554579213
2015-03-10 04:00:00,-0.5453564287764977
2015-03-11 04:00:00,-0.5508038974868397
2015-03-12 04:00:00,-0.5296758134820909
2015-03-13 04:00:00,-0.529153883384599
2015-03-16 04:00:00,-0.48914585320624054
2015-03-17 04:00:00,-0.4818622365866965
2015-03-18 04:00:00,-0.384905092393637
2015-03-19 04:00:00,-0.39140275519427636
2015-03-20 04:00:00,-0.3818063301784628
2015-03-23 04:00:00,-0.38914118139088794
2015-03-24 04:00:00,-0.39523295468942476
2015-03-25 04:00:00,-0.3592800335641084
2015-03-26 04:00:00,-0.3482222451612386
2015-03-27 04:00:00,-0.3388348557519784
2015-03-30 04:00:00,-0.34664959817498026
2015-03-31 04:00:00,-0.3472648180438567
2015-04-01 04:00:00,-0.3193137823012794
2015-04-02 04:00:00,-0.3002498391806253
2015-04-06 04:00:00,-0.30540398514218214
2015-04-07 04:00:00,-0.2778998411287608
2015-04-08 04:00:00,-0.26439978130568387
2015-04-09 04:00:00,-0.26415598615740876
2015-04-10 04:00:00,-0.2620741628309039
2015-04-13 04:00:00,-0.25479950645681054
2015-04-14 04:00:00,-0.2269691454038064
2015-04-15 04:00:00,-0.20161839952695992
2015-04-16 04:00:00,-0.20730609752541995
2015-04-17 04:00:00,-0.22349351350562008
2015-04-20 04:00:00,-0.23210757449946273
2015-04-21 04:00:00,-0.21649013628299918
2015-04-22 04:00:00,-0.22541323258874166
2015-04-23 04:00:00,-0.22238636000147044
2015-04-24 04:00:00,-0.17598046437631826
2015-04-27 04:00:00,-0.16710161357940276
2015-04-28 04:00:00,-0.1189762444758863
2015-04-29 04:00:00,-0.09891630838362689
2015-04-30 04:00:00,-0.03871231510408004
2015-05-01 04:00:00,-0.06729154254049079
2015-05-04 04:00:00,-0.04907277833481963
2015-05-05 04:00:00,-0.062242772379119855
2015-05-06 04:00:00,-0.042949942247302204
2015-05-07 04:00:00,-0.010949448162014767
2015-05-08 04:00:00,0.0005534947998075268
2015-05-11 04:00:00,0.03447187193736899
2015-05-12 04:00:00,0.04068734345655646
2015-05-13 04:00:00,0.04617871588455724
2015-05-14 04:00:00,0.054467130182213136
2015-05-15 04:00:00,0.05526156374094767
2015-05-18 04:00:00,0.039138548111725284
2015-05-19 04:00:00,0.04157691803077147
2015-05-20 04:00:00,0.03272995103724002
2015-05-21 04:00:00,0.04310115280427505
2015-05-22 04:00:00,0.03850128601588838
2015-05-26 04:00:00,0.0001763818829923436
2015-05-27 04:00:00,0.032104602855620036
2015-05-28 04:00:00,0.029646351698768066
2015-05-29 04:00:00,0.02641482472044505
2015-06-01 04:00:00,0.021989448444062473
2015-06-02 04:00:00,-0.047592996077929654
2015-06-03 04:00:00,-0.06430799388632336
2015-06-04 04:00:00,-0.03939771242563542
2015-06-05 04:00:00,-0.027227045068689986
2015-06-08 04:00:00,-0.029287073123826602
2015-06-09 04:00:00,-0.031777988572182156
2015-06-10 04:00:00,-0.0913007869701139
2015-06-11 04:00:00,-0.06428120528099726
2015-06-12 04:00:00,-0.13484972044252547
2015-06-15 04:00:00,-0.142826288224902
2015-06-16 04:00:00,-0.1461367331113418
2015-06-17 04:00:00,-0.1481251374724754
2015-06-18 04:00:00,-0.13850776631486464
2015-06-19 04:00:00,-0.1894465190272282
2015-06-22 04:00:00,-0.22044195384728962
2015-06-23 04:00:00,-0.23028920248844004
2015-06-24 04:00:00,-0.24431471592771067
2015-06-25 04:00:00,-0.23735429418458612
2015-06-26 04:00:00,-0.22266237256519142
2015-06-29 04:00:00,-0.3290964000461206
2015-06-30 04:00:00,-0.32769698716606416
2015-07-01 04:00:00,-0.33915586174435186
2015-07-02 04:00:00,-0.3422844767042757
2015-07-06 04:00:00,-0.3380697634818704
2015-07-07 04:00:00,-0.3226229596771614
2015-07-08 04:00:00,-0.33882509712376546
2015-07-09 04:00:00,-0.3452207633483867
2015-07-10 04:00:00,-0.3711505391418585
2015-07-13 04:00:00,-0.3668501111165811
2015-07-14 04:00:00,-0.3406265034122913
2015-07-15 04:00:00,-0.33122468429218527
2015-07-16 04:00:00,-0.31375794831114795
2015-07-17 04:00:00,-0.3034646896854457
2015-07-20 04:00:00,-0.3069577953115371
2015-07-21 04:00:00,-0.3157321114343349
2015-07-22 04:00:00,-0.31744614710481334
2015-07-23 04:00:00,-0.3235907217467996
2015-07-24 04:00:00,-0.3378285719024997
2015-07-27 04:00:00,-0.3435521969017474
2015-07-28 04:00:00,-0.3322499187307346
2015-07-29 04:00:00,-0.33122617401207577
2015-07-30 04:00:00,-0.3408907906865083
2015-07-31 04:00:00,-0.36729799285604436
2015-08-03 04:00:00,-0.38808341746007613
2015-08-04 04:00:00,-0.4021330679988678
2015-08-05 04:00:00,-0.4530322920634868
2015-08-06 04:00:00,-0.4605054295694674
2015-08-07 04:00:00,-0.4625660253295308
2015-08-10 04:00:00,-0.4951828929669283
2015-08-11 04:00:00,-0.5293846125156438
2015-08-12 04:00:00,-0.529356988324419
2015-08-13 04:00:00,-0.5316287988195598
2015-08-14 04:00:00,-0.5287929475583331
2015-08-17 04:00:00,-0.5375639539536782
2015-08-18 04:00:00,-0.5289426101057116
2015-08-19 04:00:00,-0.5170803548376915
2015-08-20 04:00:00,-0.5337765576645037
2015-08-21 04:00:00,-0.4867708783660863
2015-08-24 04:00:00,-0.40172062020868676
2015-08-25 04:00:00,-0.359774847744527
2015-08-26 04:00:00,-0.4254716678572179
2015-08-27 04:00:00,-0.407820575264313
2015-08-28 04:00:00,-0.40039977024578216
2015-08-31 04:00:00,-0.3951801157881247
2015-09-01 04:00:00,-0.40192517653590387
2015-09-02 04:00:00,-0.416446722380761
2015-09-03 04:00:00,-0.4051301571230816
2015-09-04 04:00:00,-0.44064366590641596
2015-09-08 04:00:00,-0.470554188509863
2015-09-09 04:00:00,-0.47278652402740334
2015-09-10 04:00:00,-0.4850024503679079
2015-09-11 04:00:00,-0.47887281137351084
2015-09-14 04:00:00,-0.47510955823577744
2015-09-15 04:00:00,-0.4905371750558226
2015-09-16 04:00:00,-0.495007681603489
2015-09-17 04:00:00,-0.4919117644273312
2015-09-18 04:00:00,-0.5031851300126159
2015-09-21 04:00:00,-0.5055425502227685
2015-09-22 04:00:00,-0.518997894177327
2015-09-23 04:00:00,-0.49106321951848086
2015-09-24 04:00:00,-0.4912522216715137
2015-09-25 04:00:00,-0.48188585727244876
2015-09-28 04:00:00,-0.507323944192529
2015-09-29 04:00:00,-0.5172009387429101
2015-09-30 04:00:00,-0.5310681188468538
2015-10-01 04:00:00,-0.5211703095998917
2015-10-02 04:00:00,-0.5170288307688293
2015-10-05 04:00:00,-0.5230907848846441
2015-10-06 04:00:00,-0.5210159877981477
2015-10-07 04:00:00,-0.5258159100483732
2015-10-08 04:00:00,-0.5365055709966388
2015-10-09 04:00:00,-0.5470798917168719
2015-10-12 04:00:00,-0.5449527993685834
2015-10-13 04:00:00,-0.5453739744519105
2015-10-14 04:00:00,-0.5452641073718508
2015-10-15 04:00:00,-0.5502936387080613
2015-10-16 04:00:00,-0.550147952694345
2015-10-19 04:00:00,-0.5498827582460357
2015-10-20 04:00:00,-0.5448350480442579
2015-10-21 04:00:00,-0.5406328891799287
2015-10-22 04:00:00,-0.5289056963120433
2015-10-23 04:00:00,-0.538267569132036
2015-10-26 04:00:00,-0.5393761896281375
2015-10-27 04:00:00,-0.5411374167178682
2015-10-28 04:00:00,-0.5496909384012575
2015-10-29 04:00:00,-0.5339767901689888
2015-10-30 04:00:00,-0.5309945824704945
2015-11-02 05:00:00,-0.5395867797888689
2015-11-03 05:00:00,-0.5301855726618326
2015-11-04 05:00:00,-0.5267204992385156
2015-11-05 05:00:00,-0.5268681538915931
2015-11-06 05:00:00,-0.5146528861387392
2015-11-09 05:00:00,-0.5066837910373729
2015-11-10 05:00:00,-0.5108176012794772
2015-11-11 05:00:00,-0.5155793667594484
2015-11-12 05:00:00,-0.5162270147831706
2015-11-13 05:00:00,-0.5059812583986492
2015-11-16 05:00:00,-0.5072009405812354
2015-11-17 05:00:00,-0.5565401526287731
2015-11-18 05:00:00,-0.5996529204113562
2015-11-19 05:00:00,-0.5499567353991374
2015-11-20 05:00:00,-0.5755483720703349
2015-11-23 05:00:00,-0.5760966834481379
2015-11-24 05:00:00,-0.5979404187192962
2015-11-25 05:00:00,-0.6030420836474327
2015-11-27 05:00:00,-0.5921032412312484
2015-11-30 05:00:00,-0.5952614718264314
2015-12-01 05:00:00,-0.5411169348662681
2015-12-02 05:00:00,-0.49618704272987146
2015-12-03 05:00:00,-0.3460859420458157
2015-12-04 05:00:00,-0.2935595562980623
2015-12-07 05:00:00,-0.3094655187754422
2015-12-08 05:00:00,-0.3075309440314799
2015-12-09 05:00:00,-0.271002624446464
2015-12-10 05:00:00,-0.26522068557339684
2015-12-11 05:00:00,-0.3098028196860505
2015-12-14 05:00:00,-0.2774944148090942
2015-12-15 05:00:00,-0.28090683511711884
2015-12-16 05:00:00,-0.2515516271972071
2015-12-17 05:00:00,-0.2817223231431852
2015-12-18 05:00:00,-0.28924124525680606
2015-12-21 05:00:00,-0.29401352024944694
2015-12-22 05:00:00,-0.23013642197239578
2015-12-23 05:00:00,-0.24399750375815696
2015-12-24 05:00:00,-0.2406356311090835
2015-12-28 05:00:00,-0.24464638813458606
2015-12-29 05:00:00,-0.2953797705522706
2015-12-30 05:00:00,-0.25407901282164563
2015-12-31 05:00:00,-0.25919081151452744
2016-01-04 05:00:00,-0.27310170407847695
2016-01-05 05:00:00,-0.2610920171672243
2016-01-06 05:00:00,-0.29015771088727194
2016-01-07 05:00:00,-0.28825958099710497
2016-01-08 05:00:00,-0.29366328056174673
2016-01-11 05:00:00,-0.2877864736467233
2016-01-12 05:00:00,-0.24188150428428057
2016-01-13 05:00:00,-0.27536472331575734
2016-01-14 05:00:00,-0.2978986181467934
2016-01-15 05:00:00,-0.3403777439506908
2016-01-19 05:00:00,-0.33654293956680464
2016-01-20 05:00:00,-0.3638548825767757
2016-01-21 05:00:00,-0.3564466917045759
2016-01-22 05:00:00,-0.36077368359899264
2016-01-25 05:00:00,-0.3675680539657928
2016-01-26 05:00:00,-0.35638484634622586
2016-01-27 05:00:00,-0.3620534482497775
2016-01-28 05:00:00,-0.35873755157822296
2016-01-29 05:00:00,-0.2976191043234063
2016-02-01 05:00:00,-0.2943158100966677
2016-02-02 05:00:00,-0.3284504874601551
2016-02-03 05:00:00,-0.3360811865747394
2016-02-04 05:00:00,-0.3416712365207879
2016-02-05 05:00:00,-0.34753899922680903
2016-02-08 05:00:00,-0.3682634439089648
2016-02-09 05:00:00,-0.3706069032030768
2016-02-10 05:00:00,-0.36553194949775425
2016-02-11 05:00:00,-0.3677755248951205
2016-02-12 05:00:00,-0.4068230908625579
2016-02-16 05:00:00,-0.42667317902514573
2016-02-17 05:00:00,-0.4453804099795814
2016-02-18 05:00:00,-0.4460865111191731
2016-02-19 05:00:00,-0.4443242322277613
2016-02-22 05:00:00,-0.4430673306782642
2016-02-23 05:00:00,-0.4435831109877866
2016-02-24 05:00:00,-0.44537626901806937
2016-02-25 05:00:00,-0.4367956469582779
2016-02-26 05:00:00,-0.4286870851589627
2016-02-29 05:00:00,-0.4582470165239577
2016-03-01 05:00:00,-0.4949277095576461
2016-03-02 05:00:00,-0.5958359259292728
2016-03-03 05:00:00,-0.6323101575922684
2016-03-04 05:00:00,-0.6311117364903149
2016-03-07 05:00:00,-0.6330729114141177
2016-03-08 05:00:00,-0.6430783641740989
2016-03-09 05:00:00,-0.6446283544050535
2016-03-10 05:00:00,-0.62775879135704
2016-03-11 05:00:00,-0.6416106349616517
2016-03-14 04:00:00,-0.6376315358118595
2016-03-15 04:00:00,-0.6384792802895953
2016-03-16 04:00:00,-0.6256729142590655
2016-03-17 04:00:00,-0.6195812527224837
2016-03-18 04:00:00,-0.6191491830260356
2016-03-21 04:00:00,-0.6109646481500894
2016-03-22 04:00:00,-0.6037841376527086
2016-03-23 04:00:00,-0.6064255733873687
2016-03-24 04:00:00,-0.6060592252910254
2016-03-28 04:00:00,-0.6008000954682233
2016-03-29 04:00:00,-0.582061133655338
2016-03-30 04:00:00,-0.578722829962105
2016-03-31 04:00:00,-0.5739962671720675
2016-04-01 04:00:00,-0.5721539885981318
2016-04-04 04:00:00,-0.55909481369778
2016-04-05 04:00:00,-0.5881073790680539
2016-04-06 04:00:00,-0.5937669172932518
2016-04-07 04:00:00,-0.6160798074313731
2016-04-08 04:00:00,-0.6458188859039713
2016-04-11 04:00:00,-0.6368212090138943
2016-04-12 04:00:00,-0.6298117932949078
2016-04-13 04:00:00,-0.5950463781732297
2016-04-14 04:00:00,-0.5918471396085555
2016-04-15 04:00:00,-0.5790175896700558
2016-04-18 04:00:00,-0.5806528188805128
2016-04-19 04:00:00,-0.5804466543945893
2016-04-20 04:00:00,-0.5658957934703676
2016-04-21 04:00:00,-0.5565364152979003
2016-04-22 04:00:00,-0.5652571846660968
2016-04-25 04:00:00,-0.5608541704935088
2016-04-26 04:00:00,-0.6417528339503746
2016-04-27 04:00:00,-0.6345816407645519
2016-04-28 04:00:00,-0.6014668919986014
2016-04-29 04:00:00,-0.5996472385781424
2016-05-02 04:00:00,-0.6069106439388249
2016-05-03 04:00:00,-0.6450730488367645
2016-05-04 04:00:00,-0.6210855854908132
2016-05-05 04:00:00,-0.6200550925540653
2016-05-06 04:00:00,-0.6216785155186703
2016-05-09 04:00:00,-0.613776771454161
2016-05-10 04:00:00,-0.5650792399936067
2016-05-11 04:00:00,-0.549062057359954
2016-05-12 04:00:00,-0.5353034404506496
2016-05-13 04:00:00,-0.5448265397200509
2016-05-16 04:00:00,-0.556345506326209
2016-05-17 04:00:00,-0.5644644646406431
2016-05-18 04:00:00,-0.5410690123607054
2016-05-19 04:00:00,-0.5433914194011105
2016-05-20 04:00:00,-0.566027214196765
2016-05-23 04:00:00,-0.5880045801554425
2016-05-24 04:00:00,-0.5867902441721455
2016-05-25 04:00:00,-0.5274431131615012
2016-05-26 04:00:00,-0.5346467947331348
2016-05-27 04:00:00,-0.5416562327856412
2016-05-31 04:00:00,-0.5417559120408177
2016-06-01 04:00:00,-0.5384368994640035
2016-06-02 04:00:00,-0.5024317935474503
2016-06-03 04:00:00,-0.5004442139541205
2016-06-06 04:00:00,-0.5082724118813278
2016-06-07 04:00:00,-0.4758741361080616
2016-06-08 04:00:00,-0.4674400719517052
2016-06-09 04:00:00,-0.4701500220163245
2016-06-10 04:00:00,-0.481544145675416
2016-06-13 04:00:00,-0.4973528160770927
2016-06-14 04:00:00,-0.49815647688812414
2016-06-15 04:00:00,-0.5023643032377008
2016-06-16 04:00:00,-0.49671198819914203
2016-06-17 04:00:00,-0.46214150208083604
2016-06-20 04:00:00,-0.47567321227726167
2016-06-21 04:00:00,-0.477745440194103
2016-06-22 04:00:00,-0.5336091869116075
2016-06-23 04:00:00,-0.5582497877193529
2016-06-24 04:00:00,-0.6721049317537804
2016-06-27 04:00:00,-0.7119381167539027
2016-06-28 04:00:00,-0.6793453107685536
2016-06-29 04:00:00,-0.678312807640879
2016-06-30 04:00:00,-0.6482718251203321
2016-07-01 04:00:00,-0.6162489440260032
2016-07-05 04:00:00,-0.6240557445090481
2016-07-06 04:00:00,-0.624667763580589
2016-07-07 04:00:00,-0.6169932246153685
2016-07-08 04:00:00,-0.5904458455004166
2016-07-11 04:00:00,-0.5930534586248277
2016-07-12 04:00:00,-0.5958589640962264
2016-07-13 04:00:00,-0.5864671425394606
2016-07-14 04:00:00,-0.5851244975449756
2016-07-15 04:00:00,-0.5830756092954251
2016-07-18 04:00:00,-0.599465782398339
2016-07-19 04:00:00,-0.6014458907383741
2016-07-20 04:00:00,-0.6084864520735637
2016-07-21 04:00:00,-0.6091590756831763
2016-07-22 04:00:00,-0.6158578691684169
2016-07-25 04:00:00,-0.6140747060471967
2016-07-26 04:00:00,-0.6152132030938917
2016-07-27 04:00:00,-0.6052321937314945
2016-07-28 04:00:00,-0.5946599679387218
2016-07-29 04:00:00,-0.5881478275395199
2016-08-01 04:00:00,-0.5724941751612329
2016-08-02 04:00:00,-0.5392215524462525
2016-08-03 04:00:00,-0.5394011770570997
2016-08-04 04:00:00,-0.5426385509977816
2016-08-05 04:00:00,-0.5480781144732308
2016-08-08 04:00:00,-0.5510706376449469
2016-08-09 04:00:00,-0.5383848099193419
2016-08-10 04:00:00,-0.529739569557702
2016-08-11 04:00:00,-0.5379079988676758
2016-08-12 04:00:00,-0.5564669542072892
2016-08-15 04:00:00,-0.5520493383285643
2016-08-16 04:00:00,-0.5435280539030284
2016-08-17 04:00:00,-0.5410630905258256
2016-08-18 04:00:00,-0.5364130925916815
2016-08-19 04:00:00,-0.5261254200219884
2016-08-22 04:00:00,-0.5250315282313613
2016-08-23 04:00:00,-0.5238984212054059
2016-08-24 04:00:00,-0.5149683664277128
2016-08-25 04:00:00,-0.5131122633742617
2016-08-26 04:00:00,-0.5117898776269124
2016-08-29 04:00:00,-0.48734360663389564
2016-08-30 04:00:00,-0.4787189133932606
2016-08-31 04:00:00,-0.47879972708177254
2016-09-01 04:00:00,-0.48338113324145715
2016-09-02 04:00:00,-0.48611522588914463
2016-09-06 04:00:00,-0.4769624249837018
2016-09-07 04:00:00,-0.47405758254188807
2016-09-08 04:00:00,-0.4555407531777119
2016-09-09 04:00:00,-0.3130977760654138
2016-09-12 04:00:00,-0.3080029438428676
2016-09-13 04:00:00,-0.2672642065475626
2016-09-14 04:00:00,-0.257871424874871
2016-09-15 04:00:00,-0.2622034790440331
2016-09-16 04:00:00,-0.26693673354629793
2016-09-19 04:00:00,-0.24252960287023434
2016-09-20 04:00:00,-0.037065853649240574
2016-09-21 04:00:00,0.14016131241146543
2016-09-22 04:00:00,0.1467584607691907
2016-09-23 04:00:00,0.19978284920555534
2016-09-26 04:00:00,0.16537889737662037
2016-09-27 04:00:00,0.17489981543225297
2016-09-28 04:00:00,0.2158150315773072
2016-09-29 04:00:00,0.19797405252520098
2016-09-30 04:00:00,0.17219193951629627
2016-10-03 04:00:00,0.14064042783388914
2016-10-04 04:00:00,0.1713629057926917
2016-10-05 04:00:00,0.2169142628735343
2016-10-06 04:00:00,0.22209420337812355
2016-10-07 04:00:00,0.26060769253407146
2016-10-10 04:00:00,0.24429462983962663
2016-10-11 04:00:00,0.24471604035926062
2016-10-12 04:00:00,0.24951335473779043
2016-10-13 04:00:00,0.2534520000022149
2016-10-14 04:00:00,0.24655708311934837
2016-10-17 04:00:00,0.2315626425043203
2016-10-18 04:00:00,0.23888850592627114
2016-10-19 04:00:00,0.23967414526465672
2016-10-20 04:00:00,0.2506612765728484
2016-10-21 04:00:00,0.25163071436842155
2016-10-24 04:00:00,0.24140734922947304
2016-10-25 04:00:00,0.23707861382875337
2016-10-26 04:00:00,0.22087032916312985
2016-10-27 04:00:00,0.2259440731367839
2016-10-28 04:00:00,0.22575770680524915
2016-10-31 04:00:00,0.2668663451272998
2016-11-01 04:00:00,0.26203688824964366
2016-11-02 04:00:00,0.24747725063151682
2016-11-03 04:00:00,0.26112378729813435
2016-11-04 04:00:00,0.27711262471004144
2016-11-07 05:00:00,0.18601023547458634
2016-11-08 05:00:00,0.19262546927828667
2016-11-09 05:00:00,0.012900705554402475
2016-11-10 05:00:00,-0.0010305439078836622
2016-11-11 05:00:00,-0.0010674986202291704
2016-11-14 05:00:00,-0.0033054349299656473
2016-11-15 05:00:00,0.012905447446676994
2016-11-16 05:00:00,0.0047955094537432755
2016-11-17 05:00:00,-0.013431739385137448
2016-11-18 05:00:00,-0.013357268044666457
2016-11-21 05:00:00,-0.005981489702098419
2016-11-22 05:00:00,-0.025958044474805476
2016-11-23 05:00:00,-0.02694772265448794
2016-11-25 05:00:00,-0.01982939826084034
2016-11-28 05:00:00,-0.03308142157758094
2016-11-29 05:00:00,-0.023048714295584565
2016-11-30 05:00:00,-0.019699137025751375
2016-12-01 05:00:00,-0.010712358813128637
2016-12-02 05:00:00,-0.016793686064271087
2016-12-05 05:00:00,-0.12877389056389554
2016-12-06 05:00:00,-0.14451408868612584
2016-12-07 05:00:00,-0.1522954401499615
2016-12-08 05:00:00,-0.15408776957147968
2016-12-09 05:00:00,-0.16492490588691855
2016-12-12 05:00:00,-0.1535667867527189
2016-12-13 05:00:00,-0.1416155847296384
2016-12-14 05:00:00,-0.10873898036436877
2016-12-15 05:00:00,-0.1400659030978696
2016-12-16 05:00:00,-0.16221663536699327
2016-12-19 05:00:00,-0.15132823753201005
2016-12-20 05:00:00,-0.1306822334387946
2016-12-21 05:00:00,-0.15904541806143283
2016-12-22 05:00:00,-0.16064079021709482
2016-12-23 05:00:00,-0.14607107921210336
2016-12-27 05:00:00,-0.13316412696487648
2016-12-28 05:00:00,-0.16140445506917908
2016-12-29 05:00:00,-0.18668343553821215
2016-12-30 05:00:00,-0.18819110622241647
2017-01-03 05:00:00,-0.17043768338909054
2017-01-04 05:00:00,-0.15610659727386936
2017-01-05 05:00:00,-0.15579708519353883
2017-01-06 05:00:00,-0.17473552667538897
2017-01-09 05:00:00,-0.18713046116539564
2017-01-10 05:00:00,-0.18090986794358252
2017-01-11 05:00:00,-0.18367912867714375
2017-01-12 05:00:00,-0.17094087832965557
2017-01-13 05:00:00,-0.18249908657526642
2017-01-17 05:00:00,-0.19968182572189047
2017-01-18 05:00:00,-0.19977923260076919
2017-01-19 05:00:00,-0.18832289005726624
2017-01-20 05:00:00,-0.1858571180779169
2017-01-23 05:00:00,-0.19234362918687112
2017-01-24 05:00:00,-0.20719361079245607
2017-01-25 05:00:00,-0.24532651628950608
2017-01-26 05:00:00,-0.2509321435946869
2017-01-27 05:00:00,-0.2528449215996675
2017-01-30 05:00:00,-0.2454467613692473
2017-01-31 05:00:00,-0.23786264530068657
2017-02-01 05:00:00,-0.25273459857539127
2017-02-02 05:00:00,-0.2462877160346061
2017-02-03 05:00:00,-0.22297105379483412
2017-02-06 05:00:00,-0.22774769529440828
2017-02-07 05:00:00,-0.08498540565072196
2017-02-08 05:00:00,-0.07187625830786303
2017-02-09 05:00:00,-0.11005346668280712
2017-02-10 05:00:00,-0.11244105444054489
2017-02-13 05:00:00,-0.13875033617995797
2017-02-14 05:00:00,-0.1346624525144963
2017-02-15 05:00:00,-0.11722139608740499
2017-02-16 05:00:00,-0.12931470734993533
2017-02-17 05:00:00,-0.1389410920137804
2017-02-21 05:00:00,-0.1419123176879741
2017-02-22 05:00:00,-0.14543224316753023
2017-02-23 05:00:00,-0.1485081713921339
2017-02-24 05:00:00,-0.12515229364193745
2017-02-27 05:00:00,-0.12723178680128877
2017-02-28 05:00:00,-0.17610233335683353
2017-03-01 05:00:00,-0.30501940038999686
2017-03-02 05:00:00,-0.27990202710334694
2017-03-03 05:00:00,-0.28028912755150137
2017-03-06 05:00:00,-0.26572002108214565
2017-03-07 05:00:00,-0.33440117686542037
2017-03-08 05:00:00,-0.3213350477776921
2017-03-09 05:00:00,-0.2949378111441027
2017-03-10 05:00:00,-0.28669296830688995
2017-03-13 04:00:00,-0.30084956328122564
2017-03-14 04:00:00,-0.3932592444666481
2017-03-15 04:00:00,-0.32969240971106756
2017-03-16 04:00:00,-0.3236262886017277
2017-03-17 04:00:00,-0.3444482629329974
2017-03-20 04:00:00,-0.3414149008782812
2017-03-21 04:00:00,-0.36412882048908074
2017-03-22 04:00:00,-0.3638317731952524
2017-03-23 04:00:00,-0.36221614609278774
2017-03-24 04:00:00,-0.36134607105014965
2017-03-27 04:00:00,-0.34515556824145877
2017-03-28 04:00:00,-0.36011205699298443
2017-03-29 04:00:00,-0.3585714207616204
2017-03-30 04:00:00,-0.3875803015093763
2017-03-31 04:00:00,-0.4065132208315254
2017-04-03 04:00:00,-0.4164959586946668
2017-04-04 04:00:00,-0.40641307210633304
2017-04-05 04:00:00,-0.39862342810267065
2017-04-06 04:00:00,-0.3999672188528899
2017-04-07 04:00:00,-0.400068853464405
2017-04-10 04:00:00,-0.4052149282611985
2017-04-11 04:00:00,-0.4060590515316597
2017-04-12 04:00:00,-0.4005796001132476
2017-04-13 04:00:00,-0.4032784237020598
2017-04-17 04:00:00,-0.4339257816868531
2017-04-18 04:00:00,-0.4421965920551268
2017-04-19 04:00:00,-0.42126372275477686
2017-04-20 04:00:00,-0.4144195729808363
2017-04-21 04:00:00,-0.3718909737778191
2017-04-24 04:00:00,-0.38544935023776605
2017-04-25 04:00:00,-0.4029682778149347
2017-04-26 04:00:00,-0.42768616389955166
2017-04-27 04:00:00,-0.4277928649286792
2017-04-28 04:00:00,-0.4345492379491992
2017-05-01 04:00:00,-0.43595784830915263
2017-05-02 04:00:00,-0.4390270192337168
2017-05-03 04:00:00,-0.4341873067856047
2017-05-04 04:00:00,-0.4344038978182664
2017-05-05 04:00:00,-0.45172494546612557
2017-05-08 04:00:00,-0.42686375889691786
2017-05-09 04:00:00,-0.4268435881773228
2017-05-10 04:00:00,-0.42284430793103217
2017-05-11 04:00:00,-0.4123970853296579
2017-05-12 04:00:00,-0.4076872423229594
2017-05-15 04:00:00,-0.41073154782973625
2017-05-16 04:00:00,-0.4195742571891474
2017-05-17 04:00:00,-0.49066840626556196
2017-05-18 04:00:00,-0.48640023841785823
2017-05-19 04:00:00,-0.4745617564397474
2017-05-22 04:00:00,-0.49609899474275676
2017-05-23 04:00:00,-0.49760941549625054
2017-05-24 04:00:00,-0.48525483109795575
2017-05-25 04:00:00,-0.4069346470011576
2017-05-26 04:00:00,-0.43341037038710306
2017-05-30 04:00:00,-0.43513038542861926
2017-05-31 04:00:00,-0.45236649876354923
2017-06-01 04:00:00,-0.45835013992031
2017-06-02 04:00:00,-0.44077231245531356
2017-06-05 04:00:00,-0.43386912065548655
2017-06-06 04:00:00,-0.4454812369701515
2017-06-07 04:00:00,-0.45252834780409074
2017-06-08 04:00:00,-0.445762582146457
2017-06-09 04:00:00,-0.5279752003306314
2017-06-12 04:00:00,-0.5431301173790539
2017-06-13 04:00:00,-0.5385646352354676
2017-06-14 04:00:00,-0.5240324166367926
2017-06-15 04:00:00,-0.49917392597286697
2017-06-16 04:00:00,-0.5047379154144486
2017-06-19 04:00:00,-0.50724440606677
2017-06-20 04:00:00,-0.5249695035962563
2017-06-21 04:00:00,-0.5235565395434619
2017-06-22 04:00:00,-0.5077619098047372
2017-06-23 04:00:00,-0.5123015962205758
2017-06-26 04:00:00,-0.507936473795259
2017-06-27 04:00:00,-0.4073711499867526
2017-06-28 04:00:00,-0.4125821673165469
2017-06-29 04:00:00,-0.34147588527810135
2017-06-30 04:00:00,-0.3397117553915318
2017-07-03 04:00:00,-0.339079926608385
2017-07-05 04:00:00,-0.345955251313
2017-07-06 04:00:00,-0.2789433995591269
2017-07-07 04:00:00,-0.29188556041874764
2017-07-10 04:00:00,-0.27996489190584545
2017-07-11 04:00:00,-0.2735769646253855
2017-07-12 04:00:00,-0.22910682530215717
2017-07-13 04:00:00,-0.21060639075132767
2017-07-14 04:00:00,-0.21813571078154778
2017-07-17 04:00:00,-0.20586018127839797
2017-07-18 04:00:00,-0.20522306302402132
2017-07-19 04:00:00,-0.17743130213063937
2017-07-20 04:00:00,-0.14245324756229724
2017-07-21 04:00:00,-0.14236120049138354
2017-07-24 04:00:00,-0.1385216688322894
2017-07-25 04:00:00,-0.14428117624744463
2017-07-26 04:00:00,-0.13717748677328642
2017-07-27 04:00:00,-0.1299768160216783
2017-07-28 04:00:00,-0.13547088696895415
2017-07-31 04:00:00,-0.13521247110018778
2017-08-01 04:00:00,-0.12790968124620997
2017-08-02 04:00:00,-0.13251361499278982
2017-08-03 04:00:00,-0.14631252293173252
2017-08-04 04:00:00,-0.1490959850411051
2017-08-07 04:00:00,-0.15046223350503718
2017-08-08 04:00:00,-0.1318855541195628
2017-08-09 04:00:00,-0.12397737384226941
2017-08-10 04:00:00,-0.17877039840473047
2017-08-11 04:00:00,-0.030857006039374704
2017-08-14 04:00:00,-0.06730867393423488
2017-08-15 04:00:00,-0.0733758816183681
2017-08-16 04:00:00,-0.0614382888714089
2017-08-17 04:00:00,-0.11822728316561895
2017-08-18 04:00:00,-0.1247086400831485
2017-08-21 04:00:00,-0.12409104018189285
2017-08-22 04:00:00,-0.14653222968062973
2017-08-23 04:00:00,-0.15689489627965564
2017-08-24 04:00:00,-0.14860483277825315
2017-08-25 04:00:00,-0.14490034886475545
2017-08-28 04:00:00,-0.1741811388965812
2017-08-29 04:00:00,-0.17780829319733352
2017-08-30 04:00:00,-0.16936059675874549
2017-08-31 04:00:00,-0.1538061025915021
2017-09-01 04:00:00,-0.15647951035282906
2017-09-05 04:00:00,-0.2147209608865811
2017-09-06 04:00:00,-0.22423699416469017
2017-09-07 04:00:00,-0.22184528399543546
2017-09-08 04:00:00,-0.21783454575971514
2017-09-11 04:00:00,-0.2771107003811314
2017-09-12 04:00:00,-0.2831599185297616
2017-09-13 04:00:00,-0.2810223654807232
2017-09-14 04:00:00,-0.25472252933720846
2017-09-15 04:00:00,-0.25389509985201814
2017-09-18 04:00:00,-0.2560540341473239
2017-09-19 04:00:00,-0.25621381287120903
2017-09-20 04:00:00,-0.2574624222854542
2017-09-21 04:00:00,-0.3265394912372195
2017-09-22 04:00:00,-0.31845079407302646
2017-09-25 04:00:00,-0.3955039688040335
2017-09-26 04:00:00,-0.39380633727320413
2017-09-27 04:00:00,-0.4000321188154224
2017-09-28 04:00:00,-0.40081130329562675
2017-09-29 04:00:00,-0.47404474663756035
2017-10-02 04:00:00,-0.4635067948554215
2017-10-03 04:00:00,-0.46288534222894967
2017-10-04 04:00:00,-0.4621800160224957
2017-10-05 04:00:00,-0.5139049450561853
2017-10-06 04:00:00,-0.5096258393181731
2017-10-09 04:00:00,-0.5185813591265682
2017-10-10 04:00:00,-0.5151038663963515
2017-10-11 04:00:00,-0.5223606427457146
2017-10-12 04:00:00,-0.5316044579560799
2017-10-13 04:00:00,-0.5224492751985229
2017-10-16 04:00:00,-0.5211449838053512
2017-10-17 04:00:00,-0.5259671289693155
2017-10-18 04:00:00,-0.5299824432156799
2017-10-19 04:00:00,-0.5298004242261103
2017-10-20 04:00:00,-0.5526869896820987
2017-10-23 04:00:00,-0.5501843138387257
2017-10-24 04:00:00,-0.5482287210734867
2017-10-25 04:00:00,-0.5342935358819243
2017-10-26 04:00:00,-0.5342254072419417
2017-10-27 04:00:00,-0.47781521132480453
2017-10-30 04:00:00,-0.4942828552830948
2017-10-31 04:00:00,-0.49525126347529247
2017-11-01 04:00:00,-0.5027589453139519
2017-11-02 04:00:00,-0.502425093912611
2017-11-03 04:00:00,-0.46417471373738733
2017-11-06 05:00:00,-0.46116045183900806
2017-11-07 05:00:00,-0.44987726155493485
2017-11-08 05:00:00,-0.4570424239474417
2017-11-09 05:00:00,-0.4438280151956022
2017-11-10 05:00:00,-0.37612310892128215
2017-11-13 05:00:00,-0.3781917613010642
2017-11-14 05:00:00,-0.3912229296981065
2017-11-15 05:00:00,-0.4243078617841087
2017-11-16 05:00:00,-0.43954429305782305
2017-11-17 05:00:00,-0.4698168024890216
2017-11-20 05:00:00,-0.47662706195323123
2017-11-21 05:00:00,-0.45070587286061564
2017-11-22 05:00:00,-0.45482396240742545
2017-11-24 05:00:00,-0.4601150721297909
2017-11-27 05:00:00,-0.48078513990019495
2017-11-28 05:00:00,-0.4448177138993196
2017-11-29 05:00:00,-0.350825174257834
2017-11-30 05:00:00,-0.34841551132311144
2017-12-01 05:00:00,-0.3658652608090738
2017-12-04 05:00:00,-0.37159662371482644
2017-12-05 05:00:00,-0.3201552283444707
2017-12-06 05:00:00,-0.31332821692920854
2017-12-07 05:00:00,-0.326270255348314
2017-12-08 05:00:00,-0.3184566246990126
2017-12-11 05:00:00,-0.3209771671910452
2017-12-12 05:00:00,-0.31894271108273264
2017-12-13 05:00:00,-0.3228863275434803
2017-12-14 05:00:00,-0.3328648315422072
2017-12-15 05:00:00,-0.30549321554723324
2017-12-18 05:00:00,-0.3315842480221473
2017-12-19 05:00:00,-0.2484541267390192
2017-12-20 05:00:00,-0.22726027920009234
2017-12-21 05:00:00,-0.20250225656628218
2017-12-22 05:00:00,-0.2040830869741476
2017-12-26 05:00:00,-0.21307700604559726
2017-12-27 05:00:00,-0.20718303348729145
2017-12-28 05:00:00,-0.20861711749875037
2017-12-29 05:00:00,-0.2096018615225255
2018-01-02 05:00:00,-0.2390484250016994
2018-01-03 05:00:00,-0.22333390207711482
2018-01-04 05:00:00,-0.21916413201984353
2018-01-05 05:00:00,-0.2289539122988651
2018-01-08 05:00:00,-0.22972267106012303
2018-01-09 05:00:00,-0.22370699315874873
2018-01-10 05:00:00,-0.22215800933830376
2018-01-11 05:00:00,-0.199537778900075
2018-01-12 05:00:00,-0.18995790334468832
2018-01-16 05:00:00,-0.2042783036543632
2018-01-17 05:00:00,-0.20388163613239563
2018-01-18 05:00:00,-0.16020373023109358
2018-01-19 05:00:00,-0.16531497460235872
2018-01-22 05:00:00,-0.1587260659891008
2018-01-23 05:00:00,-0.18384435685661096
2018-01-24 05:00:00,-0.17567878900690298
2018-01-25 05:00:00,-0.21333037695385215
2018-01-26 05:00:00,-0.19967943011944655
2018-01-29 05:00:00,-0.15373924667134897
2018-01-30 05:00:00,-0.10291321323000982
2018-01-31 05:00:00,-0.10324612128972407
2018-02-01 05:00:00,-0.08086035452438385
2018-02-02 05:00:00,0.025868954138093175
2018-02-05 05:00:00,-0.11896685497955965
2018-02-06 05:00:00,-0.14423741834249007
2018-02-07 05:00:00,-0.12866415303922502
2018-02-08 05:00:00,-0.11344303391817838
2018-02-09 05:00:00,-0.13287819329439882
2018-02-12 05:00:00,-0.10702453030234918
2018-02-13 05:00:00,-0.08954147054161753
2018-02-14 05:00:00,-0.1059382060360438
2018-02-15 05:00:00,-0.0840980922891492
2018-02-16 05:00:00,-0.0848007255965893
2018-02-20 05:00:00,-0.08437286246726548
2018-02-21 05:00:00,-0.06450113402216962
2018-02-22 05:00:00,-0.06319137426190138
2018-02-23 05:00:00,-0.024814594589671023
2018-02-26 05:00:00,-0.026483966396914676
2018-02-27 05:00:00,-0.028364806669091486
2018-02-28 05:00:00,-0.04169048251605311
2018-03-01 05:00:00,-0.06095334837247399
2018-03-02 05:00:00,-0.06788711299291814
2018-03-05 05:00:00,-0.06610739693545985
2018-03-06 05:00:00,-0.06482820917083083
2018-03-07 05:00:00,-0.06149149107723842
2018-03-08 05:00:00,-0.05550452290411278
2018-03-09 05:00:00,-0.07508498297906853
2018-03-12 04:00:00,-0.07787226071711531
2018-03-13 04:00:00,-0.08641610003357736
2018-03-14 04:00:00,-0.09259671589428851
2018-03-15 04:00:00,-0.1019463223487058
2018-03-16 04:00:00,-0.09262146320605269
2018-03-19 04:00:00,-0.0985174519328967
2018-03-20 04:00:00,-0.10382595347475944
2018-03-21 04:00:00,-0.10832546910297304
2018-03-22 04:00:00,-0.16164926212180128
2018-03-23 04:00:00,-0.1560909774353578
2018-03-26 04:00:00,-0.1764272080667914
2018-03-27 04:00:00,-0.20985045151215725
2018-03-28 04:00:00,-0.20985392367447117
2018-03-29 04:00:00,-0.18068097176510853
2018-04-02 04:00:00,-0.19588511169241427
2018-04-03 04:00:00,-0.21251271411137937
2018-04-04 04:00:00,-0.21195893490637555
2018-04-05 04:00:00,-0.2207448557913383
2018-04-06 04:00:00,-0.2599259425849792
2018-04-09 04:00:00,-0.2574212802745476
2018-04-10 04:00:00,-0.26781212321284537
2018-04-11 04:00:00,-0.273911151745511
2018-04-12 04:00:00,-0.28101303570102454
2018-04-13 04:00:00,-0.28129890595642026
2018-04-16 04:00:00,-0.28582571833886833
2018-04-17 04:00:00,-0.2739294788710652
2018-04-18 04:00:00,-0.27526616993174663
2018-04-19 04:00:00,-0.2678750300236378
2018-04-20 04:00:00,-0.2555269248956913
2018-04-23 04:00:00,-0.2618381136111252
2018-04-24 04:00:00,-0.24431255396607965
2018-04-25 04:00:00,-0.2558523705165028
2018-04-26 04:00:00,-0.2471119397414443
2018-04-27 04:00:00,-0.24457127376128107
2018-04-30 04:00:00,-0.2586985970116389
2018-05-01 04:00:00,-0.3113271949719495
2018-05-02 04:00:00,-0.25147359234522354
2018-05-03 04:00:00,-0.23130618064427377
2018-05-04 04:00:00,-0.24250231687462143
2018-05-07 04:00:00,-0.2790646974082001
2018-05-08 04:00:00,-0.26021110112886303
2018-05-09 04:00:00,-0.29352212350904666
2018-05-10 04:00:00,-0.2717246261734209
2018-05-11 04:00:00,-0.24034749559854043
2018-05-14 04:00:00,-0.25337047985951766
2018-05-15 04:00:00,-0.2240013889607156
2018-05-16 04:00:00,-0.23653648777143166
2018-05-17 04:00:00,-0.26184765096940954
2018-05-18 04:00:00,-0.2646062110282128
2018-05-21 04:00:00,-0.3142783708018662
2018-05-22 04:00:00,-0.31726730334504194
2018-05-23 04:00:00,-0.31595944303479134
2018-05-24 04:00:00,-0.3027101264037984
2018-05-25 04:00:00,-0.2836842183011777
2018-05-29 04:00:00,-0.312712794003499
2018-05-30 04:00:00,-0.3244436484055432
2018-05-31 04:00:00,-0.3198894935253256
2018-06-01 04:00:00,-0.3303144212739517
2018-06-04 04:00:00,-0.3440787461266466
2018-06-05 04:00:00,-0.3232556575132485
2018-06-06 04:00:00,-0.3356070583010898
2018-06-07 04:00:00,-0.3242219603742149
2018-06-08 04:00:00,-0.3191336654992958
2018-06-11 04:00:00,-0.3194383612072383
2018-06-12 04:00:00,-0.3195286063920227
2018-06-13 04:00:00,-0.3371280476823241
2018-06-14 04:00:00,-0.32790307357461285
2018-06-15 04:00:00,-0.32777488481454603
2018-06-18 04:00:00,-0.28108384322568425
2018-06-19 04:00:00,-0.30814665600328306
2018-06-20 04:00:00,-0.29710417507113723
2018-06-21 04:00:00,-0.2607623247731017
2018-06-22 04:00:00,-0.2581514774411801
2018-06-25 04:00:00,-0.2882152441023397
2018-06-26 04:00:00,-0.2926322630088057
2018-06-27 04:00:00,-0.29040582624896644
2018-06-28 04:00:00,-0.285439321146947
2018-06-29 04:00:00,-0.2701180131003015
2018-07-02 04:00:00,-0.19903429870857942
2018-07-03 04:00:00,-0.2101029571784864
2018-07-05 04:00:00,-0.1948301036191616
2018-07-06 04:00:00,-0.1749452311466591
2018-07-09 04:00:00,-0.17441519554365842
2018-07-10 04:00:00,-0.17183812104695242
2018-07-11 04:00:00,-0.1838768513461969
2018-07-12 04:00:00,-0.19770287076796073
2018-07-13 04:00:00,-0.20032714002623775
2018-07-16 04:00:00,-0.22625207139927342
2018-07-17 04:00:00,-0.27194322282784805
2018-07-18 04:00:00,-0.27318821255575243
2018-07-19 04:00:00,-0.3366319366935289
2018-07-20 04:00:00,-0.30816181050843744
2018-07-23 04:00:00,-0.3400393179719257
2018-07-24 04:00:00,-0.33575906648960446
2018-07-25 04:00:00,-0.3375335277998794
2018-07-26 04:00:00,-0.33247980276344125
2018-07-27 04:00:00,-0.3431272315035967
2018-07-30 04:00:00,-0.3226941980856297
2018-07-31 04:00:00,-0.3293814692170243
2018-08-01 04:00:00,-0.3116465633665444
2018-08-02 04:00:00,-0.3076106104452938
2018-08-03 04:00:00,-0.2795926832229488
2018-08-06 04:00:00,-0.3220464946904175
2018-08-07 04:00:00,-0.32966580245017196
2018-08-08 04:00:00,-0.3332576850061811
2018-08-09 04:00:00,-0.40232421806616764
2018-08-10 04:00:00,-0.41313194350552707
2018-08-13 04:00:00,-0.411775994268273
2018-08-14 04:00:00,-0.4096114643738311
2018-08-15 04:00:00,-0.42651329690118195
2018-08-16 04:00:00,-0.42855663563546786
2018-08-17 04:00:00,-0.4386255458036088
2018-08-20 04:00:00,-0.42595191613093536
2018-08-21 04:00:00,-0.4219276710375354
2018-08-22 04:00:00,-0.3362673199048331
2018-08-23 04:00:00,-0.30342369733701885
2018-08-24 04:00:00,-0.3091827323369948
2018-08-27 04:00:00,-0.3066205987782562
2018-08-28 04:00:00,-0.2883931568817302
2018-08-29 04:00:00,-0.2833267048075847
2018-08-30 04:00:00,-0.25538535787048827
2018-08-31 04:00:00,-0.2550193818777595
2018-09-04 04:00:00,-0.2366142804684665
2018-09-05 04:00:00,-0.22751300350845594
2018-09-06 04:00:00,-0.23451335756311278
2018-09-07 04:00:00,-0.215359639344572
2018-09-10 04:00:00,-0.22778607537032972
2018-09-11 04:00:00,-0.2354425203443366
2018-09-12 04:00:00,-0.2380384037794926
2018-09-13 04:00:00,-0.21549300043162745
2018-09-14 04:00:00,-0.21228278525588914
2018-09-17 04:00:00,-0.18831936246382605
2018-09-18 04:00:00,-0.21188530456266041
2018-09-19 04:00:00,-0.1988668554294963
2018-09-20 04:00:00,-0.1700666787561757
2018-09-21 04:00:00,-0.10835562601679677
2018-09-24 04:00:00,-0.10384846903860928
2018-09-25 04:00:00,-0.10282474137441322
2018-09-26 04:00:00,-0.12367422235791595
2018-09-27 04:00:00,-0.10346152259286474
2018-09-28 04:00:00,-0.12288268752940189
2018-10-01 04:00:00,-0.16014981666204822
2018-10-02 04:00:00,-0.13508295730042127
2018-10-03 04:00:00,-0.12165195862914037
2018-10-04 04:00:00,-0.05256111804529431
2018-10-05 04:00:00,-0.024154377228084653
2018-10-08 04:00:00,-0.02391685549088915
2018-10-09 04:00:00,-0.04266032356141083
2018-10-10 04:00:00,-0.0017273163835795648
2018-10-11 04:00:00,-0.12417680009010944
2018-10-12 04:00:00,-0.12609081788930934
2018-10-15 04:00:00,-0.1355508773309632
2018-10-16 04:00:00,-0.09300458283134046
2018-10-17 04:00:00,-0.10175728397129745
2018-10-18 04:00:00,-0.09839111221002304
2018-10-19 04:00:00,-0.09935651847811307
2018-10-22 04:00:00,-0.09238715029777277
2018-10-23 04:00:00,-0.10558458711319646
2018-10-24 04:00:00,-0.19431122300785594
2018-10-25 04:00:00,-0.21585420420177204
2018-10-26 04:00:00,-0.24962200970433002
2018-10-29 04:00:00,-0.2589362003699062
2018-10-30 04:00:00,-0.27676740112708725
2018-10-31 04:00:00,-0.2844137272098341
2018-11-01 04:00:00,-0.27518680472173995
2018-11-02 04:00:00,-0.24862068713721874
2018-11-05 05:00:00,-0.22517216045172012
2018-11-06 05:00:00,-0.22474389133528613
2018-11-07 05:00:00,-0.19761625836120528
2018-11-08 05:00:00,-0.18535138191776435
2018-11-09 05:00:00,-0.20919027661181405
2018-11-12 05:00:00,-0.2439025493547017
2018-11-13 05:00:00,-0.2544786980803676
2018-11-14 05:00:00,-0.25470518311172347
2018-11-15 05:00:00,-0.25228127078968615
2018-11-16 05:00:00,-0.24233242885878284
2018-11-19 05:00:00,-0.2610775177346248
2018-11-20 05:00:00,-0.2513594629600562
2018-11-21 05:00:00,-0.24947951573503113
2018-11-23 05:00:00,-0.2566539019819046
2018-11-26 05:00:00,-0.2568451653286966
2018-11-27 05:00:00,-0.2533918638883146
2018-11-28 05:00:00,-0.27260836243769515
2018-11-29 05:00:00,-0.2742150047957167
2018-11-30 05:00:00,-0.2626530363927631
2018-12-03 05:00:00,-0.2350339574837347
2018-12-04 05:00:00,-0.33599124318255696
2018-12-06 05:00:00,-0.33297194016260945
2018-12-07 05:00:00,-0.33425366999923567
2018-12-10 05:00:00,-0.33314554512425637
2018-12-11 05:00:00,-0.3333975170459655
2018-12-12 05:00:00,-0.33819060101190757
2018-12-13 05:00:00,-0.33169773587257917
2018-12-14 05:00:00,-0.33811260424524425
2018-12-17 05:00:00,-0.3658997142592734
2018-12-18 05:00:00,-0.361413362584923
2018-12-19 05:00:00,-0.38179224191594624
2018-12-20 05:00:00,-0.36270591904243804
2018-12-21 05:00:00,-0.3569238579365601
2018-12-24 05:00:00,-0.3682189114149778
2018-12-26 05:00:00,-0.4281239490050929
2018-12-27 05:00:00,-0.4253703240729973
2018-12-28 05:00:00,-0.4225893712038655
2018-12-31 05:00:00,-0.43958857645034927
2019-01-02 05:00:00,-0.4527000687295617
2019-01-03 05:00:00,-0.4949120572202761
2019-01-04 05:00:00,-0.5396381348547694
2019-01-07 05:00:00,-0.5548857165752423
2019-01-08 05:00:00,-0.6008332481174137
2019-01-09 05:00:00,-0.5855571812441451
2019-01-10 05:00:00,-0.5769523169344406
2019-01-11 05:00:00,-0.5771111208966396
2019-01-14 05:00:00,-0.5850667611248541
2019-01-15 05:00:00,-0.5959888060590823
2019-01-16 05:00:00,-0.6038167157118048
2019-01-17 05:00:00,-0.6052211813625378
2019-01-18 05:00:00,-0.6149325388205261
2019-01-22 05:00:00,-0.6197730769381022
2019-01-23 05:00:00,-0.6078493432721103
2019-01-24 05:00:00,-0.5945769481533477
2019-01-25 05:00:00,-0.590476346298424
2019-01-28 05:00:00,-0.5915871748823648
2019-01-29 05:00:00,-0.5823080044707879
2019-01-30 05:00:00,-0.5770615314050895
2019-01-31 05:00:00,-0.5546857122897892
2019-02-01 05:00:00,-0.5966804052283431
2019-02-04 05:00:00,-0.6032865647930579
2019-02-05 05:00:00,-0.5970489813111892
2019-02-06 05:00:00,-0.6080152045473944
2019-02-07 05:00:00,-0.6125110310167502
2019-02-08 05:00:00,-0.6062081180277776
2019-02-11 05:00:00,-0.5939413500019545
2019-02-12 05:00:00,-0.5996126008422491
2019-02-13 05:00:00,-0.600524516428868
2019-02-14 05:00:00,-0.5988537168337777
2019-02-15 05:00:00,-0.6012167514614469
2019-02-19 05:00:00,-0.6024766365664609
2019-02-20 05:00:00,-0.6143740475025089
2019-02-21 05:00:00,-0.5865099281560847
2019-02-22 05:00:00,-0.5777576287970849
2019-02-25 05:00:00,-0.5722072509232661
2019-02-26 05:00:00,-0.5714087680923209
2019-02-27 05:00:00,-0.5353316882187693
2019-02-28 05:00:00,-0.5301085501146274
2019-03-01 05:00:00,-0.5344736257500559
2019-03-04 05:00:00,-0.5613559531606176
2019-03-05 05:00:00,-0.5047057134937207
2019-03-06 05:00:00,-0.5070397746443284
2019-03-07 05:00:00,-0.5218104957217122
2019-03-08 05:00:00,-0.5250990611741654
2019-03-11 04:00:00,-0.5295667959070255
2019-03-12 04:00:00,-0.5182986444119169
2019-03-13 04:00:00,-0.5222847699923094
2019-03-14 04:00:00,-0.5090856618930948
2019-03-15 04:00:00,-0.4879702449073004
2019-03-18 04:00:00,-0.4881298596703496
2019-03-19 04:00:00,-0.4584289075320595
2019-03-20 04:00:00,-0.4906973278329852
2019-03-21 04:00:00,-0.5054501877286498
2019-03-22 04:00:00,-0.54792696423518
2019-03-25 04:00:00,-0.5125477479866934
2019-03-26 04:00:00,-0.514015742572455
2019-03-27 04:00:00,-0.5221670837364896
2019-03-28 04:00:00,-0.5303213786142378
2019-03-29 04:00:00,-0.5325107676176178
2019-04-01 04:00:00,-0.50622205985652
2019-04-02 04:00:00,-0.4483538646824413
2019-04-03 04:00:00,-0.43223853845156274
2019-04-04 04:00:00,-0.4264867111258181
2019-04-05 04:00:00,-0.423339155333142
2019-04-08 04:00:00,-0.41990007449003597
2019-04-09 04:00:00,-0.4225529787295003
2019-04-10 04:00:00,-0.4433803285435009
2019-04-11 04:00:00,-0.4232703639324884
2019-04-12 04:00:00,-0.43189898202838045
2019-04-15 04:00:00,-0.43538405482509046
2019-04-16 04:00:00,-0.4125493442515276
2019-04-17 04:00:00,-0.39023688970122083
2019-04-18 04:00:00,-0.3872607695077756
2019-04-22 04:00:00,-0.3828744936359281
2019-04-23 04:00:00,-0.36152206177775364
2019-04-24 04:00:00,-0.38375059882070833
2019-04-25 04:00:00,-0.37648835080641274
2019-04-26 04:00:00,-0.3807156665108003
2019-04-29 04:00:00,-0.4186916090145728
2019-04-30 04:00:00,-0.4265295447821155
2019-05-01 04:00:00,-0.42454247454671445
2019-05-02 04:00:00,-0.4200737579711114
2019-05-03 04:00:00,-0.40218956242003373
2019-05-06 04:00:00,-0.38649110252300956
2019-05-07 04:00:00,-0.41574721456958197
2019-05-08 04:00:00,-0.4102721725584415
2019-05-09 04:00:00,-0.4110536996590295
2019-05-10 04:00:00,-0.410391940505682
2019-05-13 04:00:00,-0.42923977334402563
2019-05-14 04:00:00,-0.4479116044873485
2019-05-15 04:00:00,-0.4312326389282988
2019-05-16 04:00:00,-0.4375114224520278
2019-05-17 04:00:00,-0.46668824020532873
2019-05-20 04:00:00,-0.4717038211467192
2019-05-21 04:00:00,-0.4737135686903997
2019-05-22 04:00:00,-0.47726385168196833
2019-05-23 04:00:00,-0.5280539656809784
2019-05-24 04:00:00,-0.5353327483813222
2019-05-28 04:00:00,-0.5389156891117973
2019-05-29 04:00:00,-0.5367821863303865
2019-05-30 04:00:00,-0.5203005064189392
2019-05-31 04:00:00,-0.5465822354374505
2019-06-03 04:00:00,-0.5404717645287723
2019-06-04 04:00:00,-0.5837599660327283
2019-06-05 04:00:00,-0.5887498141806817
2019-06-06 04:00:00,-0.5934826660771224
2019-06-07 04:00:00,-0.5511325104579494
2019-06-10 04:00:00,-0.5635987819066162
2019-06-11 04:00:00,-0.5767420456189184
2019-06-12 04:00:00,-0.5750436501464136
2019-06-13 04:00:00,-0.5725944391277291
2019-06-14 04:00:00,-0.5738847951254274
2019-06-17 04:00:00,-0.5871363060570943
2019-06-18 04:00:00,-0.5130729889294362
2019-06-19 04:00:00,-0.5125982282706864
2019-06-20 04:00:00,-0.5000360866617801
2019-06-21 04:00:00,-0.4611439931852752
2019-06-24 04:00:00,-0.4656041019012378
2019-06-25 04:00:00,-0.4648427071684185
2019-06-26 04:00:00,-0.42027018714273173
2019-06-27 04:00:00,-0.40796123378817056
2019-06-28 04:00:00,-0.4167797940068692
2019-07-01 04:00:00,-0.4253839942704083
2019-07-02 04:00:00,-0.41590571002594584
2019-07-03 04:00:00,-0.3940935546791408
2019-07-05 04:00:00,-0.3598495617712432
2019-07-08 04:00:00,-0.35999323000608
2019-07-09 04:00:00,-0.36730735762292066
2019-07-10 04:00:00,-0.36153527761471843
2019-07-11 04:00:00,-0.35195180969102435
2019-07-12 04:00:00,-0.3557672399738107
2019-07-15 04:00:00,-0.356227638405505
2019-07-16 04:00:00,-0.35115412394682627
2019-07-17 04:00:00,-0.36930829558106415
2019-07-18 04:00:00,-0.3764994127453634
2019-07-19 04:00:00,-0.363134031913853
2019-07-22 04:00:00,-0.36403855698617454
2019-07-23 04:00:00,-0.3790724413176737
2019-07-24 04:00:00,-0.3744871919100885
2019-07-25 04:00:00,-0.35968049123036283
2019-07-26 04:00:00,-0.3497797628611324
2019-07-29 04:00:00,-0.3581981786062614
2019-07-30 04:00:00,-0.36960107518020124
2019-07-31 04:00:00,-0.38599374166190475
2019-08-01 04:00:00,-0.3941089986080207
2019-08-02 04:00:00,-0.41382353702038294
2019-08-05 04:00:00,-0.48746875697348807
2019-08-06 04:00:00,-0.4464837593315433
2019-08-07 04:00:00,-0.43926362732717733
2019-08-08 04:00:00,-0.41152235237019275
2019-08-09 04:00:00,-0.40818076039315637
2019-08-12 04:00:00,-0.4347606063870634
2019-08-13 04:00:00,-0.44690556563300976
2019-08-14 04:00:00,-0.5357709006304187
2019-08-15 04:00:00,-0.5211634337869805
2019-08-16 04:00:00,-0.5371724623544877
2019-08-19 04:00:00,-0.541919564637799
2019-08-20 04:00:00,-0.5484348704934946
2019-08-21 04:00:00,-0.5504004212441823
2019-08-22 04:00:00,-0.5441425828629545
2019-08-23 04:00:00,-0.5810407703839242
2019-08-26 04:00:00,-0.5729747369617537
2019-08-27 04:00:00,-0.5711214023895657
2019-08-28 04:00:00,-0.5456213928928433
2019-08-29 04:00:00,-0.5452790764894984
2019-08-30 04:00:00,-0.5477253459859969
2019-09-03 04:00:00,-0.5659536801332274
2019-09-04 04:00:00,-0.5611320291904938
2019-09-05 04:00:00,-0.5772746006549722
2019-09-06 04:00:00,-0.5762417956024822
2019-09-09 04:00:00,-0.5532318556331811
2019-09-10 04:00:00,-0.5296227381962196
2019-09-11 04:00:00,-0.530844838715622
2019-09-12 04:00:00,-0.5437933044332304
2019-09-13 04:00:00,-0.5141989297001535
2019-09-16 04:00:00,-0.5216481888770588
2019-09-17 04:00:00,-0.5295828335196644
2019-09-18 04:00:00,-0.5291751312418601
2019-09-19 04:00:00,-0.5306476925228688
2019-09-20 04:00:00,-0.5389865057293741
2019-09-23 04:00:00,-0.5438280637645908
2019-09-24 04:00:00,-0.5503359791782839
2019-09-25 04:00:00,-0.5513871773016863
2019-09-26 04:00:00,-0.5569493078209278
2019-09-27 04:00:00,-0.5698728835707831
2019-09-30 04:00:00,-0.5811862247850861
2019-10-01 04:00:00,-0.5786774880274028
2019-10-02 04:00:00,-0.5663054583051692
2019-10-03 04:00:00,-0.5463459013783254
2019-10-04 04:00:00,-0.528061996765277
2019-10-07 04:00:00,-0.5154185683713527
2019-10-08 04:00:00,-0.5093147383739045
2019-10-09 04:00:00,-0.5188435491423973
2019-10-10 04:00:00,-0.5191456881096761
2019-10-11 04:00:00,-0.5294155576419415
2019-10-14 04:00:00,-0.5339266405481868
2019-10-15 04:00:00,-0.5432724284713855
2019-10-16 04:00:00,-0.5398059181808851
2019-10-17 04:00:00,-0.5442509876120857
2019-10-18 04:00:00,-0.5496213319064772
2019-10-21 04:00:00,-0.556848182033951
2019-10-22 04:00:00,-0.5582110511923872
2019-10-23 04:00:00,-0.5577215693931756
2019-10-24 04:00:00,-0.5530479601740409
2019-10-25 04:00:00,-0.5465686608917371
2019-10-28 04:00:00,-0.5437350372145754
2019-10-29 04:00:00,-0.5079303755563401
2019-10-30 04:00:00,-0.5227688478411975
2019-10-31 04:00:00,-0.5229687210517981
2019-11-01 04:00:00,-0.5492483302493881
2019-11-04 05:00:00,-0.5547256722419052
2019-11-05 05:00:00,-0.5218466631763854
2019-11-06 05:00:00,-0.5249431672935835
2019-11-07 05:00:00,-0.4500788630749801
2019-11-08 05:00:00,-0.46007329522651513
2019-11-11 05:00:00,-0.45341128465983094
2019-11-12 05:00:00,-0.431223469146398
2019-11-13 05:00:00,-0.4163408159387786
2019-11-14 05:00:00,-0.4047493868607807
2019-11-15 05:00:00,-0.40674356014739027
2019-11-18 05:00:00,-0.34304716485831627
2019-11-19 05:00:00,-0.34233478126524425
2019-11-20 05:00:00,-0.3385862418950601
2019-11-21 05:00:00,-0.33792826774595497
2019-11-22 05:00:00,-0.3367897234321676
2019-11-25 05:00:00,-0.3255090688529297
2019-11-26 05:00:00,-0.3217990071392166
2019-11-27 05:00:00,-0.33766253612419594
2019-11-29 05:00:00,-0.28743267330567723
2019-12-02 05:00:00,-0.23892907656603163
2019-12-03 05:00:00,-0.28355227484888273
2019-12-04 05:00:00,-0.31062639903077593
2019-12-05 05:00:00,-0.31079402052936755
2019-12-06 05:00:00,-0.3157023328474079
2019-12-09 05:00:00,-0.3448500259485225
2019-12-10 05:00:00,-0.33579611618143185
2019-12-11 05:00:00,-0.3321910931114173
2019-12-12 05:00:00,-0.3586776534262265
2019-12-13 05:00:00,-0.35394261406277616
2019-12-16 05:00:00,-0.34954659947668215
2019-12-17 05:00:00,-0.3492087365569616
2019-12-18 05:00:00,-0.3188546325978401
2019-12-19 05:00:00,-0.3031383305212344
2019-12-20 05:00:00,-0.2949729553331402
2019-12-23 05:00:00,-0.2914014210222334
2019-12-24 05:00:00,-0.29697362469423993
2019-12-26 05:00:00,-0.28805493188792897
2019-12-27 05:00:00,-0.29897441742497516
2019-12-30 05:00:00,-0.31757113177421864
2019-12-31 05:00:00,-0.37801348695620857
2020-01-02 05:00:00,-0.34954086265350753
2020-01-03 05:00:00,-0.4088478249335777
2020-01-06 05:00:00,-0.4052864202058023
2020-01-07 05:00:00,-0.37269970053589785
2020-01-08 05:00:00,-0.34888621691166155
2020-01-09 05:00:00,-0.3281948006557439
2020-01-10 05:00:00,-0.3097516036116319
2020-01-13 05:00:00,-0.31256968386721784
2020-01-14 05:00:00,-0.3169840675651158
2020-01-15 05:00:00,-0.31877242375465453
2020-01-16 05:00:00,-0.30967434450658876
2020-01-17 05:00:00,-0.3027675915429445
2020-01-21 05:00:00,-0.31639943935898507
2020-01-22 05:00:00,-0.31849311561421045
2020-01-23 05:00:00,-0.3143830404211179
2020-01-24 05:00:00,-0.3212525110310861
2020-01-27 05:00:00,-0.3824370990436095
2020-01-28 05:00:00,-0.41931129029996866
2020-01-29 05:00:00,-0.4123010248632776
2020-01-30 05:00:00,-0.4097266831547218
2020-01-31 05:00:00,-0.4178964263861743
2020-02-03 05:00:00,-0.435696103830644
2020-02-04 05:00:00,-0.47457418658972234
2020-02-05 05:00:00,-0.5051140800349923
2020-02-06 05:00:00,-0.5013229800627442
2020-02-07 05:00:00,-0.5157954732316864
2020-02-10 05:00:00,-0.5097745993575421
2020-02-11 05:00:00,-0.507846530433565
2020-02-12 05:00:00,-0.5187035308396551
2020-02-13 05:00:00,-0.5203164315645386
2020-02-14 05:00:00,-0.519116198930598
2020-02-18 05:00:00,-0.5228547015521359
2020-02-19 05:00:00,-0.5148041890307576
2020-02-20 05:00:00,-0.5337746261642302
2020-02-21 05:00:00,-0.5463335233533844
2020-02-24 05:00:00,-0.5702910381394963
2020-02-25 05:00:00,-0.5390980586039065
2020-02-26 05:00:00,-0.5275849764855158
2020-02-27 05:00:00,-0.5206283391051784
2020-02-28 05:00:00,-0.546042916003302
2020-03-02 05:00:00,-0.5458171204158976
2020-03-03 05:00:00,-0.5716023518651672
2020-03-04 05:00:00,-0.5929834711057753
2020-03-05 05:00:00,-0.6308720930462504
2020-03-06 05:00:00,-0.5901770059362427
2020-03-09 04:00:00,-0.6218772088298775
2020-03-10 04:00:00,-0.6886089491862628
2020-03-11 04:00:00,-0.4962240469652123
2020-03-12 04:00:00,-0.44495526603768404
2020-03-13 04:00:00,-0.4861098311517563
2020-03-16 04:00:00,-0.6054665843620519
2020-03-17 04:00:00,-0.6345820405306545
2020-03-18 04:00:00,-0.5026088244172647
2020-03-19 04:00:00,-0.49142946908004537
2020-03-20 04:00:00,-0.5072468721887718
2020-03-23 04:00:00,-0.5118828445143481
2020-03-24 04:00:00,-0.5177428741327368
2020-03-25 04:00:00,-0.5182647299173507
2020-03-26 04:00:00,-0.5026093985572022
2020-03-27 04:00:00,-0.508802951628772
2020-03-30 04:00:00,-0.5149502889682046
2020-03-31 04:00:00,-0.510644735891937
2020-04-01 04:00:00,-0.5123281553161663
2020-04-02 04:00:00,-0.5087722209475325
2020-04-03 04:00:00,-0.5072918923483372
2020-04-06 04:00:00,-0.5001564436258377
2020-04-07 04:00:00,-0.4998104958191778
2020-04-08 04:00:00,-0.5018284538688209
2020-04-09 04:00:00,-0.5014380037921934
2020-04-13 04:00:00,-0.4988676988555389
2020-04-14 04:00:00,-0.4971657136715919
2020-04-15 04:00:00,-0.5005364649719466
2020-04-16 04:00:00,-0.49929439706341505
2020-04-17 04:00:00,-0.5039317137887994
2020-04-20 04:00:00,-0.5047331667113006
2020-04-21 04:00:00,-0.5062932677978434
2020-04-22 04:00:00,-0.507779861867094
2020-04-23 04:00:00,-0.5065102969878278
2020-04-24 04:00:00,-0.5064683767543519
2020-04-27 04:00:00,-0.508484602605715
2020-04-28 04:00:00,-0.5075895522669343
2020-04-29 04:00:00,-0.5087094091307537
2020-04-30 04:00:00,-0.5025414119657785
2020-05-01 04:00:00,-0.5016300546491438
2020-05-04 04:00:00,-0.5020255458527297
2020-05-05 04:00:00,-0.5030229248836299
2020-05-06 04:00:00,-0.49892459835243214
2020-05-07 04:00:00,-0.4932322376811604
2020-05-08 04:00:00,-0.49522536686138074
2020-05-11 04:00:00,-0.49480701291031465
2020-05-12 04:00:00,-0.4962017529112085
2020-05-13 04:00:00,-0.4967361017552819
2020-05-14 04:00:00,-0.49380461580264684
2020-05-15 04:00:00,-0.4941132958115278
2020-05-18 04:00:00,-0.5004993478698944
2020-05-19 04:00:00,-0.49711436098211376
2020-05-20 04:00:00,-0.49655569084077333
2020-05-21 04:00:00,-0.4973706622298626
2020-05-22 04:00:00,-0.4961521605553577
2020-05-26 04:00:00,-0.49864369552270355
2020-05-27 04:00:00,-0.4978953161566685
2020-05-28 04:00:00,-0.4936228982645979
2020-05-29 04:00:00,-0.4898343974557001
2020-06-01 04:00:00,-0.48190906387362065
2020-06-02 04:00:00,-0.4851436406438479
2020-06-03 04:00:00,-0.4665871052052448
2020-06-04 04:00:00,-0.4363219703656831
2020-06-05 04:00:00,-0.5017806336839303
2020-06-08 04:00:00,-0.526962682218916
2020-06-09 04:00:00,-0.515793229914242
2020-06-10 04:00:00,-0.401574740331133
2020-06-11 04:00:00,-0.3562660283333352
2020-06-12 04:00:00,-0.5464477131000723
2020-06-15 04:00:00,-0.5562424247998469
2020-06-16 04:00:00,-0.533900611884679
2020-06-17 04:00:00,-0.5214709713573963
2020-06-18 04:00:00,-0.48607880602536047
2020-06-19 04:00:00,-0.48509049847717567
2020-06-22 04:00:00,-0.5352663720100624
2020-06-23 04:00:00,-0.5033731843896595
2020-06-24 04:00:00,-0.5085921966937756
2020-06-25 04:00:00,-0.5236404733083115
2020-06-26 04:00:00,-0.5128329623514453
2020-06-29 04:00:00,-0.5314214658430684
2020-06-30 04:00:00,-0.5333335461401232
2020-07-01 04:00:00,-0.5808598901775089
2020-07-02 04:00:00,-0.5872363344052651
2020-07-06 04:00:00,-0.5860322407765755
2020-07-07 04:00:00,-0.597103828688583
2020-07-08 04:00:00,-0.6152917886807827
2020-07-09 04:00:00,-0.6278318418056341
2020-07-10 04:00:00,-0.6115552690145574
2020-07-13 04:00:00,-0.6229119495239414
2020-07-14 04:00:00,-0.6044853365344031
2020-07-15 04:00:00,-0.599631695890829
2020-07-16 04:00:00,-0.5841776114498615
2020-07-17 04:00:00,-0.5743818413152175
2020-07-20 04:00:00,-0.5715286930560618
2020-07-21 04:00:00,-0.578486705947233
2020-07-22 04:00:00,-0.5712826865982915
2020-07-23 04:00:00,-0.5785606047274627
2020-07-24 04:00:00,-0.5753389938609423
2020-07-27 04:00:00,-0.6061138826174565
2020-07-28 04:00:00,-0.6027658871560796
2020-07-29 04:00:00,-0.6040229032745779
2020-07-30 04:00:00,-0.6034436254025891
2020-07-31 04:00:00,-0.6473130616679044
2020-08-03 04:00:00,-0.6935800466853934
2020-08-04 04:00:00,-0.6777296680071283
2020-08-05 04:00:00,-0.6843197663353323
2020-08-06 04:00:00,-0.6697840985414589
2020-08-07 04:00:00,-0.659298460908895
2020-08-10 04:00:00,-0.6809716274818209
2020-08-11 04:00:00,-0.643560584569423
2020-08-12 04:00:00,-0.6137598793350744
2020-08-13 04:00:00,-0.5941413555945443
2020-08-14 04:00:00,-0.6061225054119965
2020-08-17 04:00:00,-0.6046216256582561
2020-08-18 04:00:00,-0.603212103948284
2020-08-19 04:00:00,-0.5859450773436048
2020-08-20 04:00:00,-0.5792240753132931
2020-08-21 04:00:00,-0.5797133608719051
2020-08-24 04:00:00,-0.5866624681890673
2020-08-25 04:00:00,-0.5851707725790867
2020-08-26 04:00:00,-0.5857063385586109
2020-08-27 04:00:00,-0.5548422176809581
2020-08-28 04:00:00,-0.5848959416911969
2020-08-31 04:00:00,-0.5778910670155698
2020-09-01 04:00:00,-0.5619762627611248
2020-09-02 04:00:00,-0.5239614581960975
2020-09-03 04:00:00,-0.4969914540810867
2020-09-04 04:00:00,-0.3356893095530467
2020-09-08 04:00:00,-0.33554387165063554
2020-09-09 04:00:00,-0.33988827027489044
2020-09-10 04:00:00,-0.3107521148450848
2020-09-11 04:00:00,-0.308008677855403
2020-09-14 04:00:00,-0.3090736199746997
2020-09-15 04:00:00,-0.3108090197334941
2020-09-16 04:00:00,-0.30620556747897865
2020-09-17 04:00:00,-0.3075021096455562
2020-09-18 04:00:00,-0.2520754908045687
2020-09-21 04:00:00,-0.26954591694387847
2020-09-22 04:00:00,-0.22501372952682097
2020-09-23 04:00:00,-0.21568311888390784
2020-09-24 04:00:00,-0.2032055549761227
2020-09-25 04:00:00,-0.19815357721509566
2020-09-28 04:00:00,-0.20613359755484723
2020-09-29 04:00:00,-0.19649381685005937
2020-09-30 04:00:00,-0.1788100336718458
2020-10-01 04:00:00,-0.17130930814641224
2020-10-02 04:00:00,-0.14231318527724862
2020-10-05 04:00:00,-0.19395229070835346
2020-10-06 04:00:00,-0.20338597433442496
2020-10-07 04:00:00,-0.22945538586746883
2020-10-08 04:00:00,-0.21149719907393913
2020-10-09 04:00:00,-0.2058550947901945
2020-10-12 04:00:00,-0.19007983352793228
2020-10-13 04:00:00,-0.20564953487317053
2020-10-14 04:00:00,-0.2092885852654112
2020-10-15 04:00:00,-0.21255461352721758
2020-10-16 04:00:00,-0.18359506963879904
2020-10-19 04:00:00,-0.16867219529035898
2020-10-20 04:00:00,-0.1685700908156053
2020-10-21 04:00:00,-0.15604975889305653
2020-10-22 04:00:00,-0.1622589983965057
2020-10-23 04:00:00,-0.15094736164019465
2020-10-26 04:00:00,-0.18848945962901315
2020-10-27 04:00:00,-0.18876845321576724
2020-10-28 04:00:00,-0.19918438263165594
2020-10-29 04:00:00,-0.20583705641516642
2020-10-30 04:00:00,-0.1955736556592966
2020-11-02 05:00:00,-0.17281257813478512
2020-11-03 05:00:00,-0.1834996133834194
2020-11-04 05:00:00,-0.10004860615535689
2020-11-05 05:00:00,-0.07312145057097007
2020-11-06 05:00:00,-0.07539113112239575
2020-11-09 05:00:00,-0.11008867259507918
2020-11-10 05:00:00,-0.10903659803151902
2020-11-11 05:00:00,-0.10633402204304647
2020-11-12 05:00:00,-0.1361184868225841
2020-11-13 05:00:00,-0.14134278540141526
2020-11-16 05:00:00,-0.14677070365035894
2020-11-17 05:00:00,-0.15214795318600166
2020-11-18 05:00:00,-0.15576248258918615
2020-11-19 05:00:00,-0.14788817324030645
2020-11-20 05:00:00,-0.1577865411595318
2020-11-23 05:00:00,-0.16069259466868324
2020-11-24 05:00:00,-0.17735185439756432
2020-11-25 05:00:00,-0.19653934095955147
2020-11-27 05:00:00,-0.2169656335703351
2020-11-30 05:00:00,-0.21014349988986214
2020-12-01 05:00:00,-0.268653509550009
2020-12-02 05:00:00,-0.24646020502314595
2020-12-03 05:00:00,-0.24483352438365638
2020-12-04 05:00:00,-0.2420396095309782
2020-12-07 05:00:00,-0.24528105263162928
2020-12-08 05:00:00,-0.24653067053610192
2020-12-09 05:00:00,-0.2386930691449055
2020-12-10 05:00:00,-0.24188350708427694
2020-12-11 05:00:00,-0.23869051717120626
2020-12-14 05:00:00,-0.24466089736587066
2020-12-15 05:00:00,-0.23855552895529597
2020-12-16 05:00:00,-0.23904315850080565
2020-12-17 05:00:00,-0.24138726928890836
2020-12-18 05:00:00,-0.2386433336589201
2020-12-21 05:00:00,-0.2482750833664087
2020-12-22 05:00:00,-0.24899460025811834
2020-12-23 05:00:00,-0.2452301486639886
2020-12-24 05:00:00,-0.23535196349848675
2020-12-28 05:00:00,-0.23570241145272325
2020-12-29 05:00:00,-0.24486706293006216
2020-12-30 05:00:00,-0.1966106187247001
2020-12-31 05:00:00,-0.18073765462071367
2021-01-04 05:00:00,-0.15372066334887094
2021-01-05 05:00:00,-0.17161724673337492
2021-01-06 05:00:00,-0.182982179294502
2021-01-07 05:00:00,-0.21748100703864723
2021-01-08 05:00:00,-0.20838954047860164
2021-01-11 05:00:00,-0.20193314170619625
2021-01-12 05:00:00,-0.20251017862486775
2021-01-13 05:00:00,-0.19687325529711694
2021-01-14 05:00:00,-0.20096672133805496
2021-01-15 05:00:00,-0.20578422602949356
2021-01-19 05:00:00,-0.20220742708338177
2021-01-20 05:00:00,-0.19086192868170437
2021-01-21 05:00:00,-0.19166922550839388
2021-01-22 05:00:00,-0.1602658338327863
2021-01-25 05:00:00,-0.14469633062533957
2021-01-26 05:00:00,-0.15143193458360954
2021-01-27 05:00:00,-0.14466404715482895
2021-01-28 05:00:00,-0.18477111586112524
2021-01-29 05:00:00,-0.16562129858196312
2021-02-01 05:00:00,-0.14156075053151956
2021-02-02 05:00:00,-0.2917870009804365
2021-02-03 05:00:00,-0.31150582887454775
2021-02-04 05:00:00,-0.32338660790394025
2021-02-05 05:00:00,-0.2889778969444403
2021-02-08 05:00:00,-0.28464989240056215
2021-02-09 05:00:00,-0.2943852654449728
2021-02-10 05:00:00,-0.2562735741848326
2021-02-11 05:00:00,-0.25831737716202435
2021-02-12 05:00:00,-0.26319675288089195
2021-02-16 05:00:00,-0.23248483994588548
2021-02-17 05:00:00,-0.22184732724603518
2021-02-18 05:00:00,-0.22295474874970053
2021-02-19 05:00:00,-0.18414377201809629
2021-02-22 05:00:00,-0.16212413886838062
2021-02-23 05:00:00,-0.13110303801449802
2021-02-24 05:00:00,-0.14436450066747253
2021-02-25 05:00:00,-0.03446320528568001
2021-02-26 05:00:00,-0.07914048485974334
2021-03-01 05:00:00,-0.10696846151892335
2021-03-02 05:00:00,-0.1085940140364411
2021-03-03 05:00:00,-0.07533810913460492
2021-03-04 05:00:00,-0.0393016392829252
2021-03-05 05:00:00,-0.017299830437479347
2021-03-08 05:00:00,-0.013377031954459214
2021-03-09 05:00:00,0.029681710693957312
2021-03-10 05:00:00,0.03751844408509093
2021-03-11 05:00:00,0.030260207073913553
2021-03-12 05:00:00,0.028541981575777347
2021-03-15 04:00:00,0.03899008248326194
2021-03-16 04:00:00,0.03987714767052629
2021-03-17 04:00:00,0.037771260258521476
2021-03-18 04:00:00,0.06029712835324253
2021-03-19 04:00:00,0.06107706714530755
2021-03-22 04:00:00,0.08251270230365022
2021-03-23 04:00:00,0.06125926147645682
2021-03-24 04:00:00,0.048928450545621255
2021-03-25 04:00:00,0.03992043995733287
2021-03-26 04:00:00,0.036078150092514305
2021-03-29 04:00:00,0.037689083462907697
2021-03-30 04:00:00,0.029321460058843063
2021-03-31 04:00:00,0.0314376704432698
2021-04-01 04:00:00,0.06822544038188928
2021-04-05 04:00:00,0.07955710171181568
2021-04-06 04:00:00,0.09584501301353927
2021-04-07 04:00:00,0.09725104944738451
2021-04-08 04:00:00,0.1029098433985831
2021-04-09 04:00:00,0.10029492958167975
2021-04-12 04:00:00,0.09871966251039066
2021-04-13 04:00:00,0.09373094965884883
2021-04-14 04:00:00,0.10533764780043751
2021-04-15 04:00:00,0.12709652206644742
2021-04-16 04:00:00,0.12088859155241441
2021-04-19 04:00:00,0.12202306214157227
2021-04-20 04:00:00,0.11584643884314456
2021-04-21 04:00:00,0.11588408836181463
2021-04-22 04:00:00,0.10290955802919456
2021-04-23 04:00:00,0.12743210069784455
2021-04-26 04:00:00,0.13373974485583257
2021-04-27 04:00:00,0.1223318528069567
2021-04-28 04:00:00,0.11618001607831717
2021-04-29 04:00:00,0.13020364614612576
2021-04-30 04:00:00,0.1220184648637016
2021-05-03 04:00:00,0.12690784860107227
2021-05-04 04:00:00,0.11755671856943864
2021-05-05 04:00:00,0.11084617255114548
2021-05-06 04:00:00,0.11470619361310744
2021-05-07 04:00:00,0.11268786648354616
2021-05-10 04:00:00,0.13207970789550244
2021-05-11 04:00:00,0.15114336371778106
2021-05-12 04:00:00,0.18320424044557224
2021-05-13 04:00:00,0.1885203475727636
2021-05-14 04:00:00,0.2095133135074238
2021-05-17 04:00:00,0.2065044632138876
2021-05-18 04:00:00,0.19853734355679348
2021-05-19 04:00:00,0.19975239598921948
2021-05-20 04:00:00,0.22808335951871322
2021-05-21 04:00:00,0.1582585615641956
2021-05-24 04:00:00,0.24722478844874451
2021-05-25 04:00:00,0.3343355522209323
2021-05-26 04:00:00,0.33779634276411075
2021-05-27 04:00:00,0.30835453395922124
2021-05-28 04:00:00,0.29163464723108884
2021-06-01 04:00:00,0.2934829867840568
2021-06-02 04:00:00,0.28189771885572223
2021-06-03 04:00:00,0.24536303512013208
2021-06-04 04:00:00,0.26685351883748504
2021-06-07 04:00:00,0.294791208402545
2021-06-08 04:00:00,0.31632153781084954
2021-06-09 04:00:00,0.2985747885775926
2021-06-10 04:00:00,0.30032823143585463
2021-06-11 04:00:00,0.31031233325198576
2021-06-14 04:00:00,0.2590405451075882
2021-06-15 04:00:00,0.26924847124574114
2021-06-16 04:00:00,0.2531404410087144
2021-06-17 04:00:00,0.26941116433983486
2021-06-18 04:00:00,0.16682439091173354
2021-06-21 04:00:00,0.0953993242384428
2021-06-22 04:00:00,0.12239594077261444
2021-06-23 04:00:00,0.12141894746333447
2021-06-24 04:00:00,0.1281431212544214
2021-06-25 04:00:00,0.12389525121285772
2021-06-28 04:00:00,0.07982601930604724
2021-06-29 04:00:00,0.10725271611492664
2021-06-30 04:00:00,0.11085171516433355
2021-07-01 04:00:00,0.1107389869653501
2021-07-02 04:00:00,0.11306834887254913
2021-07-06 04:00:00,0.11154742222545795
2021-07-07 04:00:00,0.11694447674621809
2021-07-08 04:00:00,0.10319261789199066
2021-07-09 04:00:00,0.042271396535727354
2021-07-12 04:00:00,-0.011841265580738806
2021-07-13 04:00:00,0.008378380235133364
2021-07-14 04:00:00,0.0030328247175503325
2021-07-15 04:00:00,-0.0018940517457570168
2021-07-16 04:00:00,0.004380371672027525
2021-07-19 04:00:00,-0.08718623795010814
2021-07-20 04:00:00,-0.11929133065037266
2021-07-21 04:00:00,-0.14458891012047181
2021-07-22 04:00:00,-0.14478699477288254
2021-07-23 04:00:00,-0.1636857402718553
2021-07-26 04:00:00,-0.1595985259342325
2021-07-27 04:00:00,-0.17113897319128313
2021-07-28 04:00:00,-0.17033087857886983
2021-07-29 04:00:00,-0.1659270972274756
2021-07-30 04:00:00,-0.17063928847036128
2021-08-02 04:00:00,-0.17789521320511878
2021-08-03 04:00:00,-0.16838556670501956
2021-08-04 04:00:00,-0.21226686920697926
2021-08-05 04:00:00,-0.24795968159031428
2021-08-06 04:00:00,-0.3575932572238228
2021-08-09 04:00:00,-0.3611121730283242
2021-08-10 04:00:00,-0.41930498533843874
2021-08-11 04:00:00,-0.426090587515227
2021-08-12 04:00:00,-0.45186985459973444
2021-08-13 04:00:00,-0.4462492728963327
2021-08-16 04:00:00,-0.48159423269479107
2021-08-17 04:00:00,-0.46801904478376366
2021-08-18 04:00:00,-0.4767815400384405
2021-08-19 04:00:00,-0.46937355398759145
2021-08-20 04:00:00,-0.46496376524717575
2021-08-23 04:00:00,-0.4664093787460815
2021-08-24 04:00:00,-0.4628257998616334
2021-08-25 04:00:00,-0.46225929509481756
2021-08-26 04:00:00,-0.4606170820989672
2021-08-27 04:00:00,-0.45056302344338683
2021-08-30 04:00:00,-0.49683324487665315
2021-08-31 04:00:00,-0.4895818834041022
2021-09-01 04:00:00,-0.4898795070744391
2021-09-02 04:00:00,-0.48394583418737913
2021-09-03 04:00:00,-0.48160669889162927
2021-09-07 04:00:00,-0.4596117376288499
2021-09-08 04:00:00,-0.46249401825199365
2021-09-09 04:00:00,-0.4754984606454692
2021-09-10 04:00:00,-0.4420205787790744
2021-09-13 04:00:00,-0.442114172725388
2021-09-14 04:00:00,-0.40454767672755815
2021-09-15 04:00:00,-0.3572756724873296
2021-09-16 04:00:00,-0.35438529596699403
2021-09-17 04:00:00,-0.32436796925637046
2021-09-20 04:00:00,-0.36819307819082364
2021-09-21 04:00:00,-0.3617233138926736
2021-09-22 04:00:00,-0.3474371564898911
2021-09-23 04:00:00,-0.39933988227134165
2021-09-24 04:00:00,-0.39832134952176157
2021-09-27 04:00:00,-0.39378340028064074
2021-09-28 04:00:00,-0.28058541690774436
2021-09-29 04:00:00,-0.2776714346490595
2021-09-30 04:00:00,-0.28328808816934353
2021-10-01 04:00:00,-0.23996348913761606
2021-10-04 04:00:00,-0.19331202765145492
2021-10-05 04:00:00,-0.21440847535954713
2021-10-06 04:00:00,-0.21527889793615146
2021-10-07 04:00:00,-0.24163519436577652
2021-10-08 04:00:00,-0.22968837260693706
2021-10-11 04:00:00,-0.22883781068560333
2021-10-12 04:00:00,-0.15792388500922314
2021-10-13 04:00:00,-0.11447155794450652
2021-10-14 04:00:00,-0.064621106445657
2021-10-15 04:00:00,-0.08114213170302485
2021-10-18 04:00:00,-0.05990264689966595
2021-10-19 04:00:00,-0.0850940995525044
2021-10-20 04:00:00,-0.07578720694784537
2021-10-21 04:00:00,-0.07581026670633902
2021-10-22 04:00:00,-0.07519013880457602
2021-10-25 04:00:00,-0.06866185783887013
2021-10-26 04:00:00,-0.06059489819476438
2021-10-27 04:00:00,-0.08697509558047681
2021-10-28 04:00:00,-0.09025494246962505
2021-10-29 04:00:00,-0.08210286552501093
2021-11-01 04:00:00,-0.08197584095959487
2021-11-02 04:00:00,-0.07925800359348015
2021-11-03 04:00:00,-0.09299779651847892
2021-11-04 04:00:00,-0.0802115309929843
2021-11-05 04:00:00,-0.0670076156172053
2021-11-08 05:00:00,-0.0727192319646306
2021-11-09 05:00:00,-0.08672360359299618
2021-11-10 05:00:00,-0.041292738539269444
2021-11-11 05:00:00,-0.03132545484659226
2021-11-12 05:00:00,-0.03968942026484619
2021-11-15 05:00:00,-0.039059648657739594
2021-11-16 05:00:00,-0.04069685897153845
2021-11-17 05:00:00,-0.04637245968430973
2021-11-18 05:00:00,-0.0410766081248303
2021-11-19 05:00:00,-0.043431779703668794
2021-11-22 05:00:00,-0.04709570257028167
2021-11-23 05:00:00,-0.05163391426601384
2021-11-24 05:00:00,-0.045814588777448914
2021-11-26 05:00:00,-0.16879336243439408
2021-11-29 05:00:00,-0.1885623781837418
2021-11-30 05:00:00,-0.23853417559990625
2021-12-01 05:00:00,-0.25557584067573474
2021-12-02 05:00:00,-0.24588358935040544
2021-12-03 05:00:00,-0.2539133578143551
2021-12-06 05:00:00,-0.2964723366608837
2021-12-07 05:00:00,-0.3160786160601597
2021-12-08 05:00:00,-0.30482283382303976
2021-12-09 05:00:00,-0.3075712950646312
2021-12-10 05:00:00,-0.31149411889404616
2021-12-13 05:00:00,-0.3428527677176765
2021-12-14 05:00:00,-0.3120995610386361
2021-12-15 05:00:00,-0.3285316739926694
2021-12-16 05:00:00,-0.3387105176803054
2021-12-17 05:00:00,-0.325599420614372
2021-12-20 05:00:00,-0.3040355806374152
2021-12-21 05:00:00,-0.3112623422203755
2021-12-22 05:00:00,-0.38878812158409426
2021-12-23 05:00:00,-0.39357015655586625
2021-12-27 05:00:00,-0.3927483782204155
2021-12-28 05:00:00,-0.4112436925006518
2021-12-29 05:00:00,-0.42416251770133584
2021-12-30 05:00:00,-0.41814166428209765
2021-12-31 05:00:00,-0.4221231400468263
2022-01-03 05:00:00,-0.4107332090965389
2022-01-04 05:00:00,-0.4152126499569819
2022-01-05 05:00:00,-0.38162948461521584
2022-01-06 05:00:00,-0.37958889666360907
2022-01-07 05:00:00,-0.3773726779105748
2022-01-10 05:00:00,-0.4008785506783178
2022-01-11 05:00:00,-0.3816626249622422
2022-01-12 05:00:00,-0.3850541904676906
2022-01-13 05:00:00,-0.3880322134690321
2022-01-14 05:00:00,-0.37797259781737863
2022-01-18 05:00:00,-0.31459015972423515
2022-01-19 05:00:00,-0.32392187842801123
2022-01-20 05:00:00,-0.3309450624679533
2022-01-21 05:00:00,-0.35827363419224273
2022-01-24 05:00:00,-0.35999901619933256
2022-01-25 05:00:00,-0.3519268823248589
2022-01-26 05:00:00,-0.3472429052358414
2022-01-27 05:00:00,-0.34829979621484763
2022-01-28 05:00:00,-0.3314567793580958
2022-01-31 05:00:00,-0.3292342611276923
2022-02-01 05:00:00,-0.3432973908252714
2022-02-02 05:00:00,-0.35021649330357396
2022-02-03 05:00:00,-0.3111058593547325
2022-02-04 05:00:00,-0.3161930944399573
2022-02-07 05:00:00,-0.3456443287125584
2022-02-08 05:00:00,-0.35039491046812093
2022-02-09 05:00:00,-0.3361238043867178
2022-02-10 05:00:00,-0.287004868278129
2022-02-11 05:00:00,-0.3162159420567641
2022-02-14 05:00:00,-0.30910387914273263
2022-02-15 05:00:00,-0.32871438804353825
2022-02-16 05:00:00,-0.32735406186255883
2022-02-17 05:00:00,-0.3470843500542868
2022-02-18 05:00:00,-0.35211863786524805
2022-02-22 05:00:00,-0.3719009463745213
2022-02-23 05:00:00,-0.2823568967802461
2022-02-24 05:00:00,-0.26402005445354054
2022-02-25 05:00:00,-0.21472108044505184
2022-02-28 05:00:00,-0.20184039005928567
2022-03-01 05:00:00,-0.2314915115362835
2022-03-02 05:00:00,-0.27833697596793355
2022-03-03 05:00:00,-0.2678871279846605
2022-03-04 05:00:00,-0.26669445917514484
2022-03-07 05:00:00,-0.22757666200986085
2022-03-08 05:00:00,-0.2160158639159976
2022-03-09 05:00:00,-0.23521430309956323
2022-03-10 05:00:00,-0.21784145669583826
2022-03-11 05:00:00,-0.22378834133392372
2022-03-14 04:00:00,-0.18972974217561753
2022-03-15 04:00:00,-0.18244644691906073
2022-03-16 04:00:00,-0.13290433591523568
2022-03-17 04:00:00,-0.14690890078502233
2022-03-18 04:00:00,-0.12395337098654459
2022-03-21 04:00:00,-0.1299203004433931
2022-03-22 04:00:00,-0.1382230220308715
2022-03-23 04:00:00,-0.17228955216509856
2022-03-24 04:00:00,-0.17977041275142908
2022-03-25 04:00:00,-0.18400461123855746
2022-03-28 04:00:00,-0.1725391234506278
2022-03-29 04:00:00,-0.1569469991809772
2022-03-30 04:00:00,-0.15142963825117248
2022-03-31 04:00:00,-0.15567839286914803
2022-04-01 04:00:00,-0.16454717261260132
2022-04-04 04:00:00,-0.1689705748409209
2022-04-05 04:00:00,-0.13894723958809815
2022-04-06 04:00:00,-0.13153225152420295
2022-04-07 04:00:00,-0.1440566136313633
2022-04-08 04:00:00,-0.14102133439534603
2022-04-11 04:00:00,-0.10238617865522871
2022-04-12 04:00:00,-0.10204649150645105
2022-04-13 04:00:00,-0.11965936382884522
2022-04-14 04:00:00,-0.08612130425081858
2022-04-18 04:00:00,-0.07734500960950302
2022-04-19 04:00:00,-0.05598089246626663
2022-04-20 04:00:00,-0.05482987258230336
2022-04-21 04:00:00,-0.04578996856705388
2022-04-22 04:00:00,-0.03664355565054404
2022-04-25 04:00:00,-0.019475776210742375
2022-04-26 04:00:00,-0.062207639319333534
2022-04-27 04:00:00,-0.06165483787397387
2022-04-28 04:00:00,-0.04906916623854097
2022-04-29 04:00:00,-0.01848529862693913
2022-05-02 04:00:00,-0.03879248362957062
2022-05-03 04:00:00,-0.0273611727843795
2022-05-04 04:00:00,-0.0029347826426166174
2022-05-05 04:00:00,0.07222583411398072
2022-05-06 04:00:00,0.07029044875544002
2022-05-09 04:00:00,0.02226405379545885
2022-05-10 04:00:00,0.053319467672313
2022-05-11 04:00:00,0.025010334734584572
2022-05-12 04:00:00,0.039048707877024615
2022-05-13 04:00:00,0.010178475600787981
2022-05-16 04:00:00,0.026402678527467936
2022-05-17 04:00:00,0.015632368993677065
2022-05-18 04:00:00,-0.05335210052737243
2022-05-19 04:00:00,-0.07012324127057863
2022-05-20 04:00:00,-0.07200195835215611
2022-05-23 04:00:00,-0.09888604875696606
2022-05-24 04:00:00,-0.10774752892411817
2022-05-25 04:00:00,-0.08843393116870747
2022-05-26 04:00:00,-0.04609218802220752
2022-05-27 04:00:00,-0.031848641795499275
2022-05-31 04:00:00,-0.012315442893549366
2022-06-01 04:00:00,-0.025159868936996524
2022-06-02 04:00:00,-0.024433873194666732
2022-06-03 04:00:00,-0.009236553585706082
2022-06-06 04:00:00,-0.017775833949367294
2022-06-07 04:00:00,-0.000783788898764008
2022-06-08 04:00:00,-0.007760931839668399
2022-06-09 04:00:00,-0.019451245460094232
2022-06-10 04:00:00,-0.034155928878110295
2022-06-13 04:00:00,0.054359134427542456
2022-06-14 04:00:00,0.03901416580701792
2022-06-15 04:00:00,0.07067603796468928
2022-06-16 04:00:00,0.05710378535963088
2022-06-17 04:00:00,0.08007589021936576
2022-06-21 04:00:00,0.054347581297061756
2022-06-22 04:00:00,0.06132543144454167
2022-06-23 04:00:00,0.06303339509352525
2022-06-24 04:00:00,0.021523163493928396
2022-06-27 04:00:00,0.02487309352639221
2022-06-28 04:00:00,0.020036751384644873
2022-06-29 04:00:00,0.019665585963444258
2022-06-30 04:00:00,0.019269737575935187
2022-07-01 04:00:00,0.0163552444609242
2022-07-05 04:00:00,0.01562480007945776
2022-07-06 04:00:00,0.012413955953887012
2022-07-07 04:00:00,0.0030690116345849783
2022-07-08 04:00:00,-0.013345365766574843
2022-07-11 04:00:00,-0.025456552278886973
2022-07-12 04:00:00,-0.031664331901505596
2022-07-13 04:00:00,-0.04882029643741226
2022-07-14 04:00:00,-0.04776968768023372
2022-07-15 04:00:00,-0.029307713049803983
2022-07-18 04:00:00,-0.027689992668421166
2022-07-19 04:00:00,-0.042939317086815997
2022-07-20 04:00:00,-0.052452679140282274
2022-07-21 04:00:00,-0.042704957487022355
2022-07-22 04:00:00,-0.032366961009413955
2022-07-25 04:00:00,-0.0306313088488853
2022-07-26 04:00:00,-0.0354351341775785
2022-07-27 04:00:00,-0.08157527312033762
2022-07-28 04:00:00,-0.06649704414413195
2022-07-29 04:00:00,-0.07172390943368243
2022-08-01 04:00:00,-0.08880365258923446
2022-08-02 04:00:00,-0.16057799224258987
2022-08-03 04:00:00,-0.14878720148921262
2022-08-04 04:00:00,-0.13317862586899454
2022-08-05 04:00:00,-0.12588052270417027
2022-08-08 04:00:00,-0.10453051846960267
2022-08-09 04:00:00,-0.10308685253363814
2022-08-10 04:00:00,-0.08731649276508778
2022-08-11 04:00:00,-0.08375232046892381
2022-08-12 04:00:00,-0.05223379077340327
2022-08-15 04:00:00,0.01996926590680537
2022-08-16 04:00:00,0.02174569315871357
2022-08-17 04:00:00,0.03098546873543266
2022-08-18 04:00:00,0.05692166505155252
2022-08-19 04:00:00,0.0943165098387978
2022-08-22 04:00:00,0.09478485395215888
2022-08-23 04:00:00,0.10384620581472571
2022-08-24 04:00:00,0.09699407498142479
2022-08-25 04:00:00,0.10493633043378885
2022-08-26 04:00:00,0.07616120862350653
2022-08-29 04:00:00,0.07997852841893652
2022-08-30 04:00:00,0.0751365997166786
2022-08-31 04:00:00,0.08774644058950018
2022-09-01 04:00:00,0.07101586954092357
2022-09-02 04:00:00,0.05794891256731661
2022-09-06 04:00:00,0.07290771526927044
2022-09-07 04:00:00,0.0856709171209605
2022-09-08 04:00:00,-0.0312188878217854
2022-09-09 04:00:00,-0.03360858934466104
2022-09-12 04:00:00,-0.06636256792843304
2022-09-13 04:00:00,-0.04777285845520141
2022-09-14 04:00:00,-0.04710334459279213
2022-09-15 04:00:00,-0.007207334887654071
2022-09-16 04:00:00,0.006974553806763162
2022-09-19 04:00:00,0.0005425234805841213
2022-09-20 04:00:00,0.05870957252966888
2022-09-21 04:00:00,0.021327295585637476
2022-09-22 04:00:00,0.05416758981263693
2022-09-23 04:00:00,0.04626921147925824
2022-09-26 04:00:00,0.07169463112183934
2022-09-27 04:00:00,0.061460084256960985
2022-09-28 04:00:00,0.12295070817803339
2022-09-29 04:00:00,0.13455085966888222
2022-09-30 04:00:00,0.16086948976942061
2022-10-03 04:00:00,0.1973068092080874
2022-10-04 04:00:00,0.20765619670023602
2022-10-05 04:00:00,0.21575394708115128
2022-10-06 04:00:00,0.22654324116965677
2022-10-07 04:00:00,0.23713865837633347
2022-10-10 04:00:00,0.23326420225186645
2022-10-11 04:00:00,0.22529663333280375
2022-10-12 04:00:00,0.23916828373040755
2022-10-13 04:00:00,0.21079840314018325
2022-10-14 04:00:00,0.20298138197240462
2022-10-17 04:00:00,0.21083144550007835
2022-10-18 04:00:00,0.21702423470151083
2022-10-19 04:00:00,0.22693850970170895
2022-10-20 04:00:00,0.24514417248383247
2022-10-21 04:00:00,0.19423728488950398
2022-10-24 04:00:00,0.18787266760806542
2022-10-25 04:00:00,0.23474893772247474
2022-10-26 04:00:00,0.2161487061396558
2022-10-27 04:00:00,0.18793690391995116
2022-10-28 04:00:00,0.17620248383338816
2022-10-31 04:00:00,0.1804725282150773
2022-11-01 04:00:00,0.17913518297245193
2022-11-02 04:00:00,0.17794778160300495
2022-11-03 04:00:00,0.18891544910658442
2022-11-04 04:00:00,0.1734670573408132
2022-11-07 05:00:00,0.14755224178607773
2022-11-08 05:00:00,0.15344840097315313
2022-11-09 05:00:00,0.13900265309724819
2022-11-10 05:00:00,0.28059069848463636
2022-11-11 05:00:00,0.2779530969165351
2022-11-14 05:00:00,0.2687943962123446
2022-11-15 05:00:00,0.2772178428415733
2022-11-16 05:00:00,0.25778879534521837
2022-11-17 05:00:00,0.26043204546401943
2022-11-18 05:00:00,0.24602706341397018
2022-11-21 05:00:00,0.2763871727075123
2022-11-22 05:00:00,0.28518656028868994
2022-11-23 05:00:00,0.2930995727355914
2022-11-25 05:00:00,0.28975541999284093
2022-11-28 05:00:00,0.2900854315365397
2022-11-29 05:00:00,0.2968795610074768
2022-11-30 05:00:00,0.306166628379309
2022-12-01 05:00:00,0.2751783387673476
2022-12-02 05:00:00,0.2774974588682266
2022-12-05 05:00:00,0.28968603199090653
2022-12-06 05:00:00,0.2815038580507995
2022-12-07 05:00:00,0.29518296921514003
2022-12-08 05:00:00,0.2922527333341146
2022-12-09 05:00:00,0.29878589472024514
2022-12-12 05:00:00,0.2965210093652497
2022-12-13 05:00:00,0.2990600622219571
2022-12-14 05:00:00,0.29029758104129677
2022-12-15 05:00:00,0.30488113340003703
2022-12-16 05:00:00,0.3043060261490257
2022-12-19 05:00:00,0.31871038247771033
2022-12-20 05:00:00,0.3050878959068805
2022-12-21 05:00:00,0.3072708762098435
2022-12-22 05:00:00,0.27683031630840504
2022-12-23 05:00:00,0.26413312616833
2022-12-27 05:00:00,0.2550096770299904
2022-12-28 05:00:00,0.23513644205933396
2022-12-29 05:00:00,0.2612914595436623
2022-12-30 05:00:00,0.2615186299651736
2023-01-03 05:00:00,0.24673736193047852
2023-01-04 05:00:00,0.23720029225636732
2023-01-05 05:00:00,0.22387879388356283
2023-01-06 05:00:00,0.2498432468763664
2023-01-09 05:00:00,0.25074573743004924
2023-01-10 05:00:00,0.2677593203990404
2023-01-11 05:00:00,0.2660770794839078
2023-01-12 05:00:00,0.28505418040729535
2023-01-13 05:00:00,0.28205142569387925
2023-01-17 05:00:00,0.2746241344926447
2023-01-18 05:00:00,0.22384105678788332
2023-01-19 05:00:00,0.2792461046871466
2023-01-20 05:00:00,0.25646501915803216
2023-01-23 05:00:00,0.22293558509335526
2023-01-24 05:00:00,0.23063322436893455
2023-01-25 05:00:00,0.23652135619066514
2023-01-26 05:00:00,0.25343651490421054
2023-01-27 05:00:00,0.24767733376849954
2023-01-30 05:00:00,0.2564618791307811
2023-01-31 05:00:00,0.25526221174040115
2023-02-01 05:00:00,0.25545871944974996
2023-02-02 05:00:00,0.2808806191080352
2023-02-03 05:00:00,0.3067860946211781
2023-02-06 05:00:00,0.30951974589611836
2023-02-07 05:00:00,0.3052705175153863
2023-02-08 05:00:00,0.14600702207040267
2023-02-09 05:00:00,0.16219103041438745
2023-02-10 05:00:00,0.1555289283869894
2023-02-13 05:00:00,0.15193453066309826
2023-02-14 05:00:00,0.17768760663522887
2023-02-15 05:00:00,0.16996552204120355
2023-02-16 05:00:00,0.19471996460012303
2023-02-17 05:00:00,0.19360892789069492
2023-02-21 05:00:00,0.21389935315294165
2023-02-22 05:00:00,0.2027329660669963
2023-02-23 05:00:00,0.20732439910550976
2023-02-24 05:00:00,0.2288226657995834
2023-02-27 05:00:00,0.22868612323951737
2023-02-28 05:00:00,0.21465848319910147
2023-03-01 05:00:00,0.23188093658665374
2023-03-02 05:00:00,0.22533619092497686
2023-03-03 05:00:00,0.2411973862827095
2023-03-06 05:00:00,0.2729154435883414
2023-03-07 05:00:00,0.26889991143932834
2023-03-08 05:00:00,0.272082062572493
2023-03-09 05:00:00,0.24288987557994426
2023-03-10 05:00:00,0.15749562703163933
2023-03-13 04:00:00,0.14877820531284844
2023-03-14 04:00:00,0.11380831706174331
2023-03-15 04:00:00,0.11376222974178145
2023-03-16 04:00:00,0.07962641615370646
2023-03-17 04:00:00,0.03751847522396625
2023-03-20 04:00:00,0.02901373332106287
2023-03-21 04:00:00,0.01111472982182912
2023-03-22 04:00:00,-0.018458444501956914
2023-03-23 04:00:00,-0.008934571292823398
2023-03-24 04:00:00,-0.019006085374672663
2023-03-27 04:00:00,-0.03351900407985284
2023-03-28 04:00:00,-0.05823033606438959
2023-03-29 04:00:00,-0.06825742594691796
2023-03-30 04:00:00,-0.05458634228765106
2023-03-31 04:00:00,-0.041058792738065446
2023-04-03 04:00:00,-0.03443765268020877
2023-04-04 04:00:00,-0.09367395932902522
2023-04-05 04:00:00,-0.09705127156821286
2023-04-06 04:00:00,-0.08345385211318739
2023-04-10 04:00:00,-0.11097511671299329
2023-04-11 04:00:00,-0.12217058257893947
2023-04-12 04:00:00,-0.11738647853662967
2023-04-13 04:00:00,-0.13278334615792622
2023-04-14 04:00:00,-0.07426674815479754
2023-04-17 04:00:00,-0.08596089803638254
2023-04-18 04:00:00,-0.04557163878913967
2023-04-19 04:00:00,-0.03771927538779851
2023-04-20 04:00:00,-0.04250221498261535
2023-04-21 04:00:00,-0.04250297916910541
2023-04-24 04:00:00,-0.0342595919404118
2023-04-25 04:00:00,-0.06902856313107537
2023-04-26 04:00:00,-0.06954729274915505
2023-04-27 04:00:00,-0.11599046507161614
2023-04-28 04:00:00,-0.1142203299317283
2023-05-01 04:00:00,-0.10908098568247404
2023-05-02 04:00:00,-0.1702118939559274
2023-05-03 04:00:00,-0.18249713269750004
2023-05-04 04:00:00,-0.15801136631517743
2023-05-05 04:00:00,-0.15693775908102942
2023-05-08 04:00:00,-0.16934427744863123
2023-05-09 04:00:00,-0.16436905326690518
2023-05-10 04:00:00,-0.17353295936002774
2023-05-11 04:00:00,-0.175463081690648
2023-05-12 04:00:00,-0.16954543795377436
2023-05-15 04:00:00,-0.208874877229122
2023-05-16 04:00:00,-0.20207856783477252
2023-05-17 04:00:00,-0.2822396527615724
2023-05-18 04:00:00,-0.2880665834185221
2023-05-19 04:00:00,-0.29318105328191113
2023-05-22 04:00:00,-0.32393692260600904
2023-05-23 04:00:00,-0.32554684191126165
2023-05-24 04:00:00,-0.3146450908054946
2023-05-25 04:00:00,-0.3265800359178759
2023-05-26 04:00:00,-0.29978098865222486
2023-05-30 04:00:00,-0.37646020987547973
2023-05-31 04:00:00,-0.38341855646008033
2023-06-01 04:00:00,-0.37097274851781203
2023-06-02 04:00:00,-0.3856672564452115
2023-06-05 04:00:00,-0.3926785521181445
2023-06-06 04:00:00,-0.3332634627623294
2023-06-07 04:00:00,-0.31190592656570965
2023-06-08 04:00:00,-0.26641880182742084
2023-06-09 04:00:00,-0.24570753436111228
2023-06-12 04:00:00,-0.22359204946205075
2023-06-13 04:00:00,-0.19653015755975764
2023-06-14 04:00:00,-0.1856195113916936
2023-06-15 04:00:00,-0.14305909308296208
2023-06-16 04:00:00,-0.08943703211559367
2023-06-20 04:00:00,-0.10005749214273242
2023-06-21 04:00:00,-0.10892840871683436
2023-06-22 04:00:00,-0.11703645972864829
2023-06-23 04:00:00,-0.1341811174281053
2023-06-26 04:00:00,-0.1322477780769091
2023-06-27 04:00:00,-0.1415275323563771
2023-06-28 04:00:00,-0.19534401229025322
2023-06-29 04:00:00,-0.2050165528750864
2023-06-30 04:00:00,-0.16236571734705454
2023-07-03 04:00:00,-0.15326191581519563
2023-07-05 04:00:00,-0.1484788676689047
2023-07-06 04:00:00,-0.12085144216599449
2023-07-07 04:00:00,-0.11547959276076432
2023-07-10 04:00:00,-0.11513218622543236
2023-07-11 04:00:00,-0.09077783572822981
2023-07-12 04:00:00,-0.07878361011443173
2023-07-13 04:00:00,-0.05653792217026658
2023-07-14 04:00:00,-0.053022481978022055
2023-07-17 04:00:00,-0.05291327221672036
2023-07-18 04:00:00,-0.0323717079313686
2023-07-19 04:00:00,-0.03198114389911109
2023-07-20 04:00:00,-0.0077972052163664644
2023-07-21 04:00:00,0.05610227856386286
2023-07-24 04:00:00,0.0397734400213314
2023-07-25 04:00:00,0.08653309692463332
2023-07-26 04:00:00,0.05806005858381198
2023-07-27 04:00:00,0.08295529268738869
2023-07-28 04:00:00,0.20608832118802528
2023-07-31 04:00:00,0.22758372815002303
2023-08-01 04:00:00,0.2240815670511006
2023-08-02 04:00:00,0.2815381424997786
2023-08-03 04:00:00,0.29441596996518804
2023-08-04 04:00:00,0.24745696216515622
2023-08-07 04:00:00,0.2187160871050837
2023-08-08 04:00:00,0.20673114493347922
2023-08-09 04:00:00,0.1847774685644042
2023-08-10 04:00:00,0.19177176361456796
2023-08-11 04:00:00,0.19048421725320147
2023-08-14 04:00:00,0.1986129002476663
2023-08-15 04:00:00,0.22823951197846712
2023-08-16 04:00:00,0.2367135364404903
2023-08-17 04:00:00,0.24048367472672957
2023-08-18 04:00:00,0.2600570797447033
2023-08-21 04:00:00,0.23150319544234393
2023-08-22 04:00:00,0.22541632356548785
2023-08-23 04:00:00,0.25665293979047454
2023-08-24 04:00:00,0.27051441989678016
2023-08-25 04:00:00,0.2956344868995934
2023-08-28 04:00:00,0.29044610211701327
2023-08-29 04:00:00,0.3652774594865446
2023-08-30 04:00:00,0.3641980535100119
2023-08-31 04:00:00,0.35895597828845155
2023-09-01 04:00:00,0.33992982832700375
2023-09-05 04:00:00,0.3404334424778908
2023-09-06 04:00:00,0.32929629475921923
2023-09-07 04:00:00,0.32007345228701006
2023-09-08 04:00:00,0.3395001100647436
2023-09-11 04:00:00,0.3268258721297101
2023-09-12 04:00:00,0.28960353804669703
2023-09-13 04:00:00,0.2881579201347386
2023-09-14 04:00:00,0.28636243182656235
2023-09-15 04:00:00,0.30010282296533064
2023-09-18 04:00:00,0.3119139281217121
2023-09-19 04:00:00,0.3468640062149923
2023-09-20 04:00:00,0.3326456492477186
2023-09-21 04:00:00,0.40749854814749426
2023-09-22 04:00:00,0.3989768622771465
2023-09-25 04:00:00,0.3827859618288774
2023-09-26 04:00:00,0.3485910346965631
2023-09-27 04:00:00,0.3495456388286496
2023-09-28 04:00:00,0.3541461059269518
2023-09-29 04:00:00,0.33849673386932383
2023-10-02 04:00:00,0.3310472009270816
2023-10-03 04:00:00,0.3676016431719406
2023-10-04 04:00:00,0.37824579459046276
2023-10-05 04:00:00,0.36105434838687706
2023-10-06 04:00:00,0.3051062611130036
2023-10-09 04:00:00,0.32746282844197744
2023-10-10 04:00:00,0.3254711692564162
2023-10-11 04:00:00,0.3281789004784569
2023-10-12 04:00:00,0.3375748775209965
2023-10-13 04:00:00,0.3030674589935666
2023-10-16 04:00:00,0.2640297262010782
2023-10-17 04:00:00,0.26418241509017404
2023-10-18 04:00:00,0.27152620811617884
2023-10-19 04:00:00,0.2891173302125233
2023-10-20 04:00:00,0.25367270883105364
2023-10-23 04:00:00,0.2387068202070183
2023-10-24 04:00:00,0.2555649073342735
2023-10-25 04:00:00,0.28809618662731945
2023-10-26 04:00:00,0.2355052518436413
2023-10-27 04:00:00,0.23660801840010268
2023-10-30 04:00:00,0.24167250180147837
2023-10-31 04:00:00,0.25379776613341487
2023-11-01 04:00:00,0.2996819215624302
2023-11-02 04:00:00,0.3623064212945423
2023-11-03 04:00:00,0.3756589837130261
2023-11-06 05:00:00,0.3704397758789362
2023-11-07 05:00:00,0.3754576779549868
2023-11-08 05:00:00,0.3691209605913489
2023-11-09 05:00:00,0.3793045315709382
2023-11-10 05:00:00,0.3815599562542586
2023-11-13 05:00:00,0.3819115045280082
2023-11-14 05:00:00,0.43571956812530155
2023-11-15 05:00:00,0.43424232191672335
2023-11-16 05:00:00,0.4112049221026649
2023-11-17 05:00:00,0.409150151495398
2023-11-20 05:00:00,0.4115304252983967
2023-11-21 05:00:00,0.41135845871239224
2023-11-22 05:00:00,0.4011023821923646
2023-11-24 05:00:00,0.39910510244475206
2023-11-27 05:00:00,0.38979975486639534
2023-11-28 05:00:00,0.39796004212763375
2023-11-29 05:00:00,0.38784781629161524
2023-11-30 05:00:00,0.38390310282246826
2023-12-01 05:00:00,0.3939235532431837
2023-12-04 05:00:00,0.39521971820991875
2023-12-05 05:00:00,0.39476461798647877
2023-12-06 05:00:00,0.3893564776094766
2023-12-07 05:00:00,0.3797552799657872
2023-12-08 05:00:00,0.3863212789816461
2023-12-11 05:00:00,0.3806453634525266
2023-12-12 05:00:00,0.38182053676868144
2023-12-13 05:00:00,0.40598132911070484
2023-12-14 05:00:00,0.4114576470241197
2023-12-15 05:00:00,0.3674821311483111
2023-12-18 05:00:00,0.3643233571115084
2023-12-19 05:00:00,0.3876649648146079
2023-12-20 05:00:00,0.36334257526500513
2023-12-21 05:00:00,0.3482153756322935
2023-12-22 05:00:00,0.34751164346009217
2023-12-26 05:00:00,0.34713182902056444
2023-12-27 05:00:00,0.342252980809433
2023-12-28 05:00:00,0.3021490070617312
2023-12-29 05:00:00,0.30194372690323185
2024-01-02 05:00:00,0.3069550016779269
2024-01-03 05:00:00,0.3329987561132062
2024-01-04 05:00:00,0.33169582858361946
2024-01-05 05:00:00,0.33268656318568973
2024-01-08 05:00:00,0.3383795498699098
2024-01-09 05:00:00,0.32012645962678904
2024-01-10 05:00:00,0.339130937636383
2024-01-11 05:00:00,0.3766738194111673
2024-01-12 05:00:00,0.3768849301071432
2024-01-16 05:00:00,0.37135056624550056
2024-01-17 05:00:00,0.34451121934994644
2024-01-18 05:00:00,0.34435045798423725
2024-01-19 05:00:00,0.35107006612927183
2024-01-22 05:00:00,0.34322984742086554
2024-01-23 05:00:00,0.2827388549869346
2024-01-24 05:00:00,0.3434077692442483
2024-01-25 05:00:00,0.33937398811066033
2024-01-26 05:00:00,0.36213167708793376
2024-01-29 05:00:00,0.37699570848890773
2024-01-30 05:00:00,0.3469673720298306
2024-01-31 05:00:00,0.23215887311210626
2024-02-01 05:00:00,0.26169729575184353
2024-02-02 05:00:00,0.20604502090582572
2024-02-05 05:00:00,0.2262685577025587
2024-02-06 05:00:00,0.2350434470322194
2024-02-07 05:00:00,0.1815760952628893
2024-02-08 05:00:00,0.17760589375991792
2024-02-09 05:00:00,0.17195396850097083
2024-02-12 05:00:00,0.09188656649255376
2024-02-13 05:00:00,0.15696350711041623
2024-02-14 05:00:00,0.1655202703377769
2024-02-15 05:00:00,0.17056235794704783
2024-02-16 05:00:00,0.17294327623467667
2024-02-20 05:00:00,0.17026164181530304
2024-02-21 05:00:00,0.16945307858915626
2024-02-22 05:00:00,0.17509910981776564
2024-02-23 05:00:00,0.18679353852349756
2024-02-26 05:00:00,0.19051296025697473
2024-02-27 05:00:00,0.19930915813567332
2024-02-28 05:00:00,0.20209160229795384
2024-02-29 05:00:00,0.19209231424617357
2024-03-01 05:00:00,0.1944418731638638
2024-03-04 05:00:00,0.21599078111514325
2024-03-05 05:00:00,0.18998269011230118
2024-03-06 05:00:00,0.20337565529629045
2024-03-07 05:00:00,0.20493636565971882
2024-03-08 05:00:00,0.20837180114655587
2024-03-11 04:00:00,0.20739143238231983
2024-03-12 04:00:00,0.12836276345490974
2024-03-13 04:00:00,0.129635655464394
2024-03-14 04:00:00,0.14198557295790445
2024-03-15 04:00:00,0.14802041602209523
2024-03-18 04:00:00,0.13825803151488594
2024-03-19 04:00:00,0.18110329959891708
2024-03-20 04:00:00,0.194592091595296
2024-03-21 04:00:00,0.19625393093545765
2024-03-22 04:00:00,0.18171578069046831
2024-03-25 04:00:00,0.19131123009879866
2024-03-26 04:00:00,0.1859807525112707
2024-03-27 04:00:00,0.19409625945723782
2024-03-28 04:00:00,0.1858028536755515
2024-04-01 04:00:00,0.21394538249527612
2024-04-02 04:00:00,0.20691455032508374
2024-04-03 04:00:00,0.2074872409159305
2024-04-04 04:00:00,0.13977445263925445
2024-04-05 04:00:00,0.09847338316810335
2024-04-08 04:00:00,0.10327919959790259
2024-04-09 04:00:00,0.10507137194330164
2024-04-10 04:00:00,0.15975295596957056
2024-04-11 04:00:00,0.1352282950258968
2024-04-12 04:00:00,0.10583641006674051
2024-04-15 04:00:00,0.16874484633717546
2024-04-16 04:00:00,0.1642919592066295
2024-04-17 04:00:00,0.1398861788454352
2024-04-18 04:00:00,0.14720890476682338
2024-04-19 04:00:00,0.1366489068562071
2024-04-22 04:00:00,0.12530784319556798
2024-04-23 04:00:00,0.12525195600655048
2024-04-24 04:00:00,0.10740635725753342
2024-04-25 04:00:00,0.11737439683457496
2024-04-26 04:00:00,0.18488676974222495
2024-04-29 04:00:00,0.13391113055872622
2024-04-30 04:00:00,0.22530531520941235
2024-05-01 04:00:00,0.20366812015614646
2024-05-02 04:00:00,0.2093050141887758
2024-05-03 04:00:00,0.2490825803612141
2024-05-06 04:00:00,0.25767437393463594
2024-05-07 04:00:00,0.26035908309098216
2024-05-08 04:00:00,0.2606459813356744
2024-05-09 04:00:00,0.21356590340866913
2024-05-10 04:00:00,0.20229060681685207
2024-05-13 04:00:00,0.19355774495246422
2024-05-14 04:00:00,0.19121261545653806
2024-05-15 04:00:00,0.23016548525657618
2024-05-16 04:00:00,0.23191835249677137
2024-05-17 04:00:00,0.2163674456381643
2024-05-20 04:00:00,0.22171789061808206
2024-05-21 04:00:00,0.22058246316451754
2024-05-22 04:00:00,0.2222100009790557
2024-05-23 04:00:00,0.23998390068539854
2024-05-24 04:00:00,0.2397812465522726
2024-05-28 04:00:00,0.21987414743272848
2024-05-29 04:00:00,0.23871270973241457
2024-05-30 04:00:00,0.27088043220757607
2024-05-31 04:00:00,0.2786699198984861
2024-06-03 04:00:00,0.27445310830937564
2024-06-04 04:00:00,0.2710548744783235
2024-06-05 04:00:00,0.28780779325505423
2024-06-06 04:00:00,0.31986912752052327
2024-06-07 04:00:00,0.31522827040988266
2024-06-10 04:00:00,0.30601347776023036
2024-06-11 04:00:00,0.30952584406831946
2024-06-12 04:00:00,0.3264498195612801
2024-06-13 04:00:00,0.3215607116197815
2024-06-14 04:00:00,0.3250350376582798
2024-06-17 04:00:00,0.29675804457501964
2024-06-18 04:00:00,0.30848163605085555
2024-06-20 04:00:00,0.30942746831461126
2024-06-21 04:00:00,0.3118490389507624
2024-06-24 04:00:00,0.2915620516610428
2024-06-25 04:00:00,0.29212695109973197
2024-06-26 04:00:00,0.2815097116123023
2024-06-27 04:00:00,0.2733635467811031
2024-06-28 04:00:00,0.28742992681632246
2024-07-01 04:00:00,0.3118073892894524
2024-07-02 04:00:00,0.36974214805358163
2024-07-03 04:00:00,0.37522188376116594
2024-07-05 04:00:00,0.38462123657713737
2024-07-08 04:00:00,0.3389019050153949
2024-07-09 04:00:00,0.3523473837526759
2024-07-10 04:00:00,0.39563889650205125
2024-07-11 04:00:00,0.3053454319182496
2024-07-12 04:00:00,0.3019118550976477
2024-07-15 04:00:00,0.327620657607075
2024-07-16 04:00:00,0.331489385026229
2024-07-17 04:00:00,0.33375409655363153
2024-07-18 04:00:00,0.36117383175989065
2024-07-19 04:00:00,0.3825697098910872
2024-07-22 04:00:00,0.36245198813723195
2024-07-23 04:00:00,0.3549719623204485
2024-07-24 04:00:00,0.38521625035272433
2024-07-25 04:00:00,0.3647327512812117
2024-07-26 04:00:00,0.35271722467023575
2024-07-29 04:00:00,0.3626548283550378
2024-07-30 04:00:00,0.3513893880814508
2024-07-31 04:00:00,0.3550385376632651
2024-08-01 04:00:00,0.30392145155843575
2024-08-02 04:00:00,0.12187535101459827
2024-08-05 04:00:00,0.08475800026420902
2024-08-06 04:00:00,0.03230860087672627
2024-08-07 04:00:00,0.04506732076313716
2024-08-08 04:00:00,0.010550463424429599
2024-08-09 04:00:00,0.013530967802416817
2024-08-12 04:00:00,-0.015292524903450401
2024-08-13 04:00:00,0.0019117554631693473
2024-08-14 04:00:00,0.0057751606819341815
2024-08-15 04:00:00,-0.022162581133702536
2024-08-16 04:00:00,-0.02276605649400967
2024-08-19 04:00:00,-0.01743108244418931
2024-08-20 04:00:00,-0.032731569053724034
2024-08-21 04:00:00,-0.03466829498442746
2024-08-22 04:00:00,-0.017026453478636107
2024-08-23 04:00:00,-0.029344411456462355
2024-08-26 04:00:00,-0.015088894345653773
2024-08-27 04:00:00,-0.02300524097161143
2024-08-28 04:00:00,-0.01910987113034516
2024-08-29 04:00:00,-0.018670462403226146
2024-08-30 04:00:00,-0.051033966227735594
2024-09-03 04:00:00,-0.10774791455088915
2024-09-04 04:00:00,-0.12248462933420445
2024-09-05 04:00:00,-0.12142966330114012
2024-09-06 04:00:00,-0.11687668622421461
2024-09-09 04:00:00,-0.1197105402075549
2024-09-10 04:00:00,-0.12129491702618399
2024-09-11 04:00:00,-0.12489106841935574
2024-09-12 04:00:00,-0.11918963422241174
2024-09-13 04:00:00,-0.12147024684588048
2024-09-16 04:00:00,-0.12506563310426727
2024-09-17 04:00:00,-0.1249340899105531
2024-09-18 04:00:00,-0.11201051651246842
2024-09-19 04:00:00,-0.12244478604702995
2024-09-20 04:00:00,-0.12147590725065434
2024-09-23 04:00:00,-0.12282755527629624
2024-09-24 04:00:00,-0.1465900524855697
2024-09-25 04:00:00,-0.14060624574986533
2024-09-26 04:00:00,-0.148233868640955
2024-09-27 04:00:00,-0.16078352970629692
2024-09-30 04:00:00,-0.17231064100483617
2024-10-01 04:00:00,-0.1817649639083598
2024-10-02 04:00:00,-0.17981627206234624
2024-10-03 04:00:00,-0.17829425019850612
2024-10-04 04:00:00,-0.18262360731677416
2024-10-07 04:00:00,-0.17061798586883226
2024-10-08 04:00:00,-0.16475203428062501
2024-10-09 04:00:00,-0.18980603955742237
2024-10-10 04:00:00,-0.1907691121371824
2024-10-11 04:00:00,-0.21015276254764093
2024-10-14 04:00:00,-0.22008182876793428
2024-10-15 04:00:00,-0.23104228802883192
2024-10-16 04:00:00,-0.22925824559188304
2024-10-17 04:00:00,-0.28927809450365144
2024-10-18 04:00:00,-0.2817015989808203
2024-10-21 04:00:00,-0.2802030194712807
2024-10-22 04:00:00,-0.2806004456321358
2024-10-23 04:00:00,-0.26861248348476546
2024-10-24 04:00:00,-0.3077700019243729
2024-10-25 04:00:00,-0.28613251039615
2024-10-28 04:00:00,-0.17900159017199888
2024-10-29 04:00:00,-0.1469424214365775
2024-10-30 04:00:00,-0.11558794956978556
2024-10-31 04:00:00,-0.14022113475599182
2024-11-01 04:00:00,-0.11990409110479783
2024-11-04 05:00:00,-0.14331108974562878
2024-11-05 05:00:00,-0.1212261866182609
2024-11-06 05:00:00,-0.2955580233207323
2024-11-07 05:00:00,-0.27136918279644795
2024-11-08 05:00:00,-0.2367714062488876
2024-11-11 05:00:00,-0.23725576900161002
2024-11-12 05:00:00,-0.230297466898001
2024-11-13 05:00:00,-0.2230178365405889
2024-11-14 05:00:00,-0.23477584964249626
2024-11-15 05:00:00,-0.24739624492663634
2024-11-18 05:00:00,-0.26833330004576655
2024-11-19 05:00:00,-0.26402173890728475
2024-11-20 05:00:00,-0.2635210759686055
2024-11-21 05:00:00,-0.26426631886623364
2024-11-22 05:00:00,-0.26397744079112856
2024-11-25 05:00:00,-0.21480554602176014
2024-11-26 05:00:00,-0.14288374486045552
2024-11-27 05:00:00,-0.14117429980606833
2024-11-29 05:00:00,-0.11921398354771984
2024-12-02 05:00:00,-0.12258557534880139
2024-12-03 05:00:00,-0.13480226464249667
2024-12-04 05:00:00,-0.12465207580710519
2024-12-05 05:00:00,-0.12899568669371636
2024-12-06 05:00:00,-0.12248643119028593
2024-12-09 05:00:00,-0.10964173965928796
2024-12-10 05:00:00,-0.10650111109166557
2024-12-11 05:00:00,-0.12076694305536496
2024-12-12 05:00:00,-0.11399365551937064
2024-12-13 05:00:00,-0.10607103674967394
2024-12-16 05:00:00,-0.10387089034437169
2024-12-17 05:00:00,-0.1083370170885201
2024-12-18 05:00:00,-0.008983833889461498
2024-12-19 05:00:00,-0.01069867280183756
2024-12-20 05:00:00,0.005773718891666044
2024-12-23 05:00:00,-0.00025083609676566107
2024-12-24 05:00:00,0.015957169356932737
2024-12-26 05:00:00,0.036649808590321235
2024-12-27 05:00:00,0.052434937750748874
2024-12-30 05:00:00,0.020395263715486757
2024-12-31 05:00:00,0.04610509266812208
2025-01-02 05:00:00,0.029872422877045935
2025-01-03 05:00:00,0.01819039901749232
2025-01-06 05:00:00,0.0209088280031215
2025-01-07 05:00:00,0.04578389593557602
2025-01-08 05:00:00,0.05009873624042924
2025-01-10 05:00:00,0.06362861422316465
2025-01-13 05:00:00,0.0897697710845338
2025-01-14 05:00:00,0.08465123902743368
2025-01-15 05:00:00,0.15199571355420993
2025-01-16 05:00:00,0.14842961017214243
2025-01-17 05:00:00,0.1491277258415915
2025-01-21 05:00:00,0.16471759533530525
2025-01-22 05:00:00,0.15642268371209836
2025-01-23 05:00:00,0.14726562852767522
2025-01-24 05:00:00,0.14125288696564678
2025-01-27 05:00:00,0.09840607313889307
2025-01-28 05:00:00,0.09706202603515517
2025-01-29 05:00:00,0.1013345845565451
2025-01-30 05:00:00,0.11963310407829855
2025-01-31 05:00:00,0.1389549402063983
2025-02-03 05:00:00,0.13714221195731244
2025-02-04 05:00:00,0.12888246292124184
2025-02-05 05:00:00,0.3279884821919199
2025-02-06 05:00:00,0.31209542192534606
2025-02-07 05:00:00,0.31574556028989165
2025-02-10 05:00:00,0.31077712973492505
2025-02-11 05:00:00,0.3045117158552036
2025-02-12 05:00:00,0.3131499849862956
2025-02-13 05:00:00,0.354933329507294
2025-02-14 05:00:00,0.35249206981905884
2025-02-18 05:00:00,0.3390062963995646
2025-02-19 05:00:00,0.33695638802877614
2025-02-20 05:00:00,0.3305047712843973
2025-02-21 05:00:00,0.2623841151256388
2025-02-24 05:00:00,0.25815629076102486
2025-02-25 05:00:00,0.2260028583195104
2025-02-26 05:00:00,0.23229710649925087
2025-02-27 05:00:00,0.2576418046250831
2025-02-28 05:00:00,0.28058237539871866
2025-03-03 05:00:00,0.2513563692850569
2025-03-04 05:00:00,0.27873798047100135
2025-03-05 05:00:00,0.24181732877247117
2025-03-06 05:00:00,0.24604564864461348
2025-03-07 05:00:00,0.2402100454201381
2025-03-10 04:00:00,0.16143115902951552
2025-03-11 04:00:00,0.16844100975383244
2025-03-12 04:00:00,0.1792875258312245
2025-03-13 04:00:00,0.1479008905219375
2025-03-14 04:00:00,0.12216565857371876
2025-03-17 04:00:00,0.12679608001359724
2025-03-18 04:00:00,0.12590626926446608
2025-03-19 04:00:00,0.06871871751289614
2025-03-20 04:00:00,0.07160730178848536
2025-03-21 04:00:00,0.05713106042087253
2025-03-24 04:00:00,0.02632098976494191
2025-03-25 04:00:00,0.01686870889796876
2025-03-26 04:00:00,0.03354362335511666
2025-03-27 04:00:00,0.017181935554554252
2025-03-28 04:00:00,-0.020584500235897685
2025-03-31 04:00:00,-0.009820614152145345
2025-04-01 04:00:00,-0.0035299438661443613
2025-04-02 04:00:00,0.0054214183859083885
2025-04-03 04:00:00,-0.018887279881539976
2025-04-04 04:00:00,-0.11722438247333751
2025-04-07 04:00:00,-0.10697443347182654
2025-04-08 04:00:00,-0.08161346945284116
2025-04-09 04:00:00,-0.007125072396282826
2025-04-10 04:00:00,0.09458689654624491
2025-04-11 04:00:00,0.07684205603650834
2025-04-14 04:00:00,0.08297486656526636
2025-04-15 04:00:00,0.08138568184880854
2025-04-16 04:00:00,0.06409637093548091
2025-04-17 04:00:00,0.0647351263340087
2025-04-21 04:00:00,0.09892751082114011
2025-04-22 04:00:00,0.11012070740555639
2025-04-23 04:00:00,0.13540822251719886
2025-04-24 04:00:00,0.15243449468762146
2025-04-25 04:00:00,0.1558606764271513
2025-04-28 04:00:00,0.15468910104564074
2025-04-29 04:00:00,0.1567502853408804
2025-04-30 04:00:00,0.15904541255426047
2025-05-01 04:00:00,0.15366685103092562
2025-05-02 04:00:00,0.13500068947031288
2025-05-05 04:00:00,0.13679833071490238
2025-05-06 04:00:00,0.13099809459028983
2025-05-07 04:00:00,0.13455299864305478
2025-05-08 04:00:00,0.12741292742971846
2025-05-09 04:00:00,0.12680372361397693
2025-05-12 04:00:00,0.0867836283917562
2025-05-13 04:00:00,0.08458998667209379
2025-05-14 04:00:00,0.08750209217896585
2025-05-15 04:00:00,0.09030994361768532
2025-05-16 04:00:00,0.09306201089591759
2025-05-19 04:00:00,0.11183691360434665
2025-05-20 04:00:00,0.11473100310521733
2025-05-21 04:00:00,0.14455765262080347
2025-05-22 04:00:00,0.14459152889209378
2025-05-23 04:00:00,0.13617051040658837
2025-05-27 04:00:00,0.14355183407196953
2025-05-28 04:00:00,0.15459173282719407
2025-05-29 04:00:00,0.14671668879877772
2025-05-30 04:00:00,0.1534264880337113
2025-06-02 04:00:00,0.14587090659446988
2025-06-03 04:00:00,0.14649701010827862
2025-06-04 04:00:00,0.17000755355841723
2025-06-05 04:00:00,0.16493009466744565
2025-06-06 04:00:00,0.15586837848918061
2025-06-09 04:00:00,0.16936786962527647
2025-06-10 04:00:00,0.17970361418711375
2025-06-11 04:00:00,0.1758245433820976
2025-06-12 04:00:00,0.1781391507198427
2025-06-13 04:00:00,0.18194659372424504
2025-06-16 04:00:00,0.17461551998710176
2025-06-17 04:00:00,0.1617143459774861
2025-06-18 04:00:00,0.17714880934458246
2025-06-20 04:00:00,0.1774400026712593
2025-06-23 04:00:00,0.1741024370961962
2025-06-24 04:00:00,0.17813423375097304
2025-06-25 04:00:00,0.20807694059032683
2025-06-26 04:00:00,0.2078840435351784
2025-06-27 04:00:00,0.20634301308508451
2025-06-30 04:00:00,0.20709771705745225
2025-07-01 04:00:00,0.24151864038795104
2025-07-02 04:00:00,0.33583953079282586
2025-07-03 04:00:00,0.34428630182222647
2025-07-07 04:00:00,0.3281333395996559
2025-07-08 04:00:00,0.3942923654037137
2025-07-09 04:00:00,0.2352455276508473
2025-07-10 04:00:00,0.2239502017689507
2025-07-11 04:00:00,0.22756365564493033
2025-07-14 04:00:00,0.2329384003280679
2025-07-15 04:00:00,0.2891459003144493
2025-07-16 04:00:00,0.2890942614783475
2025-07-17 04:00:00,0.20535230699275453
2025-07-18 04:00:00,0.18300986539825548
2025-07-21 04:00:00,0.15053248235806788
2025-07-22 04:00:00,0.09721029591685064
2025-07-23 04:00:00,0.07702022074033422
2025-07-24 04:00:00,0.08246078875444496
2025-07-25 04:00:00,0.07634996711784627
2025-07-28 04:00:00,0.0767695416140351
2025-07-29 04:00:00,0.05578590487083228
2025-07-30 04:00:00,0.10412861346626746
2025-07-31 04:00:00,0.09098851784590246
2025-08-01 04:00:00,0.02161260925126185
2025-08-04 04:00:00,0.027742411563157238
2025-08-05 04:00:00,0.03913782687224113
2025-08-06 04:00:00,0.029801558227336922
2025-08-07 04:00:00,0.13820372939749367
2025-08-08 04:00:00,0.13542101271119777
2025-08-11 04:00:00,0.135148188206815
2025-08-12 04:00:00,0.10787989021560287
2025-08-13 04:00:00,0.10883702767238816
2025-08-14 04:00:00,0.11105651921264159
2025-08-15 04:00:00,0.10862186708602181
2025-08-18 04:00:00,0.005318175214154533
2025-08-19 04:00:00,-0.005821745184966873
2025-08-20 04:00:00,-0.0051993359699985964
2025-08-21 04:00:00,-0.09854402244317752
2025-08-22 04:00:00,-0.07063100117341399
2025-08-25 04:00:00,-0.07146718090524275
2025-08-26 04:00:00,-0.07117362238661601
2025-08-27 04:00:00,-0.057266380633341364
2025-08-28 04:00:00,-0.04842552954041541
2025-08-29 04:00:00,-0.016044116982576788
2025-09-02 04:00:00,0.01214398424984128
2025-09-03 04:00:00,0.07795446888505331
2025-09-04 04:00:00,0.09652364802745722
2025-09-05 04:00:00,0.06193116007037652
2025-09-08 04:00:00,0.0696179362829132
2025-09-09 04:00:00,0.05679096802044254
2025-09-10 04:00:00,0.009827527663271019
2025-09-11 04:00:00,0.06239716590864526
2025-09-12 04:00:00,0.11814772446316607
2025-09-15 04:00:00,0.12079175972408604
2025-09-16 04:00:00,0.11466021521094148
2025-09-17 04:00:00,0.11225982365912185
2025-09-18 04:00:00,0.07042276846135206
2025-09-19 04:00:00,0.06678928759902349
2025-09-22 04:00:00,0.04887570146651082
2025-09-23 04:00:00,0.03952083098090742
2025-09-24 04:00:00,0.033692535236551004
2025-09-25 04:00:00,0.03566892993147659
2025-09-26 04:00:00,0.043403580825052974
2025-09-29 04:00:00,0.07246427319953071
2025-09-30 04:00:00,0.029929141804778216
2025-10-01 04:00:00,0.029944434472135427
2025-10-02 04:00:00,0.008808509008078528
2025-10-03 04:00:00,0.010276809746294859
2025-10-06 04:00:00,-0.03301585194892117
2025-10-07 04:00:00,-0.04358348518958014
2025-10-08 04:00:00,-0.06642912058397428
2025-10-09 04:00:00,-0.06285840319796417
2025-10-10 04:00:00,-0.21233678671155853
2025-10-13 04:00:00,-0.21355834264903614
2025-10-14 04:00:00,-0.22018634081945643
2025-10-15 04:00:00,-0.2230805620735147
2025-10-16 04:00:00,-0.222639574072863
2025-10-17 04:00:00,-0.22731967320748733
2025-10-20 04:00:00,-0.22191024701418685
2025-10-21 04:00:00,-0.22885474356237906
2025-10-22 04:00:00,-0.21666392313752514
2025-10-23 04:00:00,-0.23568280370659916
2025-10-24 04:00:00,-0.2372499971762834
2025-10-27 04:00:00,-0.1455435782600853
2025-10-28 04:00:00,-0.16105595889267446
2025-10-29 04:00:00,-0.14669272371164338
2025-10-30 04:00:00,-0.09268974332286235
2025-10-31 04:00:00,-0.0976644100315446
2025-11-03 05:00:00,-0.08580558275889032
2025-11-04 05:00:00,-0.09095390357206642
2025-11-05 05:00:00,-0.07959909274775338
2025-11-06 05:00:00,-0.12428520371531536
2025-11-07 05:00:00,-0.12822188891876807
2025-11-10 05:00:00,-0.14101471635723384
2025-11-11 05:00:00,-0.1410777643137042
2025-11-12 05:00:00,-0.13019445695123524
2025-11-13 05:00:00,-0.060476000043195935
2025-11-14 05:00:00,-0.0683761310968384
2025-11-17 05:00:00,-0.11552341046847674
2025-11-18 05:00:00,-0.1181618392782748
2025-11-19 05:00:00,-0.11975489908330562
2025-11-20 05:00:00,-0.1328824333582843
2025-11-21 05:00:00,-0.1308508712471289
2025-11-24 05:00:00,-0.12189083008377952
2025-11-25 05:00:00,-0.1438945817155305
2025-11-26 05:00:00,-0.15575307665941046
2025-11-28 05:00:00,-0.18561204010636548
2025-12-01 05:00:00,-0.13914981141622737
2025-12-02 05:00:00,-0.15415960541666152
2025-12-03 05:00:00,-0.14914891834516247
2025-12-04 05:00:00,-0.15350540012662442
2025-12-05 05:00:00,-0.17876479533400566
2025-12-08 05:00:00,-0.17591878876155664
2025-12-09 05:00:00,-0.18230792183039454
2025-12-10 05:00:00,-0.16906602880351682
2025-12-11 05:00:00,-0.1720330292044133
2025-12-12 05:00:00,-0.10977002678964616
2025-12-15 05:00:00,-0.10756609600263858
2025-12-16 05:00:00,-0.10786122452246105
2025-12-17 05:00:00,-0.08777944618817034
2025-12-18 05:00:00,-0.07845342652386171
2025-12-19 05:00:00,-0.09040812467034931
2025-12-22 05:00:00,-0.09323132014399764
2025-12-23 05:00:00,-0.09956677928620115
2025-12-24 05:00:00,-0.08818152193287554
2025-12-26 05:00:00,-0.09009460588174753
2025-12-29 05:00:00,-0.09678998729022473
2025-12-30 05:00:00,-0.09548295795211299
2025-12-31 05:00:00,-0.060542394788674396
2026-01-02 05:00:00,-0.0523845095880417
2026-01-05 05:00:00,-0.04136346404375107
2026-01-06 05:00:00,-0.04619221111341301
2026-01-07 05:00:00,0.15006821980238264
2026-01-08 05:00:00,0.1574933935921001
2026-01-09 05:00:00,0.17780195496046386
2026-01-12 05:00:00,0.18023977215317952
2026-01-13 05:00:00,0.21255806311584483
2026-01-14 05:00:00,0.19483470410029372
2026-01-15 05:00:00,0.1788291595072498
2026-01-16 05:00:00,0.18419388070571754
2026-01-20 05:00:00,0.2816921445968428
2026-01-21 05:00:00,0.3300176673140911
2026-01-22 05:00:00,0.3364158878090953
2026-01-23 05:00:00,0.3241040658805681
2026-01-26 05:00:00,0.3293229587174453
2026-01-27 05:00:00,0.3262542471052318
2026-01-28 05:00:00,0.30787198557381906
2026-01-29 05:00:00,0.3115588154281107
2026-01-30 05:00:00,0.31828377785834966
2026-02-02 05:00:00,0.33505796377402225
2026-02-03 05:00:00,0.3462669492640737
2026-02-04 05:00:00,0.4198007887303229
2026-02-05 05:00:00,0.3254051365114785
2026-02-06 05:00:00,0.326880123559339
2026-02-09 05:00:00,0.3242602841032127
2026-02-10 05:00:00,0.29463416194497277
2026-02-11 05:00:00,0.24967625201346116
2026-02-12 05:00:00,0.1387232372413404
2026-02-13 05:00:00,0.14970721389429859
2026-02-17 05:00:00,0.14956138114593096
2026-02-18 05:00:00,0.14428878008646787
2026-02-19 05:00:00,0.1763575284694723
2026-02-20 05:00:00,0.1585623531080279
2026-02-23 05:00:00,0.10753390281613445
2026-02-24 05:00:00,0.10339317127850442
2026-02-25 05:00:00,0.09026187517936378
2026-02-26 05:00:00,0.09155652833164211
2026-02-27 05:00:00,0.051128381255156674
2026-03-02 05:00:00,0.0475753157030263
2026-03-03 05:00:00,0.05270039254362755
2026-03-04 05:00:00,0.0431860761427852
2026-03-05 05:00:00,0.0587267388044305
2026-03-06 05:00:00,0.07608737105942415
2026-03-09 04:00:00,0.10623540804986228
2026-03-10 04:00:00,0.10051731308771704
2026-03-11 04:00:00,0.10333159242507099
2026-03-12 04:00:00,0.07435620104254301
2026-03-13 04:00:00,0.08472656186502435
2026-03-16 04:00:00,0.12005004124108497
2026-03-17 04:00:00,0.12037667439290742
2026-03-18 04:00:00,0.13417313099055334
2026-03-19 04:00:00,0.1443988840673023
2026-03-20 04:00:00,0.21066087008765566
