date,drawdown,portfolio_drawdown,portfolio_60_30_10_drawdown
2006-02-07 05:00:00,-0.10682593427064713,0.0,0.0
2006-02-08 05:00:00,-0.09871148375646777,0.0,0.0
2006-02-09 05:00:00,-0.10020626958853185,0.0,0.0
2006-02-10 05:00:00,-0.09856925056956334,-0.0011108537642867677,-0.0023807151170237573
2006-02-13 05:00:00,-0.10020626958853185,-0.002155068351815115,-0.00498334485222085
2006-02-14 05:00:00,-0.09066807116694275,0.0,-0.0005406568731001204
2006-02-15 05:00:00,-0.08746483504726554,0.0,0.0
2006-02-16 05:00:00,-0.08063150590960144,0.0,0.0
2006-02-17 05:00:00,-0.08312271073797772,0.0,0.0
2006-02-21 05:00:00,-0.08540088046118932,-0.0021504747784352185,-0.00032616951232911084
2006-02-22 05:00:00,-0.07984859403124245,0.0,0.0
2006-02-23 05:00:00,-0.0812011466764021,-0.0018880981761795201,-0.001985904119693127
2006-02-24 05:00:00,-0.07885217503493036,-0.0009700977084685647,0.0
2006-02-27 05:00:00,-0.07849619872367897,-0.0013970257651649831,-0.0022250079130783362
2006-02-28 05:00:00,-0.08725164260450513,-0.005111904536678646,-0.00508486360311311
2006-03-01 05:00:00,-0.07913687741513364,-0.0022097376320576734,-0.0017949814170961087
2006-03-02 05:00:00,-0.07920838735257607,-0.005034985675359538,-0.002122443707085808
2006-03-03 05:00:00,-0.0834788443868254,-0.010107086180879299,-0.005703984453340527
2006-03-06 05:00:00,-0.08767865684041076,-0.016286030593224643,-0.012624433137575553
2006-03-07 05:00:00,-0.08910224741022454,-0.016940161633643536,-0.015070619557109755
2006-03-08 05:00:00,-0.08718013266706248,-0.015828910282987274,-0.015502129750296079
2006-03-09 05:00:00,-0.09330190252621384,-0.01965550322374643,-0.01836677266225817
2006-03-10 05:00:00,-0.08468884916988828,-0.015528695639879131,-0.014296580248098323
2006-03-13 05:00:00,-0.08298039888227504,-0.014738257872287774,-0.012132918510665447
2006-03-14 05:00:00,-0.0733711625360316,-0.005907931228084862,-0.002489032497725474
2006-03-15 05:00:00,-0.06924278135109074,-0.00539977198677255,-0.0025440771911218185
2006-03-16 05:00:00,-0.06732066660792857,-0.0005636649630502699,0.0
2006-03-17 05:00:00,-0.06654176683827084,-0.0012738650939549956,-0.0008771810639847111
2006-03-20 05:00:00,-0.06804284617418033,-0.0016085334264021034,-0.003425768319907485
2006-03-21 05:00:00,-0.07390280627336598,-0.00743901245584444,-0.008381558043291992
2006-03-22 05:00:00,-0.06825698264251778,-0.0029564452728654267,-0.004289106840799972
2006-03-23 05:00:00,-0.07018720027188075,-0.005454144733043065,-0.00477202233666274
2006-03-24 05:00:00,-0.06947170755346466,-0.0020716963751616913,-0.002332445466745381
2006-03-27 05:00:00,-0.07082976701448906,-0.004423913044985017,-0.00371299816259274
2006-03-28 05:00:00,-0.07654678590758768,-0.011823317631879604,-0.0089065571085859
2006-03-29 05:00:00,-0.07075802107065232,-0.009994248881111778,-0.005928552189664482
2006-03-30 05:00:00,-0.07240196294385082,-0.013805531461461462,-0.007852311126147704
2006-03-31 05:00:00,-0.07218727579392703,-0.013804923064171915,-0.008516963078522233
2006-04-03 04:00:00,-0.07290237516835274,-0.014133265971378095,-0.008423623162441385
2006-04-04 04:00:00,-0.06697090513172466,-0.01075882133717998,-0.005462516460412625
2006-04-05 04:00:00,-0.06375500333555861,-0.008163699348941234,-0.0023678956170797294
2006-04-06 04:00:00,-0.06475543444057208,-0.011823636573131013,-0.00350657368972751
2006-04-07 04:00:00,-0.07426011995418491,-0.021712557574019242,-0.012952149513064226
2006-04-10 04:00:00,-0.07283094389970834,-0.020070715620672752,-0.009660041590966784
2006-04-11 04:00:00,-0.08069184487771885,-0.023676273118913405,-0.013253725405448002
2006-04-12 04:00:00,-0.07897662907347203,-0.024956573501427215,-0.014145868882676993
2006-04-13 04:00:00,-0.08019151132201507,-0.028480253725967297,-0.016379260664680317
2006-04-17 04:00:00,-0.08054874633403575,-0.027280166916274107,-0.014465098491247774
2006-04-18 04:00:00,-0.06597015935151906,-0.017337266706604182,-0.003281260748955739
2006-04-19 04:00:00,-0.06418366961622379,-0.01861725913575807,-0.0029975792256552447
2006-04-20 04:00:00,-0.0628972774302381,-0.018133596294991228,-0.0035782910648185506
2006-04-21 04:00:00,-0.06275449356174712,-0.015760967607348464,0.0
2006-04-24 04:00:00,-0.0644693946908017,-0.015262936297348983,-0.001884229356648781
2006-04-25 04:00:00,-0.06832872858635464,-0.022372965690044322,-0.007595161886444823
2006-04-26 04:00:00,-0.06811443478042123,-0.02288869157244433,-0.008339712230852614
2006-04-27 04:00:00,-0.06361159011668305,-0.019544651913440347,-0.006625061298263235
2006-04-28 04:00:00,-0.06046759160195003,-0.01728931358959329,-0.0027553365515330386
2006-05-01 04:00:00,-0.06811443478042112,-0.02504229693426241,-0.008783695468904451
2006-05-02 04:00:00,-0.061110866363740746,-0.019614761698354077,-0.002379598558606477
2006-05-03 04:00:00,-0.06461265057208088,-0.022654964716233073,-0.007047582219956161
2006-05-04 04:00:00,-0.06125341422583752,-0.021206591779588058,-0.006605390599523808
2006-05-05 04:00:00,-0.052963925635959974,-0.013665025543544318,0.0
2006-05-08 04:00:00,-0.05410745528465655,-0.014143700532516346,-0.0008174864231916823
2006-05-09 04:00:00,-0.05224898359913033,-0.013217164545821003,0.0
2006-05-10 04:00:00,-0.05274955316122831,-0.01282133978051292,0.0
2006-05-11 04:00:00,-0.06418366961622346,-0.021904137565065374,-0.007736675709770657
2006-05-12 04:00:00,-0.07640392337029855,-0.03280718924772297,-0.018307508111477855
2006-05-15 04:00:00,-0.07454592369756075,-0.03009471919311446,-0.019273582701301417
2006-05-16 04:00:00,-0.07590343247699849,-0.028049790903311944,-0.017636096614857544
2006-05-17 04:00:00,-0.0934838634561419,-0.041562726885708834,-0.030833744298043864
2006-05-18 04:00:00,-0.09805711669414963,-0.03924898721513759,-0.029775110704894248
2006-05-19 04:00:00,-0.0916972950520486,-0.03418049829008074,-0.027037910552069166
2006-05-22 04:00:00,-0.09862911752489212,-0.03777926689724709,-0.030105223287420046
2006-05-23 04:00:00,-0.10548943006029299,-0.04240079468755442,-0.0331920166630264
2006-05-24 04:00:00,-0.0983436284567083,-0.037629893260021086,-0.03087325420725684
2006-05-25 04:00:00,-0.08719531574508932,-0.031991887097045146,-0.02313623273594423
2006-05-26 04:00:00,-0.08254984455045644,-0.029311594762623572,-0.019415339311230406
2006-05-30 04:00:00,-0.09884325399322957,-0.03983942683341246,-0.030530877748924157
2006-05-31 04:00:00,-0.08876711833046069,-0.03567934218739832,-0.027213835309298662
2006-06-01 04:00:00,-0.08004864878472584,-0.028421782924621053,-0.021508450281162328
2006-06-02 04:00:00,-0.07811898183694932,-0.022185312254671574,-0.014549261104255695
2006-06-05 04:00:00,-0.09155427517716352,-0.031242872089591645,-0.023818049978407974
2006-06-06 04:00:00,-0.09376919518672977,-0.030829773017200246,-0.02470045874030702
2006-06-07 04:00:00,-0.10055846979747651,-0.035095000888465955,-0.029667864763349816
2006-06-08 04:00:00,-0.10134444975896029,-0.03482994640719095,-0.030632735996362626
2006-06-09 04:00:00,-0.10420311654310566,-0.034634686712997076,-0.030792968765524953
2006-06-12 04:00:00,-0.11392233186904632,-0.04060349947600883,-0.03802686379266118
2006-06-13 04:00:00,-0.1242129186753449,-0.04702034293978408,-0.04713552585153802
2006-06-14 04:00:00,-0.11742411607738645,-0.04640689802058584,-0.045607143361533486
2006-06-15 04:00:00,-0.09870054879353685,-0.03646777961295755,-0.03407731191635033
2006-06-16 04:00:00,-0.10526860674412031,-0.041547206869814834,-0.03875341379108488
2006-06-19 04:00:00,-0.11230261998565227,-0.04661404870256125,-0.0454746064161996
2006-06-20 04:00:00,-0.1092880316437389,-0.04530553204740795,-0.043207042478387137
2006-06-21 04:00:00,-0.10268410072123713,-0.040967779042067276,-0.03749293813686716
2006-06-22 04:00:00,-0.10663240902740356,-0.0456898031165871,-0.041721952649352856
2006-06-23 04:00:00,-0.10677542890228875,-0.046557710672640584,-0.04259463856700341
2006-06-26 04:00:00,-0.10282774994650679,-0.04476114698853828,-0.03954706773030903
2006-06-27 04:00:00,-0.11058000931438727,-0.04783168226201007,-0.04275686429526415
2006-06-28 04:00:00,-0.10455036061777201,-0.045961800143506704,-0.040760325653395935
2006-06-29 04:00:00,-0.08646227988470467,-0.03311473395737752,-0.026064623106120455
2006-06-30 04:00:00,-0.08639029793447361,-0.02931781334806971,-0.02275935369376003
2006-07-03 04:00:00,-0.08265769947260593,-0.027322130824227853,-0.018065649962355268
2006-07-05 04:00:00,-0.08789774944302653,-0.03376258379706332,-0.02453950500712032
2006-07-06 04:00:00,-0.08524204815789305,-0.0297063442931369,-0.02039877579373872
2006-07-07 04:00:00,-0.09119971490427747,-0.030995712858249647,-0.02304958624780573
2006-07-10 04:00:00,-0.08947694689541619,-0.029525560264698547,-0.022343040366512246
2006-07-11 04:00:00,-0.08545712865180732,-0.025712669238416974,-0.01667366259724612
2006-07-12 04:00:00,-0.09521890379750186,-0.03186011435488745,-0.021922988474243343
2006-07-13 04:00:00,-0.1099339024758661,-0.03979810759887814,-0.03036069888171089
2006-07-14 04:00:00,-0.11337951716238659,-0.0418020706382386,-0.032000429782127804
2006-07-17 04:00:00,-0.11467125882664075,-0.04205394636139648,-0.034594514670118426
2006-07-18 04:00:00,-0.11014937631377053,-0.04240265214620764,-0.03471482377173429
2006-07-19 04:00:00,-0.09780356715798122,-0.030802117373491922,-0.023598218320600384
2006-07-20 04:00:00,-0.1039765504046739,-0.033644187348066845,-0.027768339682261334
2006-07-21 04:00:00,-0.11029334021423254,-0.03845518902904754,-0.03269290790226509
2006-07-24 04:00:00,-0.09407096869611375,-0.02816138766456544,-0.021863241224392427
2006-07-25 04:00:00,-0.09084074917869966,-0.02722146612673637,-0.021471182671266575
2006-07-26 04:00:00,-0.08962043878309,-0.025019561599240348,-0.020268406948525386
2006-07-27 04:00:00,-0.09048170478432349,-0.026166926513708888,-0.019367869824258643
2006-07-28 04:00:00,-0.08136556446436183,-0.018070596927491245,-0.012122295668746896
2006-07-31 04:00:00,-0.0822988910846244,-0.01816495107134597,-0.011379696798537009
2006-08-01 04:00:00,-0.08682108827268675,-0.021104613040682674,-0.013871682333214452
2006-08-02 04:00:00,-0.08064786901959986,-0.015667920894741894,-0.0074355721288268395
2006-08-03 04:00:00,-0.07820748423477486,-0.014008122027168501,-0.006727536850936411
2006-08-04 04:00:00,-0.07978660301836638,-0.012631639449526055,-0.006057060521698188
2006-08-07 04:00:00,-0.08194016136544047,-0.013789372970517855,-0.005715684671823373
2006-08-08 04:00:00,-0.08545712865180755,-0.01692375767832799,-0.010047397663929147
2006-08-09 04:00:00,-0.08854377761275001,-0.020192149596073516,-0.012865242997149307
2006-08-10 04:00:00,-0.08574450577114501,-0.018980146173586676,-0.012779134831698902
2006-08-11 04:00:00,-0.08832822510604754,-0.02233654440372379,-0.016687792784774502
2006-08-14 04:00:00,-0.08761068699888186,-0.02256127078265313,-0.017665263180491664
2006-08-15 04:00:00,-0.07669995405742391,-0.012246383362131241,-0.007972977141654125
2006-08-16 04:00:00,-0.06901975530857252,-0.004650783329347763,-0.002070861236981858
2006-08-17 04:00:00,-0.06665119513638229,-0.003269206432278793,-0.002203572224892536
2006-08-18 04:00:00,-0.06191360277921343,0.0,0.0
2006-08-21 04:00:00,-0.06593302767883202,-0.0011416756474693646,-0.0006928384651986308
2006-08-22 04:00:00,-0.06600540297305335,-0.0010506831538019679,-0.0007960065905266989
2006-08-23 04:00:00,-0.06858904363915785,-0.002525061886737623,-0.00335709975558085
2006-08-24 04:00:00,-0.06937872103415077,-0.0023002804700601454,-0.0018634006025540772
2006-08-25 04:00:00,-0.06823039258877206,-0.0009671258755271639,-0.0007181611545917788
2006-08-28 04:00:00,-0.06378025601973869,0.0,0.0
2006-08-29 04:00:00,-0.06270288683021608,0.0,0.0
2006-08-30 04:00:00,-0.06212884061072377,0.0,0.0
2006-08-31 04:00:00,-0.062272725842387744,0.0,0.0
2006-09-01 04:00:00,-0.05667371014638922,0.0,0.0
2006-09-05 04:00:00,-0.054879353531287256,-0.0013651319163857645,-0.0008988298633001435
2006-09-06 04:00:00,-0.0632055804498618,-0.007193510931374214,-0.007113818712494946
2006-09-07 04:00:00,-0.06751230380001982,-0.009156779960236894,-0.009591638525585533
2006-09-08 04:00:00,-0.06485636650849202,-0.007145911288034212,-0.008462970106666634
2006-09-11 04:00:00,-0.06392327589462365,-0.0069155298456182734,-0.010448836322288324
2006-09-12 04:00:00,-0.054735704306017485,0.0,-0.0046953246053692554
2006-09-13 04:00:00,-0.050931359900312945,0.0,-0.0024093509589909745
2006-09-14 04:00:00,-0.05085953528767817,-0.0008664454587322679,-0.0036408697711253213
2006-09-15 04:00:00,-0.04863163492643108,0.0,-0.002775253793297905
2006-09-18 04:00:00,-0.04733391443352397,0.0,-0.00123892566919237
2006-09-19 04:00:00,-0.04971325223104939,0.0,-0.0008564209056051153
2006-09-20 04:00:00,-0.04466657016627651,0.0,0.0
2006-09-21 04:00:00,-0.04928073117927889,0.0,0.0
2006-09-22 04:00:00,-0.05216441464120947,0.0,-0.0014912325463355414
2006-09-25 04:00:00,-0.04488267335456553,0.0,0.0
2006-09-26 04:00:00,-0.03695207182146798,0.0,0.0
2006-09-27 04:00:00,-0.035798944579407244,-0.0004384499584024759,0.0
2006-09-28 04:00:00,-0.036159247674552475,-0.001331399697811264,0.0
2006-09-29 04:00:00,-0.03695207182146798,-0.002314702133305979,-0.0006106785929300695
2006-10-02 04:00:00,-0.040557069492871634,-0.0034622631852530006,-0.0031189096763165614
2006-10-03 04:00:00,-0.03853842813448183,-0.0027395949942101705,-0.0039032191885541856
2006-10-04 04:00:00,-0.027291464750087147,0.0,0.0
2006-10-05 04:00:00,-0.02541733797374557,-0.001649701930458769,-0.00039436477236676204
2006-10-06 04:00:00,-0.026642604503633427,-0.006566241717477883,-0.0038937167549968343
2006-10-09 04:00:00,-0.026066040882603003,-0.005132761388876972,0.0
2006-10-10 04:00:00,-0.024768320389695897,-0.00748451030988595,-0.004242440654558033
2006-10-11 04:00:00,-0.025922076982141107,-0.009364419911425226,-0.007178175365005313
2006-10-12 04:00:00,-0.01748665777184988,-0.003990671976287885,-0.0007452269528703814
2006-10-13 04:00:00,-0.014963277405064535,-0.004457174268066577,0.0
2006-10-16 04:00:00,-0.013449375055070267,-0.0017572592046701807,0.0
2006-10-17 04:00:00,-0.01654947638048221,-0.0033202373860485856,-0.0015635383783388912
2006-10-18 04:00:00,-0.015251677218776849,-0.0017121236519866967,-0.0017548708245626043
2006-10-19 04:00:00,-0.013666028924945728,-0.0014753929485430417,0.0
2006-10-20 04:00:00,-0.013449375055070267,-0.0017537312563445928,-0.0015701473979062852
2006-10-23 04:00:00,-0.008907195992298833,-0.0005925210350384846,0.0
2006-10-24 04:00:00,-0.005951451911339278,0.0,0.0
2006-10-25 04:00:00,-0.0025626360970227857,0.0,0.0
2006-10-26 04:00:00,0.0,0.0,0.0
2006-10-27 04:00:00,-0.006269052196236191,-0.0019075352751209973,-0.002085653106948082
2006-10-30 05:00:00,-0.006989507286715657,-0.0012184987112895396,-0.0027321904405633868
2006-10-31 05:00:00,-0.0071340228881892065,0.0,-0.001117600024432619
2006-11-01 05:00:00,-0.01383481347816351,-0.0018365860111283494,-0.002224637954572395
2006-11-02 05:00:00,-0.014411303353029425,-0.0038285502717295694,-0.0045385675584114216
2006-11-03 05:00:00,-0.01614093023072971,-0.009591773044898555,-0.007891996237267995
2006-11-06 05:00:00,-0.005043971898870625,-0.0017259727658721635,0.0
2006-11-07 05:00:00,-0.0012254734301226922,0.0,0.0
2006-11-08 05:00:00,0.0,0.0,0.0
2006-11-09 05:00:00,-0.005255587041334997,-0.003377217525049936,-0.001999131876313731
2006-11-10 05:00:00,-0.004823074340496669,-0.0013791246412513392,-0.002524912244337596
2006-11-13 05:00:00,-0.0023754420765260686,0.0,-0.0018449468861241325
2006-11-14 05:00:00,0.0,0.0,0.0
2006-11-15 05:00:00,0.0,0.0,0.0
2006-11-16 05:00:00,0.0,-0.00028291799483026736,-0.002322540864852396
2006-11-17 05:00:00,0.0,0.0,0.0
2006-11-20 05:00:00,0.0,0.0,0.0
2006-11-21 05:00:00,0.0,0.0,0.0
2006-11-22 05:00:00,0.0,0.0,0.0
2006-11-24 05:00:00,-0.00404484334933497,-0.001719457787829115,-0.0005225727329295493
2006-11-27 05:00:00,-0.01774072304023666,-0.008502110021129883,-0.007398457442550521
2006-11-28 05:00:00,-0.013483172516281727,-0.0050948152265536395,-0.003918632431243685
2006-11-29 05:00:00,-0.0031934726231077626,0.0,0.0
2006-11-30 05:00:00,-0.0027675162461203717,0.0,0.0
2006-12-01 05:00:00,-0.00496737457555374,-0.00030567593872476984,-0.0005989280454872237
2006-12-04 05:00:00,0.0,0.0,0.0
2006-12-05 05:00:00,0.0,0.0,0.0
2006-12-06 05:00:00,-0.0008454142964523514,-0.001297255032724376,-0.0024211867459110747
2006-12-07 05:00:00,-0.005214669791280158,-0.004224974991022479,-0.005622456247384888
2006-12-08 05:00:00,-0.0033825799592824835,-0.006016739411328742,-0.007475750310437235
2006-12-11 05:00:00,-0.0004932993188776491,-0.0025693355261411366,-0.004304215436607972
2006-12-12 05:00:00,-0.0012682752402574105,-0.002197002673786974,-0.004299672646263963
2006-12-13 05:00:00,-0.00021146892079693114,-0.005122916570877711,-0.0062917785380181
2006-12-14 05:00:00,0.0,-0.0013223643825944764,-0.0009837066454925214
2006-12-15 05:00:00,0.0,-0.0010451860373961175,-0.00029014550624872903
2006-12-18 05:00:00,-0.0027397454517427144,-0.0025534565859290925,-0.00359887761803257
2006-12-19 05:00:00,-0.0008426291523766505,-0.0019485274782871098,-0.001680490410336799
2006-12-20 05:00:00,-0.0014045598030750783,-0.0023298645807507956,-0.0018491894541032838
2006-12-21 05:00:00,-0.0050582144449645705,-0.0025165667665082436,-0.0035428838411049046
2006-12-22 05:00:00,-0.011170306154242304,-0.009249255931432443,-0.00873454717458233
2006-12-26 05:00:00,-0.005339141652646484,-0.004546687646518444,-0.00585088932488087
2006-12-27 05:00:00,0.0,-0.0035513810266979418,-0.004411404528751994
2006-12-28 05:00:00,-0.0021047828872516883,-0.0057081842881927525,-0.005604457707465205
2006-12-29 05:00:00,-0.006245285711218074,-0.00849819788078121,-0.007909875653582588
2007-01-03 05:00:00,-0.007999804461238158,-0.0067232973340859425,-0.009988856584969286
2007-01-04 05:00:00,-0.005894260130209883,-0.003049111879460331,-0.00950609850117412
2007-01-05 05:00:00,-0.013823554897735901,-0.009555924694679474,-0.015881522510759583
2007-01-08 05:00:00,-0.009262278242825217,-0.006096947300601729,-0.012109867149538989
2007-01-09 05:00:00,-0.010104435059734462,-0.006603855766563749,-0.0134646058790725
2007-01-10 05:00:00,-0.006806469774565449,-0.00639644250163518,-0.014274208272487598
2007-01-11 05:00:00,-0.002455732323882187,-0.006107910613542655,-0.013542182033065453
2007-01-12 05:00:00,0.0,-0.003420719941415573,-0.008109538087243573
2007-01-16 05:00:00,-0.00195481649694218,-0.0037291543109659875,-0.010898528463509027
2007-01-17 05:00:00,-0.0015354294202458707,-0.004697223851663268,-0.010683652199003357
2007-01-18 05:00:00,-0.004886662460674929,-0.005479788486037918,-0.012804204532622654
2007-01-19 05:00:00,-0.0029318459637327487,-0.0053897311182597996,-0.010961771147771082
2007-01-22 05:00:00,-0.0060034623675855325,-0.0062788332276241254,-0.011995717241481851
2007-01-23 05:00:00,-0.0030713133785084112,-0.00713350385553746,-0.009055928447735173
2007-01-24 05:00:00,0.0,-0.0023815383945621216,-0.00513809608875071
2007-01-25 05:00:00,-0.011739947550239993,-0.01227865132369288,-0.015181379120124072
2007-01-26 05:00:00,-0.012642956653376891,-0.013138039433518656,-0.014732736168083016
2007-01-29 05:00:00,-0.013198903905704662,-0.014334478078396717,-0.017717479681027548
2007-01-30 05:00:00,-0.008057956012247125,-0.010798682791081982,-0.011585643072406615
2007-01-31 05:00:00,-0.0013893781434104469,-0.003481612088552022,-0.004064610691362103
2007-02-01 05:00:00,0.0,-0.0003839289999443274,-0.0012225305225512795
2007-02-02 05:00:00,0.0,0.0,0.0
2007-02-05 05:00:00,0.0,0.0,0.0
2007-02-06 05:00:00,0.0,0.0,0.0
2007-02-07 05:00:00,0.0,0.0,0.0
2007-02-08 05:00:00,-0.001308198524842985,-0.0004667314717134996,0.0
2007-02-09 05:00:00,-0.00874570992562207,-0.007201362214335871,-0.005552362180025305
2007-02-12 05:00:00,-0.012120078964196312,-0.010135761859654702,-0.01013784669342277
2007-02-13 05:00:00,-0.0037872444441359177,-0.005986035534896628,-0.003955344085781243
2007-02-14 05:00:00,0.0,0.0,0.0
2007-02-15 05:00:00,0.0,0.0,0.0
2007-02-16 05:00:00,-0.00048056942527552327,0.0,0.0
2007-02-20 05:00:00,0.0,0.0,0.0
2007-02-21 05:00:00,-0.00041038034151108516,-0.0009213201993581999,0.0
2007-02-22 05:00:00,-0.001163896011122545,-0.0035359885066471586,-0.0007015870180739903
2007-02-23 05:00:00,-0.005066410209293992,-0.003025559851731474,-0.0002658147871644756
2007-02-26 05:00:00,-0.005956942237722251,-0.0009124219746831086,0.0
2007-02-27 05:00:00,-0.044781612345203614,-0.019275982714493378,-0.02154032873452305
2007-02-28 05:00:00,-0.0349898467460138,-0.015019591194140758,-0.015353476197351057
2007-03-01 05:00:00,-0.037865852811290956,-0.017031141849814024,-0.01800483321301538
2007-03-02 05:00:00,-0.05046533920799623,-0.022783088999466017,-0.025145823046063942
2007-03-05 05:00:00,-0.059503812049221394,-0.027714249897559107,-0.03168158307664104
2007-03-06 05:00:00,-0.04341271192303109,-0.01889550294878961,-0.02169780991997261
2007-03-07 05:00:00,-0.044370711876516866,-0.01796048720541621,-0.019796665137719494
2007-03-08 05:00:00,-0.03629075911595314,-0.013325759643987523,-0.014927143338242743
2007-03-09 05:00:00,-0.03601717222161238,-0.017307699016611666,-0.019165008966294472
2007-03-12 04:00:00,-0.03457909488509159,-0.014889053523956308,-0.018047933984822073
2007-03-13 04:00:00,-0.053340973753862486,-0.02400507954691744,-0.02848764008730975
2007-03-14 04:00:00,-0.04628827216501519,-0.021415105265793488,-0.025268419416402566
2007-03-15 04:00:00,-0.04498698827566461,-0.0206574984232909,-0.02510365513433699
2007-03-16 04:00:00,-0.04766118499682748,-0.022390201372045948,-0.026564955411779723
2007-03-19 04:00:00,-0.036181012281911396,-0.01614606672945984,-0.019659974656477064
2007-03-20 04:00:00,-0.03088775232019414,-0.012684661709064349,-0.016144917488426613
2007-03-21 04:00:00,-0.014938721216811834,-0.002759265462172089,-0.006136930307873545
2007-03-22 04:00:00,-0.015694614610654245,-0.006374443899009874,-0.007326898933878612
2007-03-23 04:00:00,-0.014250667267437844,-0.0066156675008745,-0.007249258361340383
2007-03-26 04:00:00,-0.015557078124661672,-0.0069133431082036845,-0.007230280428730973
2007-03-27 04:00:00,-0.017894603955477484,-0.008998353134301862,-0.008868697201647957
2007-03-28 04:00:00,-0.025043974895095356,-0.014130838797532741,-0.012850487193596716
2007-03-29 04:00:00,-0.024012711313739055,-0.014039415589102378,-0.01071107117076009
2007-03-30 04:00:00,-0.023806369432809005,-0.014672228094738782,-0.012615269875582369
2007-04-02 04:00:00,-0.02270674627980862,-0.013352122140176781,-0.012428873377648086
2007-04-03 04:00:00,-0.012188511624136145,-0.007473491752577721,-0.006814432591213837
2007-04-04 04:00:00,-0.011088368343960098,-0.006404145592677768,-0.004734940829941969
2007-04-05 04:00:00,-0.00840785579280845,-0.0062771841194190214,-0.0040382936722799245
2007-04-09 04:00:00,-0.007032862452293731,-0.008077380478374363,-0.006205402446513242
2007-04-10 04:00:00,-0.005863542257769194,-0.006193680325328299,-0.00322865530286065
2007-04-11 04:00:00,-0.009919865492139968,-0.00889924284352095,-0.006030617065588939
2007-04-12 04:00:00,-0.005519812498611221,-0.006165939778125629,-0.00272533700111377
2007-04-13 04:00:00,-0.000982668842383072,-0.00467366980438555,-0.0003735353805798258
2007-04-16 04:00:00,0.0,0.0,0.0
2007-04-17 04:00:00,0.0,0.0,0.0
2007-04-18 04:00:00,0.0,0.0,0.0
2007-04-19 04:00:00,-0.00027140423877936026,-0.0008409058200191666,-0.0009486236391822445
2007-04-20 04:00:00,0.0,0.0,0.0
2007-04-23 04:00:00,-0.0037676908455737124,-0.0008085824441927958,-0.0005057008331870172
2007-04-24 04:00:00,-0.003364064227685426,0.0,-0.0005052804039185066
2007-04-25 04:00:00,0.0,0.0,0.0
2007-04-26 04:00:00,0.0,-0.0022111136866731496,-0.0021841411329278637
2007-04-27 04:00:00,-0.000801552663411198,-0.002781520559910655,-0.002226593073717198
2007-04-30 04:00:00,-0.009087561792069043,-0.003565323173634005,-0.004945384447087475
2007-05-01 04:00:00,-0.006548059791870786,-0.0017443908215517556,-0.0030044842015675144
2007-05-02 04:00:00,-0.0007347445706326061,0.0,-0.00045142969012490486
2007-05-03 04:00:00,0.0,0.0,0.0
2007-05-04 04:00:00,0.0,0.0,0.0
2007-05-07 04:00:00,0.0,0.0,0.0
2007-05-08 04:00:00,-0.0013251556092992445,-0.0016951965148451764,-0.0021008450562362
2007-05-09 04:00:00,0.0,-0.0016429656386591773,-0.0021691565343512353
2007-05-10 04:00:00,-0.010452378184174771,-0.006953946621377827,-0.008112608375385522
2007-05-11 04:00:00,-0.0019845789882457776,-0.0032465586127474744,-0.0025929623118665646
2007-05-14 04:00:00,-0.004167651627054236,-0.00559478809553271,-0.005036661828629163
2007-05-15 04:00:00,-0.0039029457573195314,-0.00557173840322267,-0.003994979440070545
2007-05-16 04:00:00,0.0,-0.001761794000332939,-0.0010870810736831604
2007-05-17 04:00:00,-0.001978747394579039,-0.004582869885583762,-0.0026703674747384776
2007-05-18 04:00:00,0.0,-0.002011335808255188,0.0
2007-05-21 04:00:00,-0.000524064028726734,-0.00113138280292846,0.0
2007-05-22 04:00:00,-0.0013100892523533192,-0.0036648762467298424,-0.003461045988899958
2007-05-23 04:00:00,-0.0011794273424882151,-0.004735254007079304,-0.003771959641952427
2007-05-24 04:00:00,-0.010221302324606274,-0.009772949223320948,-0.009455087268128937
2007-05-25 04:00:00,-0.006093589903750751,-0.008210188668968055,-0.0064488230812937974
2007-05-29 04:00:00,-0.002489799872695042,-0.006098245515823053,-0.006495080476370485
2007-05-30 04:00:00,0.0,-0.00041259734802545633,-6.651347644659467e-05
2007-05-31 04:00:00,-0.0010421143639879338,-0.001776893538039892,-0.0003366514552894939
2007-06-01 04:00:00,0.0,-0.00090567455098578,0.0
2007-06-04 04:00:00,0.0,0.0,0.0
2007-06-05 04:00:00,-0.003958451167342281,-0.004886978098494588,-0.004644664463722248
2007-06-06 04:00:00,-0.014666125752454406,-0.011492150954387492,-0.01124333718560555
2007-06-07 04:00:00,-0.032446365886942274,-0.029278775327773343,-0.026765116725750215
2007-06-08 04:00:00,-0.019857345098778678,-0.022024598388350247,-0.021136149601854615
2007-06-11 04:00:00,-0.018169793756817487,-0.022134699975394412,-0.0190843294216545
2007-06-12 04:00:00,-0.028877468341929613,-0.034197203898915896,-0.03002834969031587
2007-06-13 04:00:00,-0.014341521113609867,-0.020926304337433366,-0.016619031657574834
2007-06-14 04:00:00,-0.008046800301654833,-0.01816150133821759,-0.012657351485420465
2007-06-15 04:00:00,-0.0024026214139180047,-0.012116537287274576,-0.00665917419002271
2007-06-18 04:00:00,-0.0035758413348233598,-0.013616286545593992,-0.007965432033823938
2007-06-19 04:00:00,-0.0010995736653333088,-0.008460261453683282,-0.004674311307532708
2007-06-20 04:00:00,-0.014980981029846685,-0.019926979814608448,-0.015268768434845703
2007-06-21 04:00:00,-0.009506749644253465,-0.018534743286001354,-0.013846005354264057
2007-06-22 04:00:00,-0.018826367660063403,-0.02152772887590204,-0.017718280961370514
2007-06-25 04:00:00,-0.023518966786520767,-0.02218613151592297,-0.019293018327926403
2007-06-26 04:00:00,-0.033555408356563676,-0.02812341996821366,-0.026396675968217598
2007-06-27 04:00:00,-0.019803898959020683,-0.019457171769377557,-0.017958141837119856
2007-06-28 04:00:00,-0.019934498318901595,-0.019628125419354214,-0.018410701857768386
2007-06-29 04:00:00,-0.01960785964061751,-0.015385586216971947,-0.01525209061946009
2007-07-02 04:00:00,-0.01074484840935308,-0.007974201543746617,-0.00774436863705541
2007-07-03 04:00:00,-0.007160730638189117,-0.008237070854685058,-0.007287203394542141
2007-07-05 04:00:00,-0.008203070642049504,-0.01330771272093656,-0.010329920731571351
2007-07-06 04:00:00,-0.0029894768618896617,-0.01179658572502551,-0.007579548700355709
2007-07-09 04:00:00,-0.002206862652679442,-0.009910523606982191,-0.006268090634506396
2007-07-10 04:00:00,-0.016415048974058766,-0.011657167730398266,-0.008987274379260835
2007-07-11 04:00:00,-0.009441870800059315,-0.011536288457069999,-0.007617937318189716
2007-07-12 04:00:00,0.0,-0.0035305584884804952,0.0
2007-07-13 04:00:00,0.0,-0.0006582317129342208,0.0
2007-07-16 04:00:00,-0.00012968701990700993,0.0,0.0
2007-07-17 04:00:00,-0.0006464890992361472,-0.001156400845989225,-0.0015559835049319126
2007-07-18 04:00:00,-0.0024541843767174054,-0.0007345357245436279,-0.0003594520877450158
2007-07-19 04:00:00,0.0,0.0,0.0
2007-07-20 04:00:00,-0.01012407240651192,-0.0024590447265813165,-0.0034007571205824094
2007-07-23 04:00:00,-0.007093797767702914,-0.0012764310979718196,-0.0025100024180390035
2007-07-24 04:00:00,-0.024311320934767622,-0.010178166138844702,-0.012531734503170355
2007-07-25 04:00:00,-0.022312559750293448,-0.008180084176806268,-0.00986245658949847
2007-07-26 04:00:00,-0.04546341937375609,-0.018961823254834975,-0.022505620107179047
2007-07-27 04:00:00,-0.06422887203590821,-0.0294066315246585,-0.03225463938261697
2007-07-30 04:00:00,-0.04959058361397517,-0.021408694385508076,-0.025107769239892663
2007-07-31 04:00:00,-0.06029561539115491,-0.02518854998795117,-0.02879101960376329
2007-08-01 04:00:00,-0.05571699484867876,-0.02318303208587158,-0.02673097337414443
2007-08-02 04:00:00,-0.048171740778718664,-0.017512999108998173,-0.02117847034653486
2007-08-03 04:00:00,-0.07267689990752246,-0.03008020119701804,-0.03543257798803379
2007-08-06 04:00:00,-0.057135837683935264,-0.023151472857806277,-0.029180615836662205
2007-08-07 04:00:00,-0.04707547579017857,-0.017210708883674042,-0.022666597564996227
2007-08-08 04:00:00,-0.03379148687358691,-0.013768290498605396,-0.018207704047139894
2007-08-09 04:00:00,-0.0624238102426099,-0.030753861934070925,-0.036019487387897065
2007-08-10 04:00:00,-0.06680817618247015,-0.03437217856815811,-0.03905363379064519
2007-08-13 04:00:00,-0.06345525429551446,-0.031168583353341273,-0.03682220299392658
2007-08-14 04:00:00,-0.07777131187788111,-0.039021931222316786,-0.04458236197423582
2007-08-15 04:00:00,-0.09047524364239501,-0.04834159965029383,-0.05279198588517042
2007-08-16 04:00:00,-0.08363948039149327,-0.04012230478978773,-0.04721525055635234
2007-08-17 04:00:00,-0.06680817618247015,-0.03108574686584409,-0.03793853854028295
2007-08-20 04:00:00,-0.06726011829473733,-0.03114395689373095,-0.03778410594975645
2007-08-21 04:00:00,-0.06538988855865357,-0.02810382715574189,-0.0353827887780126
2007-08-22 04:00:00,-0.05429829081628201,-0.02180702137755597,-0.028748637117457232
2007-08-23 04:00:00,-0.055136521288020934,-0.02098018419724701,-0.027954305156718373
2007-08-24 04:00:00,-0.0434646581892818,-0.011797766954907751,-0.018164162914133253
2007-08-27 04:00:00,-0.05236365655314312,-0.015243997480906546,-0.02198742207091231
2007-08-28 04:00:00,-0.0731926219339748,-0.027562058959187397,-0.035416273734885984
2007-08-29 04:00:00,-0.05500736522676031,-0.017168922374783735,-0.02393363615976618
2007-08-30 04:00:00,-0.05752254245198718,-0.016109349058692657,-0.02334369319200935
2007-08-31 04:00:00,-0.048236353510064056,-0.009982451875887643,-0.01730083486445544
2007-09-04 04:00:00,-0.03862765612285435,-0.0037974419904976964,-0.010098916907376965
2007-09-05 04:00:00,-0.046946250327488004,-0.005774761930709915,-0.012666804255145991
2007-09-06 04:00:00,-0.04475420616041792,-0.005427448145503777,-0.012446806689989653
2007-09-07 04:00:00,-0.05803826447843974,-0.008096336951034955,-0.01584688987998817
2007-09-10 04:00:00,-0.059843673278887954,-0.006161692993071677,-0.014011464082386627
2007-09-11 04:00:00,-0.048880884590627005,0.0,-0.0071155519683674395
2007-09-12 04:00:00,-0.04643073650532581,0.0,-0.005639086020827744
2007-09-13 04:00:00,-0.03972440692140489,0.0,-0.004857525462627965
2007-09-14 04:00:00,-0.039788603244170107,0.0,-0.004389784387877849
2007-09-17 04:00:00,-0.044947211537293974,-0.0013105327478948325,-0.005003359200914437
2007-09-18 04:00:00,-0.016830471391863222,0.0,0.0
2007-09-19 04:00:00,-0.01102726261674647,-0.00016103418762847266,0.0
2007-09-20 04:00:00,-0.01799204312604874,-0.011949915442196257,-0.00834848359536644
2007-09-21 04:00:00,-0.01534146371085987,-0.006993908218025924,-0.003531303327184654
2007-09-24 04:00:00,-0.01715631110579041,-0.00696232349322734,-0.0039629576082497175
2007-09-25 04:00:00,-0.01909982875197158,-0.00953738141556748,-0.0069162476871234
2007-09-26 04:00:00,-0.013916513549761866,-0.006036335070377596,-0.0033515934118348856
2007-09-27 04:00:00,-0.008084850188338155,0.0,0.0
2007-09-28 04:00:00,-0.011389399278572188,-0.0010954406727670118,-0.0016404457226982805
2007-10-01 04:00:00,-0.00024526465367813444,0.0,0.0
2007-10-02 04:00:00,-0.0016058796891509353,0.0,-0.001884332490773577
2007-10-03 04:00:00,-0.003614565278117432,-0.0023738958208472383,-0.0038527706966386965
2007-10-04 04:00:00,-0.0020590016257283628,0.0,-0.0003892327715336874
2007-10-05 04:00:00,0.0,0.0,0.0
2007-10-08 04:00:00,-0.005326080233125641,-0.003512909186022095,-0.0055236731273620165
2007-10-09 04:00:00,0.0,0.0,0.0
2007-10-10 04:00:00,-0.0016619980584468008,-0.0007702030088012624,0.0
2007-10-11 04:00:00,-0.0064546857050780115,-0.004056297432123657,-0.002066628565250528
2007-10-12 04:00:00,-0.0009587291930232,-0.002696108586157653,0.0
2007-10-15 04:00:00,-0.00939480681736804,-0.007657889234089166,-0.0032910462076092273
2007-10-16 04:00:00,-0.01725514038612841,-0.012246746041860601,-0.007829595548489277
2007-10-17 04:00:00,-0.014251222643258732,-0.006109059284790552,-0.0032706601995934337
2007-10-18 04:00:00,-0.017830199928509538,-0.006076186722332011,-0.0020039046758476564
2007-10-19 04:00:00,-0.04352073342577911,-0.015742779905251858,-0.013474628696017121
2007-10-22 04:00:00,-0.037960911831824484,-0.012266737412393702,-0.010274413761637291
2007-10-23 04:00:00,-0.030164101088362427,-0.00798771354841199,-0.006542072294164036
2007-10-24 04:00:00,-0.03195300789476485,-0.006142803900233917,-0.005084262435629094
2007-10-25 04:00:00,-0.02965270127392039,-0.006079689070377148,-0.002362052938761905
2007-10-26 04:00:00,-0.018277323953129643,-9.279851894916646e-06,0.0
2007-10-29 04:00:00,-0.01501849349322304,0.0,0.0
2007-10-30 04:00:00,-0.021856506592341507,-0.004385607494596044,-0.006571802976389707
2007-10-31 04:00:00,-0.011694908084251665,-0.0017765783380039313,-0.00025779580663609636
2007-11-01 04:00:00,-0.034828921668553114,-0.010608122720309088,-0.011680138120423678
2007-11-02 04:00:00,-0.03374266766569123,-0.008675429268412138,-0.00793181118467734
2007-11-05 05:00:00,-0.04109153296868895,-0.013373149791781502,-0.013234566091149036
2007-11-06 05:00:00,-0.028182435363814484,-0.007311801313826138,-0.004112139989911667
2007-11-07 05:00:00,-0.054767490715605494,-0.022903940162757763,-0.02043857048231268
2007-11-08 05:00:00,-0.05956072597279971,-0.026566050032094668,-0.024188353170576993
2007-11-09 05:00:00,-0.07246948132107245,-0.031272459595908075,-0.029767280278547803
2007-11-12 05:00:00,-0.08167207683085753,-0.035639248907118115,-0.03661212696559246
2007-11-13 05:00:00,-0.053681510518024944,-0.019433990171969562,-0.021902081438866072
2007-11-14 05:00:00,-0.05630141635365071,-0.020633091436240814,-0.02100991623295667
2007-11-15 05:00:00,-0.06991350901866722,-0.025423776472593196,-0.027682052880614094
2007-11-16 05:00:00,-0.06831578675004268,-0.023870367917137925,-0.025947401366157363
2007-11-19 05:00:00,-0.08128854408285624,-0.029490208851361777,-0.03144882909834623
2007-11-20 05:00:00,-0.07566499430964224,-0.02634310372158355,-0.025794471856137924
2007-11-21 05:00:00,-0.09458103753309155,-0.03603447524089609,-0.03593312787012504
2007-11-23 05:00:00,-0.0789240985748304,-0.024877901800326785,-0.02417236369530229
2007-11-26 05:00:00,-0.09924585811328235,-0.030087904221521078,-0.03251497282044269
2007-11-27 05:00:00,-0.08889341732401679,-0.027093286844364628,-0.029380704089977394
2007-11-28 05:00:00,-0.05975204741321849,-0.011053006290250966,-0.013911844940804996
2007-11-29 05:00:00,-0.05943279045503913,-0.007443899171392654,-0.010937183008240647
2007-11-30 05:00:00,-0.04997459771501345,-0.003381237471819065,-0.00763367504929191
2007-12-03 05:00:00,-0.05623741436911012,-0.00415983902546635,-0.008476135384802741
2007-12-04 05:00:00,-0.06467321818817362,-0.009542398994393575,-0.013370285042475505
2007-12-05 05:00:00,-0.049016142327271583,-0.004319934725569574,-0.007731082120735033
2007-12-06 05:00:00,-0.03540411811357547,0.0,-2.390558911968821e-05
2007-12-07 05:00:00,-0.03559605561587709,-0.004602655389782884,-0.003828346203020083
2007-12-10 05:00:00,-0.028119254795118342,-0.0023591424641494774,-0.001050434376689502
2007-12-11 05:00:00,-0.05476749071560594,-0.010939739302037399,-0.01072918321727978
2007-12-12 05:00:00,-0.045437575749943004,-0.009166407033401325,-0.005233893919665222
2007-12-13 05:00:00,-0.04741835160732655,-0.014706377869595944,-0.010772265085638666
2007-12-14 05:00:00,-0.059496860890900005,-0.024020978491054,-0.020355183386959852
2007-12-17 05:00:00,-0.07291681069965383,-0.028887264895375964,-0.02659449966482208
2007-12-18 05:00:00,-0.067740590305021,-0.023126658833956704,-0.021863251578066123
2007-12-19 05:00:00,-0.067740590305021,-0.01794566395049557,-0.017039071940710415
2007-12-20 05:00:00,-0.06186123794760534,-0.015072304725824881,-0.014368711679605961
2007-12-21 05:00:00,-0.04833772129114011,-0.012312728835627396,-0.009004864493087572
2007-12-24 05:00:00,-0.04127087542804364,-0.009765262002765951,-0.005246634604212375
2007-12-26 05:00:00,-0.03921452931297764,-0.011963920541677053,-0.0054011506881619376
2007-12-27 05:00:00,-0.05129290169391032,-0.015108106924478615,-0.009303260478705111
2007-12-28 05:00:00,-0.053670010696203474,-0.010445491595738265,-0.006471355779983368
2007-12-31 05:00:00,-0.06067299147739991,-0.012442610226550355,-0.008951965469004008
2008-01-02 05:00:00,-0.06889618549541154,-0.011940326952058267,-0.007143341603809694
2008-01-03 05:00:00,-0.06934570531624429,-0.012770913219771196,-0.007075819885606238
2008-01-04 05:00:00,-0.09215293229712629,-0.02720329571599933,-0.022189815338093166
2008-01-07 05:00:00,-0.09292342035914747,-0.026006381112306354,-0.023187637266463335
2008-01-08 05:00:00,-0.10757118150127687,-0.03589577574040692,-0.03210423016437369
2008-01-09 05:00:00,-0.09819177623099062,-0.029082497095637372,-0.026410461523377227
2008-01-10 05:00:00,-0.09228127852280921,-0.030510957499914504,-0.026985845664891817
2008-01-11 05:00:00,-0.09960550135047574,-0.032175666353609134,-0.02852700583013168
2008-01-14 05:00:00,-0.09234575966659242,-0.026055137759921854,-0.021530419811482848
2008-01-15 05:00:00,-0.11232560485982435,-0.03455096051833306,-0.03237030155300569
2008-01-16 05:00:00,-0.11997093283131999,-0.04232712679268702,-0.04037256075922846
2008-01-17 05:00:00,-0.14277788600692054,-0.05225505347659598,-0.05280494358077703
2008-01-18 05:00:00,-0.1515793567793704,-0.0606953350793461,-0.06022713316578343
2008-01-22 05:00:00,-0.16018827398763535,-0.06240092585246104,-0.06326634849530399
2008-01-23 05:00:00,-0.14001532761965552,-0.04974274853576843,-0.05217148568845953
2008-01-24 05:00:00,-0.13275558593577208,-0.05254814322434631,-0.05072507967375817
2008-01-25 05:00:00,-0.1452834781375376,-0.054374328733600485,-0.05204343039411419
2008-01-28 05:00:00,-0.13114971796002417,-0.04641094308227289,-0.04326295866322982
2008-01-29 05:00:00,-0.12684481442230922,-0.04617012258548003,-0.041571681205622824
2008-01-30 05:00:00,-0.13326992915698987,-0.05287291093577107,-0.04850410152319973
2008-01-31 05:00:00,-0.1174652037980618,-0.03981936621369897,-0.035595179203764316
2008-02-01 05:00:00,-0.10326703092808553,-0.028242276608674066,-0.02623933093921338
2008-02-04 05:00:00,-0.11457409383115258,-0.039594152549498274,-0.03490363202065072
2008-02-05 05:00:00,-0.1382807027103019,-0.05208755563978806,-0.048997930534679046
2008-02-06 05:00:00,-0.14521920234771535,-0.05782546372820585,-0.054907013391228165
2008-02-07 05:00:00,-0.13956573934750227,-0.06220638277693469,-0.0561152331875836
2008-02-08 05:00:00,-0.14509065076807104,-0.061527238525382,-0.05368932327357545
2008-02-11 05:00:00,-0.14072242975901939,-0.05708766296605794,-0.04898341251215732
2008-02-12 05:00:00,-0.13275558593577208,-0.05408750354468905,-0.047314305163828285
2008-02-13 05:00:00,-0.12388956556821862,-0.052289995542521006,-0.043714943892955604
2008-02-14 05:00:00,-0.13159910087821614,-0.06286495058946695,-0.051051495173743966
2008-02-15 05:00:00,-0.13179199669900288,-0.06011180390278925,-0.0494402347466566
2008-02-19 05:00:00,-0.1293508857121689,-0.062331761077355385,-0.0476232529539532
2008-02-20 05:00:00,-0.12678115469437046,-0.05807311371517909,-0.04346533759934257
2008-02-21 05:00:00,-0.134040759475613,-0.058780816267945624,-0.045716295073077284
2008-02-22 05:00:00,-0.12870833316790864,-0.05745972328948268,-0.04251477302197226
2008-02-25 05:00:00,-0.1177225123113117,-0.05418009314873384,-0.037282948193959276
2008-02-26 05:00:00,-0.11110546007432931,-0.04979955529480118,-0.030802861446422303
2008-02-27 05:00:00,-0.11200436281335402,-0.050042429521012344,-0.03126879719396747
2008-02-28 05:00:00,-0.12067762426276152,-0.04885892587150886,-0.030850153542154257
2008-02-29 05:00:00,-0.14027222542498285,-0.05575451216732852,-0.04094364405751594
2008-03-03 05:00:00,-0.14232829773476718,-0.05808345761951883,-0.041653778066241265
2008-03-04 05:00:00,-0.14560437792740555,-0.06390346899095212,-0.04698412908715199
2008-03-05 05:00:00,-0.1402083603430827,-0.06483836711695856,-0.044706332498381185
2008-03-06 05:00:00,-0.15800399235480822,-0.07445128067727402,-0.05431996040668652
2008-03-07 05:00:00,-0.1666768430962935,-0.0796889395185385,-0.0607510257366779
2008-03-10 04:00:00,-0.17766341691741472,-0.0815407231228984,-0.06225849788786908
2008-03-11 04:00:00,-0.14811044921726535,-0.06487661120204014,-0.04298317029674148
2008-03-12 04:00:00,-0.1560764716246682,-0.06290782311964382,-0.04177009036029655
2008-03-13 04:00:00,-0.15421350048963167,-0.06459945524672095,-0.04265162333316086
2008-03-14 04:00:00,-0.16731932718923348,-0.06867055821218582,-0.0481246740445157
2008-03-17 04:00:00,-0.17573562238199314,-0.07145608117500346,-0.05552035093252339
2008-03-18 04:00:00,-0.14149284936972029,-0.04974649934365116,-0.030973778452590306
2008-03-19 04:00:00,-0.16275793655411352,-0.05757139120663379,-0.04474765669911451
2008-03-20 04:00:00,-0.14724981076632437,-0.046164260239032195,-0.03726686824649461
2008-03-24 04:00:00,-0.13020515819031642,-0.0421060656263591,-0.029550467001097647
2008-03-25 04:00:00,-0.1293659450026493,-0.0399436674573167,-0.02678807407121586
2008-03-26 04:00:00,-0.1400190924422755,-0.048596827599333925,-0.032237526467238875
2008-03-27 04:00:00,-0.14273072304718937,-0.05307245530716431,-0.03504108222192437
2008-03-28 04:00:00,-0.15093030135967545,-0.05482425304785321,-0.04005208686259076
2008-03-31 04:00:00,-0.14796013011774534,-0.05149490144014768,-0.03931727144828556
2008-04-01 04:00:00,-0.11800295737084465,-0.037660509698697386,-0.02427887256724659
2008-04-02 04:00:00,-0.11742207946623273,-0.036460734283459084,-0.02036246011388232
2008-04-03 04:00:00,-0.11522657181686602,-0.034162407083147994,-0.017709472706254115
2008-04-04 04:00:00,-0.11619508954870139,-0.03127524516238078,-0.014975063081691498
2008-04-07 04:00:00,-0.11574337928561695,-0.03301325023523227,-0.015162691080083057
2008-04-08 04:00:00,-0.11664727897102833,-0.03495423435659106,-0.016402255301843693
2008-04-09 04:00:00,-0.12303892101005076,-0.03513519113389385,-0.01596183039827459
2008-04-10 04:00:00,-0.12181234180044176,-0.035620375074914556,-0.016563618730094265
2008-04-11 04:00:00,-0.13885699437644983,-0.044253424050338275,-0.026416639086661475
2008-04-14 04:00:00,-0.14176234221799489,-0.048425792900709475,-0.029430011212694063
2008-04-15 04:00:00,-0.13976068870790026,-0.05181652311007057,-0.03051583897982313
2008-04-16 04:00:00,-0.11645308257515474,-0.04011708532806513,-0.01667638258568449
2008-04-17 04:00:00,-0.11516263828364592,-0.03993668004781192,-0.01677574375090285
2008-04-18 04:00:00,-0.10592958193629864,-0.03425686396470051,-0.010823553549615395
2008-04-21 04:00:00,-0.10547787167321421,-0.03242281118517598,-0.009212467418848402
2008-04-22 04:00:00,-0.10941601303641679,-0.03364940144637618,-0.01019795338236662
2008-04-23 04:00:00,-0.11083672019057922,-0.035856292571909254,-0.013065108358233934
2008-04-24 04:00:00,-0.10696223855531573,-0.03660621737056957,-0.01464913271193824
2008-04-25 04:00:00,-0.09869845290432788,-0.03351020112622494,-0.009098524895913784
2008-04-28 04:00:00,-0.0985052148269393,-0.03220708531756822,-0.007835079242991871
2008-04-29 04:00:00,-0.1020558532655591,-0.033023341379319726,-0.011443902049405374
2008-04-30 04:00:00,-0.10735022063914079,-0.03368248670180607,-0.013005689521200847
2008-05-01 04:00:00,-0.08888513471425197,-0.021664609108836275,-0.003026813396521888
2008-05-02 04:00:00,-0.08636749515125064,-0.024977237448800982,-0.0026159490323817147
2008-05-05 04:00:00,-0.09075796283942095,-0.02778852486129524,-0.0034176456923895593
2008-05-06 04:00:00,-0.08288113250245288,-0.025536918309504664,0.0
2008-05-07 04:00:00,-0.09921505501911776,-0.03427846176400229,-0.009221312555806938
2008-05-08 04:00:00,-0.10153925115076945,-0.03230567054745381,-0.006475787009230238
2008-05-09 04:00:00,-0.10321815668534617,-0.03196267515509921,-0.004950182727832764
2008-05-12 04:00:00,-0.09314616095561346,-0.026025130602041147,-0.0003866721900666059
2008-05-13 04:00:00,-0.09301658260616386,-0.030202193863476223,-0.0030297465634582244
2008-05-14 04:00:00,-0.09114437054287816,-0.028831278648410952,-0.0032780962000967806
2008-05-15 04:00:00,-0.0797813829110734,-0.01801791762160998,0.0
2008-05-16 04:00:00,-0.07894223817472668,-0.01909923627031973,0.0
2008-05-19 04:00:00,-0.07642453016040507,-0.016977592940133235,0.0
2008-05-20 04:00:00,-0.08391358376750879,-0.019707931792733446,-0.0019197841509350777
2008-05-21 04:00:00,-0.09940870380442879,-0.02957170836126588,-0.009073602717873941
2008-05-22 04:00:00,-0.0992794677115807,-0.034064227228251975,-0.013920138649317515
2008-05-23 04:00:00,-0.11135304850008787,-0.040141775743778085,-0.02036702696995263
2008-05-27 04:00:00,-0.10476755232179358,-0.038467611023568105,-0.019566040623412384
2008-05-28 04:00:00,-0.10063555681931913,-0.03922234197051633,-0.01884495955088772
2008-05-29 04:00:00,-0.09611605839226223,-0.039090823732165436,-0.020682017782370554
2008-05-30 04:00:00,-0.09385620650175308,-0.03512082647084136,-0.016623789743310025
2008-06-02 04:00:00,-0.1032181566853464,-0.0396135587221258,-0.020272368463740253
2008-06-03 04:00:00,-0.10844749530458198,-0.04020824695542102,-0.023897133856587316
2008-06-04 04:00:00,-0.10889968472690903,-0.04391951599715305,-0.028261931721243916
2008-06-05 04:00:00,-0.09107975249645417,-0.03473901726922368,-0.014660649478665522
2008-06-06 04:00:00,-0.12006895512208249,-0.04821195513037402,-0.027167306706370575
2008-06-09 04:00:00,-0.11793847622706188,-0.04682928018969679,-0.024759719836111915
2008-06-10 04:00:00,-0.12232887546391191,-0.05215440234881885,-0.029964263490762644
2008-06-11 04:00:00,-0.13524125873216408,-0.06140414048413412,-0.03562976026700526
2008-06-12 04:00:00,-0.13194854486867702,-0.06301615200151989,-0.03634313258776822
2008-06-13 04:00:00,-0.12097278635617348,-0.056706951058113186,-0.03026377200693875
2008-06-16 04:00:00,-0.12045591043610226,-0.05628951167104612,-0.029945336025462677
2008-06-17 04:00:00,-0.12471741583670604,-0.058268081771381985,-0.031195837860172104
2008-06-18 04:00:00,-0.1332398790273508,-0.060598074001272484,-0.03308743483054266
2008-06-19 04:00:00,-0.13214253591058978,-0.062102079336167404,-0.036319535369723877
2008-06-20 04:00:00,-0.14622920157969255,-0.06905127362788266,-0.04335732292739514
2008-06-23 04:00:00,-0.14707265874922226,-0.06881521013639802,-0.04264101755219607
2008-06-24 04:00:00,-0.1487595730882817,-0.06743693670171225,-0.041840569730206334
2008-06-25 04:00:00,-0.14473675744178838,-0.06462831103006239,-0.03936577304661093
2008-06-26 04:00:00,-0.16796591836139618,-0.07735330569184218,-0.04989410142687245
2008-06-27 04:00:00,-0.17250793727285318,-0.07604754221524701,-0.04941287755379342
2008-06-30 04:00:00,-0.16958800930007045,-0.07401145002514897,-0.04902754515349428
2008-07-01 04:00:00,-0.16699240368317425,-0.07315220518179633,-0.04624217764464589
2008-07-02 04:00:00,-0.1812675842885605,-0.08074355728365734,-0.05273180410065059
2008-07-03 04:00:00,-0.18042405866771039,-0.08097230786850063,-0.05280299991731929
2008-07-07 04:00:00,-0.18879449147582594,-0.08492716837430003,-0.05859663036237639
2008-07-08 04:00:00,-0.1743895956183492,-0.07280292648305076,-0.05014709505781978
2008-07-09 04:00:00,-0.19028659335712828,-0.08188142797683284,-0.05993031066830978
2008-07-10 04:00:00,-0.18697731427411313,-0.07966929447361348,-0.05509721214332619
2008-07-11 04:00:00,-0.19645077165857983,-0.09134053082869964,-0.06442178583159897
2008-07-14 04:00:00,-0.20371811143902363,-0.09307699928655355,-0.06699118007286897
2008-07-15 04:00:00,-0.21494330656293492,-0.100864808429601,-0.07793744377695833
2008-07-16 04:00:00,-0.19567234324339633,-0.0941233674119274,-0.07076663362230595
2008-07-17 04:00:00,-0.18762650659644864,-0.09055223242607846,-0.06880963331423973
2008-07-18 04:00:00,-0.18256528442002806,-0.08851491260980948,-0.06796388528224528
2008-07-21 04:00:00,-0.18211097300676982,-0.08680009426452828,-0.06544064707857267
2008-07-22 04:00:00,-0.17283246498270066,-0.08239458728956672,-0.06251107028193514
2008-07-23 04:00:00,-0.16835513256898804,-0.08014581250441322,-0.06214361302793692
2008-07-24 04:00:00,-0.18561499609622156,-0.08800934534135552,-0.07100715764557064
2008-07-25 04:00:00,-0.1858095347486972,-0.09178605839483023,-0.07508931249254913
2008-07-28 04:00:00,-0.19774881404664946,-0.09610932397930061,-0.0799657644532048
2008-07-29 04:00:00,-0.18061859732018604,-0.08599836426266527,-0.07034762806530992
2008-07-30 04:00:00,-0.16601936816419494,-0.0758643611384473,-0.05829401948975199
2008-07-31 04:00:00,-0.17705016153827136,-0.07953332896466636,-0.0637523401391451
2008-08-01 04:00:00,-0.1813971626380103,-0.08163600056624709,-0.06714103460960064
2008-08-04 04:00:00,-0.1889889616769811,-0.08758908888753236,-0.07605632135261009
2008-08-05 04:00:00,-0.16712252964318708,-0.07554622186609594,-0.06381909805493413
2008-08-06 04:00:00,-0.16342417325522074,-0.0745924687967574,-0.06347174668037658
2008-08-07 04:00:00,-0.17588197130493322,-0.07683376142557641,-0.0667466197130806
2008-08-08 04:00:00,-0.16056865797490116,-0.06553540182943629,-0.05819590426062082
2008-08-11 04:00:00,-0.15187431351882164,-0.06330332538931183,-0.0551470754542972
2008-08-12 04:00:00,-0.1606986470322732,-0.06565595951968461,-0.059217587800892146
2008-08-13 04:00:00,-0.1657598007573735,-0.07033684279713937,-0.06045296114707077
2008-08-14 04:00:00,-0.1594657018498702,-0.0637344477761651,-0.05520199575202078
2008-08-15 04:00:00,-0.1553776520950697,-0.05775405900088104,-0.05126705744976956
2008-08-18 04:00:00,-0.16692805944203204,-0.06398646399456198,-0.05738292228044617
2008-08-19 04:00:00,-0.1760118234596646,-0.0715530925298733,-0.06317512574671469
2008-08-20 04:00:00,-0.1721836833682876,-0.06792748450622221,-0.05903715855090741
2008-08-21 04:00:00,-0.1707558572768073,-0.06764182674090513,-0.054538773354019354
2008-08-22 04:00:00,-0.15875223373771252,-0.05978453039170184,-0.04971302286054258
2008-08-25 04:00:00,-0.17581728480718906,-0.06747059636976416,-0.05897388238450363
2008-08-26 04:00:00,-0.17341621784276828,-0.06552321436559061,-0.05703964444802756
2008-08-27 04:00:00,-0.1653703127445002,-0.059429862626048435,-0.050165023410129184
2008-08-28 04:00:00,-0.15524827909958117,-0.05254577225966728,-0.04509043491143483
2008-08-29 04:00:00,-0.16433238537381545,-0.060347395238332546,-0.05288075915052881
2008-09-02 04:00:00,-0.16952332280232674,-0.06035251800575725,-0.05622519800569459
2008-09-03 04:00:00,-0.17023699626844557,-0.059243338809290225,-0.05605018709601539
2008-09-04 04:00:00,-0.19521810028145892,-0.07321939248511045,-0.0721728521298437
2008-09-05 04:00:00,-0.1926875918702291,-0.07166526771793313,-0.07149487987701819
2008-09-08 04:00:00,-0.1760118234596647,-0.058604152470075,-0.05902850097819945
2008-09-09 04:00:00,-0.20047365575639398,-0.07164178733769344,-0.07642769210902278
2008-09-10 04:00:00,-0.19722920007376388,-0.0716821441428892,-0.07576104024458552
2008-09-11 04:00:00,-0.1856149960962219,-0.06381680258861444,-0.06866227702725691
2008-09-12 04:00:00,-0.18185154250258917,-0.0660490973638066,-0.0690535255877387
2008-09-15 04:00:00,-0.22078336786246178,-0.08059483388380484,-0.09023670432448982
2008-09-16 04:00:00,-0.20774099553683767,-0.07143632237640729,-0.08300564574283609
2008-09-17 04:00:00,-0.24336374716765619,-0.09463014976869821,-0.10361343385683242
2008-09-18 04:00:00,-0.22091294621191138,-0.08380658573845423,-0.09142494234742393
2008-09-19 04:00:00,-0.18997247024797648,-0.073606183586583,-0.07542541932373448
2008-09-22 04:00:00,-0.20831105813283202,-0.08622945539320004,-0.08481661308562138
2008-09-23 04:00:00,-0.22632320167086994,-0.10010342914087,-0.09926121039636593
2008-09-24 04:00:00,-0.22384327878538934,-0.09679612179542241,-0.09708635727007897
2008-09-25 04:00:00,-0.2117045323398954,-0.08905105459305662,-0.08758580094841217
2008-09-26 04:00:00,-0.21131305923873156,-0.08613837888919051,-0.0864071422601943
2008-09-29 04:00:00,-0.2731159082100656,-0.11846757681006936,-0.1270516287894724
2008-09-30 04:00:00,-0.2430301838835205,-0.10516922268109397,-0.10931940035338483
2008-10-01 04:00:00,-0.242573408222729,-0.10034210038849078,-0.10771146269771226
2008-10-02 04:00:00,-0.2700484676418976,-0.11702976742416982,-0.12991295968882666
2008-10-03 04:00:00,-0.2799028566241921,-0.12107290543295435,-0.13669421355826383
2008-10-06 04:00:00,-0.3165801008452236,-0.14154355729219592,-0.1620448940619711
2008-10-07 04:00:00,-0.3471876980382267,-0.16565052706872285,-0.18429093524803775
2008-10-08 04:00:00,-0.36363360691500757,-0.18305545035832627,-0.1989504636956979
2008-10-09 04:00:00,-0.4080766534313761,-0.22003753052250508,-0.23827350216540677
2008-10-10 04:00:00,-0.42243452323176245,-0.23358460604115605,-0.25434671122287666
2008-10-13 04:00:00,-0.33857289401641044,-0.17074530400534482,-0.18811129167842922
2008-10-14 04:00:00,-0.3483625280496402,-0.18024537160054566,-0.19837957633028858
2008-10-15 04:00:00,-0.4125146947871995,-0.2255311935145633,-0.24707783046667287
2008-10-16 04:00:00,-0.38804156802261003,-0.20777154677488452,-0.23084298316197038
2008-10-17 04:00:00,-0.39169625246818385,-0.2127897663982593,-0.2343169573096533
2008-10-20 04:00:00,-0.3551494764637667,-0.18189659082270682,-0.20334045100415488
2008-10-21 04:00:00,-0.3744018894754866,-0.19482240667172468,-0.21919882349480624
2008-10-22 04:00:00,-0.4084683318865009,-0.2145944327363889,-0.24365216742902063
2008-10-23 04:00:00,-0.40161587555878553,-0.20680508481919768,-0.23641141332879623
2008-10-24 04:00:00,-0.4319625705442198,-0.23431564641737423,-0.2651360956638763
2008-10-27 04:00:00,-0.4521283637492215,-0.25040341131905597,-0.2811749445968713
2008-10-28 04:00:00,-0.3881066652282765,-0.2022143212586619,-0.23194598772736552
2008-10-29 04:00:00,-0.3925447750354204,-0.20729190211455162,-0.2319134498144847
2008-10-30 04:00:00,-0.3715302881348811,-0.19371103283247282,-0.221225813266839
2008-10-31 04:00:00,-0.36807110066026805,-0.19523194518322085,-0.2208161994309792
2008-11-03 05:00:00,-0.3662439980171025,-0.1929656105756986,-0.21969183004140747
2008-11-04 05:00:00,-0.3447076382501052,-0.1704520357471797,-0.1958457502591494
2008-11-05 05:00:00,-0.37224820558286253,-0.1874357019474766,-0.2153462418229205
2008-11-06 05:00:00,-0.40703263389317856,-0.21679755762009312,-0.2465698900906378
2008-11-07 05:00:00,-0.3874543241452041,-0.20332899497901136,-0.23302857041592684
2008-11-10 05:00:00,-0.39548154203301267,-0.20803814112766228,-0.23743511586735067
2008-11-11 05:00:00,-0.41414636891072487,-0.22177293973164502,-0.2523401070205544
2008-11-12 05:00:00,-0.439924725452022,-0.24032007609884043,-0.27283506326283535
2008-11-13 05:00:00,-0.405009760473771,-0.21918318602109987,-0.2494973833411711
2008-11-14 05:00:00,-0.43470356676556987,-0.23637229652214264,-0.26797796636804394
2008-11-17 05:00:00,-0.44220853530465853,-0.24110706286216843,-0.2745042236727405
2008-11-18 05:00:00,-0.4317015998853305,-0.2286238941787967,-0.26459799489600344
2008-11-19 05:00:00,-0.4681174969652109,-0.25037766547706664,-0.28805741120327866
2008-11-20 05:00:00,-0.5076008346132591,-0.26827524566192595,-0.31235605632252705
2008-11-21 05:00:00,-0.48103949764397413,-0.2488248211285924,-0.2918969090226815
2008-11-24 05:00:00,-0.4450801024196037,-0.22229494633468783,-0.2609128032225456
2008-11-25 05:00:00,-0.4409686423132386,-0.20968756799070987,-0.253577470313639
2008-11-26 05:00:00,-0.41936694576095357,-0.19093986553211995,-0.23358682817176835
2008-11-28 05:00:00,-0.41205798757772827,-0.18083170819772065,-0.22828613370836093
2008-12-01 05:00:00,-0.4641365050754601,-0.2118195637358885,-0.2628273484589293
2008-12-02 05:00:00,-0.4435138677583468,-0.1924093428608843,-0.24492210177726526
2008-12-03 05:00:00,-0.430135091418792,-0.179848202545694,-0.23426599392831948
2008-12-04 05:00:00,-0.44331806275644436,-0.18476792316973045,-0.2443907075693209
2008-12-05 05:00:00,-0.4261543733343227,-0.1749713398614039,-0.2359563904534765
2008-12-08 05:00:00,-0.4061188772176346,-0.15840488388597262,-0.21691919603204668
2008-12-09 05:00:00,-0.41590810054294236,-0.1600716364001683,-0.22172832976968382
2008-12-10 05:00:00,-0.4119271771045121,-0.15744356921681835,-0.21675141850749136
2008-12-11 05:00:00,-0.42608917345167585,-0.16895690984398726,-0.22511903951528955
2008-12-12 05:00:00,-0.4192366828983003,-0.16300332124313244,-0.21786834125176757
2008-12-15 05:00:00,-0.42732910066875596,-0.16618736743201734,-0.22394747228257617
2008-12-16 05:00:00,-0.4003760167930258,-0.13439456842943953,-0.19516455407628475
2008-12-17 05:00:00,-0.4061841797772624,-0.13003044112088769,-0.19438901165482758
2008-12-18 05:00:00,-0.417278495976637,-0.13248047195258417,-0.19957821854873836
2008-12-19 05:00:00,-0.41978518332838,-0.13435032837569072,-0.2019315457550076
2008-12-22 05:00:00,-0.42721964700749326,-0.14366786669644094,-0.21216596214318018
2008-12-23 05:00:00,-0.4331411653782533,-0.14943140846050595,-0.2170481784455086
2008-12-24 05:00:00,-0.42985156604984287,-0.14719964427441423,-0.21603942727686443
2008-12-26 05:00:00,-0.42656182981879165,-0.1431188330911034,-0.21131311512445827
2008-12-29 05:00:00,-0.4282065439188464,-0.14500435915757404,-0.21208646926481223
2008-12-30 05:00:00,-0.41465359319462447,-0.12958797741822214,-0.19816240669406338
2008-12-31 05:00:00,-0.4062982196769892,-0.12941655460536972,-0.19297628803038924
2009-01-02 05:00:00,-0.3884027856401725,-0.12242506994401303,-0.18164838256999094
2009-01-05 05:00:00,-0.3891266583530256,-0.13209930047814655,-0.18770141328906575
2009-01-06 05:00:00,-0.38504750726987236,-0.13211349308034248,-0.18477170127874287
2009-01-07 05:00:00,-0.40346905815500955,-0.14635135828429346,-0.20262393844759707
2009-01-08 05:00:00,-0.4010348607515325,-0.14453396182013356,-0.20056709077250767
2009-01-09 05:00:00,-0.4138642125681826,-0.15501140254285828,-0.2114016525291147
2009-01-12 05:00:00,-0.42794365662298695,-0.1636815591119124,-0.22388454811653358
2009-01-13 05:00:00,-0.42689097799276354,-0.16240592813502797,-0.22149146470752468
2009-01-14 05:00:00,-0.44491770166203914,-0.17268938366032272,-0.23341958653173822
2009-01-15 05:00:00,-0.44472018537712765,-0.17197000160076414,-0.23295357230570268
2009-01-16 05:00:00,-0.44037828390075595,-0.17319195863129133,-0.23256562157838434
2009-01-20 05:00:00,-0.4699183827526766,-0.19943642500787917,-0.25930084005661
2009-01-21 05:00:00,-0.44702292201984495,-0.18880485151828097,-0.24682707674352267
2009-01-22 05:00:00,-0.4555759144993723,-0.20257798632399737,-0.2591446119237525
2009-01-23 05:00:00,-0.4532075672660856,-0.20299482018943382,-0.25549879757550276
2009-01-26 05:00:00,-0.4494577012595452,-0.2024981302939406,-0.25424081680373856
2009-01-27 05:00:00,-0.4438651599344562,-0.19013684603259362,-0.24645253864265182
2009-01-28 05:00:00,-0.4250486791564769,-0.18178997356974447,-0.23500738666798004
2009-01-29 05:00:00,-0.4437332884657744,-0.2052712885157909,-0.2561294885668991
2009-01-30 05:00:00,-0.45504993455369247,-0.21597984392116099,-0.26635515476455096
2009-02-02 05:00:00,-0.45669434062280556,-0.21156438226496266,-0.26500133978472384
2009-02-03 05:00:00,-0.4490624633357614,-0.21243014116301973,-0.2649091731157006
2009-02-04 05:00:00,-0.4517600271943404,-0.21584636072985663,-0.2674285819616987
2009-02-05 05:00:00,-0.44360189615633494,-0.2085697676409054,-0.2590620687528955
2009-02-06 05:00:00,-0.4277462430150559,-0.19602510589347832,-0.24653591264883645
2009-02-09 05:00:00,-0.4269567939372938,-0.1943220747201957,-0.24559065036995598
2009-02-10 05:00:00,-0.4532075672660857,-0.20946364073411627,-0.2623781064741989
2009-02-11 05:00:00,-0.4499837838822056,-0.20256555890526073,-0.2573419542393526
2009-02-12 05:00:00,-0.44958885398936355,-0.20522537782316874,-0.2590075095330021
2009-02-13 05:00:00,-0.455510269683143,-0.21881607383208734,-0.27104903579903195
2009-02-17 05:00:00,-0.478800318052215,-0.22913150865752563,-0.2870179097808898
2009-02-18 05:00:00,-0.480050376064709,-0.23286855154249075,-0.29029250736312395
2009-02-19 05:00:00,-0.4856425409075359,-0.24303574070353884,-0.2967478277737987
2009-02-20 05:00:00,-0.4906428756344925,-0.24450892762492227,-0.29958704576598016
2009-02-23 05:00:00,-0.5088668760090581,-0.2579358605397445,-0.31336167961995165
2009-02-24 05:00:00,-0.4902479115159901,-0.24136791368786858,-0.29665101888249046
2009-02-25 05:00:00,-0.4942613493315935,-0.2484562058858164,-0.3015838813601788
2009-02-26 05:00:00,-0.5024852620884691,-0.25895289196232507,-0.3091284404433353
2009-02-27 05:00:00,-0.5136038442809129,-0.2705964415276565,-0.32040739454431844
2009-03-02 05:00:00,-0.5355124765537116,-0.28547867433399865,-0.3388124292194371
2009-03-03 05:00:00,-0.5389995921670334,-0.29060651000747306,-0.3426786558080305
2009-03-04 05:00:00,-0.528077978648938,-0.28182289444810704,-0.3319360086328389
2009-03-05 05:00:00,-0.5473549999103289,-0.29143507418492076,-0.34330071625396064
2009-03-06 05:00:00,-0.546565413929926,-0.29258409994926604,-0.3423514950867905
2009-03-09 04:00:00,-0.5518944861229325,-0.29922806568397886,-0.3485200461567235
2009-03-10 04:00:00,-0.52518330921337,-0.27954629133894593,-0.3291425426431235
2009-03-11 04:00:00,-0.5220911577185505,-0.2736129338075176,-0.32645758600933406
2009-03-12 04:00:00,-0.5032748480688721,-0.2550678936120171,-0.3064415945340966
2009-03-13 04:00:00,-0.4993930421423294,-0.2530757279560325,-0.30484842349697283
2009-03-16 04:00:00,-0.5009062954816244,-0.2591417533935929,-0.30787157904128304
2009-03-17 04:00:00,-0.485642540907536,-0.24715934723009625,-0.2948138491790858
2009-03-18 04:00:00,-0.4741287207913084,-0.22563840315607475,-0.27644421991488555
2009-03-19 04:00:00,-0.48064251421152093,-0.23100755648922222,-0.28004830782131607
2009-03-20 04:00:00,-0.49170164643222825,-0.24253957038926433,-0.28946865082583806
2009-03-23 04:00:00,-0.4551913549815655,-0.21251945141988682,-0.2591986298540644
2009-03-24 04:00:00,-0.4659255830101633,-0.21883242413336101,-0.2670559226400825
2009-03-25 04:00:00,-0.46029323724228255,-0.2180957600755723,-0.26649442443612514
2009-03-26 04:00:00,-0.44929376034727286,-0.20490686181591877,-0.25369638963314356
2009-03-27 04:00:00,-0.45923309741813956,-0.2111571822845193,-0.2614995945178815
2009-03-30 04:00:00,-0.4779190073025239,-0.22630478928504683,-0.27864396420163406
2009-03-31 04:00:00,-0.4730819632002965,-0.21979296167544038,-0.27276191064720734
2009-04-01 04:00:00,-0.46287775374527995,-0.20787903726004098,-0.26250237053532843
2009-04-02 04:00:00,-0.4471734464733266,-0.19785547078709154,-0.24942218854264475
2009-04-03 04:00:00,-0.4416736566873314,-0.19963296409696318,-0.2483903374792482
2009-04-06 04:00:00,-0.44604677196578935,-0.20476283352798352,-0.25381521014198083
2009-04-07 04:00:00,-0.45896795122870826,-0.21508509240656637,-0.26501876333103114
2009-04-08 04:00:00,-0.4531370624061106,-0.2072290954659225,-0.2577732678792535
2009-04-09 04:00:00,-0.4314030494515614,-0.1923018265179397,-0.24178382464091674
2009-04-13 04:00:00,-0.43127035656703505,-0.18922164163101918,-0.2392615294296342
2009-04-14 04:00:00,-0.4410771718816763,-0.19591448662362942,-0.24731888121807322
2009-04-15 04:00:00,-0.4351135559488921,-0.19132448135905267,-0.24336749214729536
2009-04-16 04:00:00,-0.42683074083084305,-0.18676894992584292,-0.2388397215797874
2009-04-17 04:00:00,-0.42298774680294704,-0.18707205850770137,-0.23884803368064467
2009-04-20 04:00:00,-0.4471734464733266,-0.2025924133852225,-0.2573962600391987
2009-04-21 04:00:00,-0.43637261531001414,-0.19639653773778187,-0.25062503308170336
2009-04-22 04:00:00,-0.43981821519753495,-0.20129356528544806,-0.2546218945554206
2009-04-23 04:00:00,-0.43431839118587956,-0.19661990999397183,-0.24926119416729153
2009-04-24 04:00:00,-0.4257704298783992,-0.19256284973152094,-0.24357864145044839
2009-04-27 04:00:00,-0.4312040956889224,-0.19576591095312035,-0.2487844456758539
2009-04-28 04:00:00,-0.4329930709466451,-0.2025390310980918,-0.25442039704191133
2009-04-29 04:00:00,-0.4209334542274922,-0.19518780332327834,-0.24516291296644488
2009-04-30 04:00:00,-0.4207348769471151,-0.19629733089928658,-0.24563916837607813
2009-05-01 04:00:00,-0.41762027341921615,-0.1959171771721553,-0.24249780595984183
2009-05-04 04:00:00,-0.3978076548016345,-0.1784441253218545,-0.2248143272587364
2009-05-05 04:00:00,-0.3998621527310504,-0.18053047473053652,-0.22779594114236545
2009-05-06 04:00:00,-0.3894588526107541,-0.17278215503947003,-0.2182582339666398
2009-05-07 04:00:00,-0.3979404503631413,-0.18775531917209798,-0.23035243624951174
2009-05-08 04:00:00,-0.383892938849287,-0.17559495643145195,-0.2170990327711485
2009-05-11 04:00:00,-0.3954222631895771,-0.18016216335602986,-0.2231959936806126
2009-05-12 04:00:00,-0.39721178605786267,-0.18042618096854102,-0.2229380564467076
2009-05-13 04:00:00,-0.4123855271456718,-0.18924292876005044,-0.23303121884360967
2009-05-14 04:00:00,-0.40734976886042673,-0.1838126326918953,-0.22769518918484521
2009-05-15 04:00:00,-0.4121866076086931,-0.18790914138081638,-0.23350259488827196
2009-05-18 04:00:00,-0.39548852406768986,-0.17910394504621419,-0.22197675591422916
2009-05-19 04:00:00,-0.3962175990808907,-0.18143302945702844,-0.22377308967692378
2009-05-20 04:00:00,-0.4002597179997267,-0.18127650814242713,-0.22319156948460261
2009-05-21 04:00:00,-0.408873769057019,-0.1965683652050374,-0.23637988933971388
2009-05-22 04:00:00,-0.41013265728983994,-0.2011627996026163,-0.238783612444197
2009-05-26 04:00:00,-0.3950247663722213,-0.19370382130983332,-0.2303571458861714
2009-05-27 04:00:00,-0.4058257686638346,-0.208047902010966,-0.24234185550638354
2009-05-28 04:00:00,-0.3975428850944651,-0.19683772324467264,-0.23132598936474402
2009-05-29 04:00:00,-0.38687460991303835,-0.1800101608391831,-0.21572145642007068
2009-06-01 04:00:00,-0.3720321732157926,-0.1777971508334607,-0.20912538803501157
2009-06-02 04:00:00,-0.3715018808369299,-0.17561130798051494,-0.20711697573250964
2009-06-03 04:00:00,-0.37945311775913404,-0.17877222051362385,-0.21354794402251442
2009-06-04 04:00:00,-0.3736222289365365,-0.18092971773953304,-0.21110394716068914
2009-06-05 04:00:00,-0.37348977563163144,-0.18332270830484632,-0.21323452088435302
2009-06-08 04:00:00,-0.3760738814267066,-0.18618020833669813,-0.21598349651217363
2009-06-09 04:00:00,-0.3728933592772967,-0.18372744596306312,-0.21285510225969684
2009-06-10 04:00:00,-0.37448362035200167,-0.19010750841227586,-0.21806326040561996
2009-06-11 04:00:00,-0.3717005950199477,-0.1843457261481256,-0.21265156689135634
2009-06-12 04:00:00,-0.3699778121890175,-0.18007652069350655,-0.21034359515567913
2009-06-15 04:00:00,-0.38442288897154797,-0.18840355244422158,-0.22059712543828736
2009-06-16 04:00:00,-0.39277182806506905,-0.18935764126458765,-0.2231698464418166
2009-06-17 04:00:00,-0.39336831287072416,-0.1916608560815859,-0.22470628472356058
2009-06-18 04:00:00,-0.3889285602318915,-0.1930051979530757,-0.22472267480197516
2009-06-19 04:00:00,-0.38667623798662243,-0.18679502381238622,-0.22048210323018413
2009-06-22 04:00:00,-0.40506821790136216,-0.19826920539700077,-0.23485839832935107
2009-06-23 04:00:00,-0.4046017906043994,-0.1941164531808992,-0.23046501402442032
2009-06-24 04:00:00,-0.39947047427592564,-0.19318413830288195,-0.2288362448173028
2009-06-25 04:00:00,-0.3864095516424829,-0.17673916121813338,-0.213855252972473
2009-06-26 04:00:00,-0.3880093274507185,-0.17746933539587617,-0.21533506766114785
2009-06-29 04:00:00,-0.3822783775558528,-0.17236048133940485,-0.20982082312330474
2009-06-30 04:00:00,-0.38727635071225675,-0.1769376863153599,-0.21546409459047766
2009-07-01 04:00:00,-0.3847438572127364,-0.17554953596543232,-0.21429747287241552
2009-07-02 04:00:00,-0.401536335124522,-0.18827981265662708,-0.22835681289787924
2009-07-06 04:00:00,-0.40160286980791615,-0.18895364524745284,-0.23116188211755528
2009-07-07 04:00:00,-0.4131979074157561,-0.19621161678422938,-0.23977995306777367
2009-07-08 04:00:00,-0.413597663126684,-0.19060168087353402,-0.23681812135819513
2009-07-09 04:00:00,-0.41246513603125556,-0.1935220344600389,-0.23818456091712548
2009-07-10 04:00:00,-0.41386414411686245,-0.19169681417572915,-0.23774675960653535
2009-07-13 04:00:00,-0.39960429660723795,-0.18171233408355258,-0.22749904933413567
2009-07-14 04:00:00,-0.3962054831971862,-0.18437169837381584,-0.22872600636158624
2009-07-15 04:00:00,-0.3785469591801507,-0.17844973271855014,-0.2191080428801453
2009-07-16 04:00:00,-0.3795460746521888,-0.17569367010772852,-0.21714916444076082
2009-07-17 04:00:00,-0.37274961150453156,-0.1753640268620903,-0.21446017111948257
2009-07-20 04:00:00,-0.36608573856442006,-0.16837187830871592,-0.2069138449772996
2009-07-21 04:00:00,-0.36315342090265146,-0.15942698136351885,-0.20025249539936685
2009-07-22 04:00:00,-0.3632871747826434,-0.16255182896683107,-0.202072264911779
2009-07-23 04:00:00,-0.3492266575179199,-0.15759840261998115,-0.19423381445621535
2009-07-24 04:00:00,-0.3465613684568928,-0.15389918590533413,-0.19101384429497792
2009-07-27 04:00:00,-0.344628850780366,-0.15628401214222065,-0.19204367029178504
2009-07-28 04:00:00,-0.3476940324549618,-0.15566466721736838,-0.19305391785673098
2009-07-29 04:00:00,-0.3492933975552752,-0.15505516527117447,-0.19499487593246512
2009-07-30 04:00:00,-0.3424962498944142,-0.14496784907908988,-0.1840272364031207
2009-07-31 04:00:00,-0.3415633953004886,-0.13758393363765586,-0.17694319194207864
2009-08-03 04:00:00,-0.33070153978507133,-0.1342756747845526,-0.17021662078557387
2009-08-04 04:00:00,-0.3289692422206105,-0.13568488999158435,-0.17087247316741416
2009-08-05 04:00:00,-0.33090148609185577,-0.1423462250832459,-0.17514859703332897
2009-08-06 04:00:00,-0.3343667657339813,-0.14384147886954846,-0.17876216584270066
2009-08-07 04:00:00,-0.3256375111045158,-0.1399573988268129,-0.174738485328656
2009-08-10 04:00:00,-0.3270367245440837,-0.13673212625356534,-0.17270964840934488
2009-08-11 04:00:00,-0.3354331688539377,-0.13919964744753732,-0.17727523021297542
2009-08-12 04:00:00,-0.3283029370681837,-0.13733630872576252,-0.17418490852847546
2009-08-13 04:00:00,-0.3231717576423506,-0.12848968824596052,-0.16577643329910952
2009-08-14 04:00:00,-0.32836933484893716,-0.13115534115420413,-0.17100804557865545
2009-08-17 04:00:00,-0.34489519486790365,-0.13884481957585826,-0.18081196941737931
2009-08-18 04:00:00,-0.3396976861126376,-0.13674581812563802,-0.17672754280589353
2009-08-19 04:00:00,-0.3339003384370186,-0.12933834410964562,-0.16976727636889388
2009-08-20 04:00:00,-0.32703672454408383,-0.12109491446433351,-0.16327559850303786
2009-08-21 04:00:00,-0.3138423218359305,-0.11798961016207565,-0.15797293007364333
2009-08-24 04:00:00,-0.3139091987759266,-0.11164475520098915,-0.15329548816651883
2009-08-25 04:00:00,-0.3125767938250342,-0.10859971850106132,-0.15208803699475748
2009-08-26 04:00:00,-0.31251005378767893,-0.10691393618549516,-0.15109763722767755
2009-08-27 04:00:00,-0.31097715491943945,-0.10712655862426457,-0.15025130001981812
2009-08-28 04:00:00,-0.3111107718967907,-0.10559468287523877,-0.14936910847611384
2009-08-31 04:00:00,-0.3172412721486231,-0.11003683019403387,-0.15599340174296483
2009-09-01 04:00:00,-0.3323006995314238,-0.12267586050975254,-0.16907345754009517
2009-09-02 04:00:00,-0.33483319303094417,-0.11955798127308626,-0.16714060936922193
2009-09-03 04:00:00,-0.32930205254022216,-0.11733321111673245,-0.1649432474407455
2009-09-04 04:00:00,-0.3199065612096502,-0.1159290671192389,-0.1625384176478425
2009-09-08 04:00:00,-0.31404233659403524,-0.11384338398444505,-0.1584240410944533
2009-09-09 04:00:00,-0.3087781562527342,-0.1101755627750397,-0.15449883941630282
2009-09-10 04:00:00,-0.301714732955656,-0.09816150119169276,-0.14418222269463454
2009-09-11 04:00:00,-0.30184780232244435,-0.09627651232149981,-0.14398154496818227
2009-09-14 04:00:00,-0.29844967342559625,-0.0972257924630584,-0.1444991386819453
2009-09-15 04:00:00,-0.29551735576382765,-0.096810243142188,-0.1416678601562409
2009-09-16 04:00:00,-0.28485551500651496,-0.08796379501944918,-0.1322992975435906
2009-09-17 04:00:00,-0.28592171277251033,-0.08419173966344484,-0.12976346238975778
2009-09-18 04:00:00,-0.28546644304076696,-0.08710193228522833,-0.13252337498175337
2009-09-21 04:00:00,-0.2872744477655509,-0.087648878002899,-0.13513749261560215
2009-09-22 04:00:00,-0.2831229436367726,-0.08370008034798271,-0.1301552878751252
2009-09-23 04:00:00,-0.28908217868505337,-0.08716510026878777,-0.13565726029727354
2009-09-24 04:00:00,-0.29691567933623064,-0.09214021536032324,-0.141729146581263
2009-09-25 04:00:00,-0.3006651004091887,-0.09042839857888318,-0.14187995458198577
2009-09-28 04:00:00,-0.2881445324987021,-0.07746439137635619,-0.12963878382427796
2009-09-29 04:00:00,-0.2902871957287474,-0.07946664190358332,-0.1317717591306664
2009-09-30 04:00:00,-0.29303243593196027,-0.08193826424167439,-0.13159643334906368
2009-10-01 04:00:00,-0.31057418199645415,-0.09057678254037393,-0.14150810188259788
2009-10-02 04:00:00,-0.31378810839020177,-0.09563797785821693,-0.1465533430986885
2009-10-05 04:00:00,-0.3035440944923933,-0.08750114409635135,-0.13613016592976612
2009-10-06 04:00:00,-0.29356799906249087,-0.08327121132082438,-0.13231193043380363
2009-10-07 04:00:00,-0.29162603510375384,-0.07745785531583549,-0.12767053236226833
2009-10-08 04:00:00,-0.2862029107965668,-0.07708948341280175,-0.1246762544739981
2009-10-09 04:00:00,-0.2818509127504414,-0.08217579056984214,-0.12714533974651843
2009-10-12 04:00:00,-0.2790390694125141,-0.07944539114701377,-0.1229164592956361
2009-10-13 04:00:00,-0.28051200492411443,-0.07865714778313382,-0.12163734864016695
2009-10-14 04:00:00,-0.268125396247581,-0.07459850509210042,-0.11579201855221721
2009-10-15 04:00:00,-0.2654473067896458,-0.07427890154332151,-0.11417846204450877
2009-10-16 04:00:00,-0.27093751339078986,-0.07541901422380792,-0.11576686628097688
2009-10-19 04:00:00,-0.2649116752077946,-0.06792795679121044,-0.10803959210733494
2009-10-20 04:00:00,-0.26879532931998706,-0.0688670739495173,-0.10997244245648785
2009-10-21 04:00:00,-0.2753565937308724,-0.07611394191569909,-0.1144813835332863
2009-10-22 04:00:00,-0.2679916423675891,-0.07228645665990052,-0.10966004166460241
2009-10-23 04:00:00,-0.2763607746006176,-0.08144328030718118,-0.11810100514123012
2009-10-26 04:00:00,-0.2841942752517951,-0.09216896781306416,-0.12886228574958414
2009-10-27 04:00:00,-0.28747521548817934,-0.08970600684375485,-0.12829910727538252
2009-10-28 04:00:00,-0.3009328135231336,-0.0982971665374397,-0.13918239156458923
2009-10-29 04:00:00,-0.28593526613394227,-0.0906200942653752,-0.12823805501155783
2009-10-30 04:00:00,-0.30662392474954714,-0.10115012640693433,-0.1417949371670688
2009-11-02 05:00:00,-0.301535732752903,-0.09878166383583598,-0.13766267505748409
2009-11-03 05:00:00,-0.2993260556802211,-0.10067400453715292,-0.13738983054865073
2009-11-04 05:00:00,-0.2975184616633594,-0.10256971668784132,-0.13849065317938258
2009-11-05 05:00:00,-0.2845959475996934,-0.09266449798154952,-0.1294424169271532
2009-11-06 05:00:00,-0.28272140819151526,-0.09088761236323672,-0.1293691091817457
2009-11-09 05:00:00,-0.26638454226807484,-0.07803530531230651,-0.1157343783528747
2009-11-10 05:00:00,-0.2662507199367624,-0.0786055865351728,-0.1165598051218747
2009-11-11 05:00:00,-0.26250129886380447,-0.07423948570612471,-0.11215472840441076
2009-11-12 05:00:00,-0.2700000041070797,-0.080559187261247,-0.11937579140929522
2009-11-13 05:00:00,-0.26604988376281336,-0.07588255844403557,-0.11537553865102324
2009-11-16 05:00:00,-0.25540419751710686,-0.0635107399926571,-0.10200495383761532
2009-11-17 05:00:00,-0.2545337020760332,-0.06084313787663265,-0.09948916779964989
2009-11-18 05:00:00,-0.25500238826656796,-0.06339964951299215,-0.10133944069484035
2009-11-19 05:00:00,-0.264710907485166,-0.0700523028993465,-0.10915997667821276
2009-11-20 05:00:00,-0.26732225690574607,-0.07211219738771968,-0.11122450779271675
2009-11-23 05:00:00,-0.25801541003504613,-0.06550862438050631,-0.10438414998152357
2009-11-24 05:00:00,-0.25687726993134785,-0.06228770681069018,-0.10289190947775184
2009-11-25 05:00:00,-0.2542658520594474,-0.0585841720603838,-0.09760173874598166
2009-11-27 05:00:00,-0.2663845422680746,-0.0663520005838838,-0.10641004895894324
2009-11-30 05:00:00,-0.263906878276166,-0.06356890727386388,-0.10297038066241282
2009-12-01 05:00:00,-0.25480168899525957,-0.06079159947543378,-0.09865588674466408
2009-12-02 05:00:00,-0.25513627904920044,-0.060729101645871086,-0.09928846996467999
2009-12-03 05:00:00,-0.2609612810582467,-0.06903795977932048,-0.1063938829638591
2009-12-04 05:00:00,-0.25674324224607437,-0.0697968886595004,-0.10690023673519355
2009-12-07 05:00:00,-0.25788131389845226,-0.07017369990465838,-0.10818030957042268
2009-12-08 05:00:00,-0.26611696605677027,-0.0758074848880318,-0.11460082998786325
2009-12-09 05:00:00,-0.2633717258535574,-0.07543160007862582,-0.11494116712622704
2009-12-10 05:00:00,-0.2592207008840217,-0.07655256607415162,-0.11548352793577121
2009-12-11 05:00:00,-0.2560737883329107,-0.07423919204406182,-0.11280749133579648
2009-12-14 05:00:00,-0.25098532253098516,-0.06999732702692996,-0.1083613141828953
2009-12-15 05:00:00,-0.2544665513307556,-0.07424538534327596,-0.11244947567305108
2009-12-16 05:00:00,-0.25332854812969796,-0.07384091435888318,-0.1104199959396609
2009-12-17 05:00:00,-0.2623001888845736,-0.07441627860588362,-0.11380297260518124
2009-12-18 05:00:00,-0.2581268487845991,-0.07286357780945152,-0.11156269752615178
2009-12-21 05:00:00,-0.2505876888109886,-0.07380540825188942,-0.11174242917802168
2009-12-22 05:00:00,-0.24789508767313595,-0.07388166616638159,-0.1106789843887811
2009-12-23 05:00:00,-0.24641414335705292,-0.07270584928000823,-0.10799878229969662
2009-12-24 05:00:00,-0.24284666589362325,-0.0739179367373477,-0.10772379114739117
2009-12-28 05:00:00,-0.24123080402510222,-0.07376435737166365,-0.10575085238828352
2009-12-29 05:00:00,-0.2423080224536761,-0.07210952005497318,-0.10492354067726062
2009-12-30 05:00:00,-0.24257724149666926,-0.06986689597671825,-0.10345738001053051
2009-12-31 05:00:00,-0.2498470455246461,-0.0769949396678109,-0.11015528118852547
2010-01-04 05:00:00,-0.23712461467040513,-0.06793102987139932,-0.09909696884148644
2010-01-05 05:00:00,-0.23510550607361747,-0.06404299388974455,-0.09581370632834474
2010-01-06 05:00:00,-0.23456665727970916,-0.06865894302713826,-0.09745246706700161
2010-01-07 05:00:00,-0.23133554960455027,-0.06567367114406664,-0.09583415317267052
2010-01-08 05:00:00,-0.22877779756781547,-0.06397566615273109,-0.094221672983831
2010-01-11 05:00:00,-0.22770071604188225,-0.06524598268025716,-0.095239381667651
2010-01-12 05:00:00,-0.23490350622722245,-0.0640764405527462,-0.09758720308275926
2010-01-13 05:00:00,-0.22844129087690446,-0.06368563184887299,-0.09608840313608691
2010-01-14 05:00:00,-0.22635455237559676,-0.056922145266008584,-0.09129883025248453
2010-01-15 05:00:00,-0.23503787616909777,-0.060939458912899314,-0.0967640534550851
2010-01-19 05:00:00,-0.225479333793418,-0.05497130102641945,-0.09017273473671661
2010-01-20 05:00:00,-0.23335520581190095,-0.05690761428741409,-0.09466480394758525
2010-01-21 05:00:00,-0.24809681371424996,-0.06606151277062444,-0.10499502214598733
2010-01-22 05:00:00,-0.26485842008055127,-0.0792015347190762,-0.1183732658340374
2010-01-25 05:00:00,-0.2610888743194061,-0.07805018246576723,-0.11645606734694736
2010-01-26 05:00:00,-0.26418520134476775,-0.08024733071139944,-0.11956279652712909
2010-01-27 05:00:00,-0.26068466927265455,-0.07782293760921954,-0.11847484509733464
2010-01-28 05:00:00,-0.26916640392768254,-0.08437202937563026,-0.12499333835102056
2010-01-29 05:00:00,-0.2771095635940837,-0.08714098389701697,-0.12939574429974943
2010-02-01 05:00:00,-0.26586807705592563,-0.08193838289367561,-0.12153328607147196
2010-02-02 05:00:00,-0.25698254806206833,-0.07422417901842593,-0.11251231327301836
2010-02-03 05:00:00,-0.26068466927265455,-0.0812858116622055,-0.11933691284997727
2010-02-04 05:00:00,-0.2835043543938428,-0.09248379012909125,-0.1343942112257348
2010-02-05 05:00:00,-0.2820234100777599,-0.09056718320190393,-0.1338620775027326
2010-02-08 05:00:00,-0.28720681786103097,-0.09403192866656174,-0.13723618083118605
2010-02-09 05:00:00,-0.2782537958652944,-0.09082429470792142,-0.13177833532571748
2010-02-10 05:00:00,-0.2796676578874203,-0.0953626536873422,-0.13494103787752043
2010-02-11 05:00:00,-0.2721282241085282,-0.09164500229122241,-0.12989581527459404
2010-02-12 05:00:00,-0.27273401829375277,-0.09060180835456211,-0.12974360480786362
2010-02-16 05:00:00,-0.26129073726316066,-0.08133058806019233,-0.11838919083171218
2010-02-17 05:00:00,-0.2577904789963289,-0.08290775883341717,-0.11934376047452544
2010-02-18 05:00:00,-0.253414933695998,-0.08114240612582702,-0.11650994692110328
2010-02-19 05:00:00,-0.25186670173199677,-0.07801584055607536,-0.11346098136952343
2010-02-22 05:00:00,-0.2517320579848402,-0.07944184654927156,-0.11494664040448466
2010-02-23 05:00:00,-0.2608195183737724,-0.08040381477771674,-0.11870168263198266
2010-02-24 05:00:00,-0.25402072788122276,-0.07443450540520824,-0.11248058159359708
2010-02-25 05:00:00,-0.2550306586618786,-0.07310451802391438,-0.11320732200353789
2010-02-26 05:00:00,-0.2545593028698495,-0.07084196019621214,-0.10993384586306643
2010-03-01 05:00:00,-0.24681814304984362,-0.0652148178231633,-0.10540858107621098
2010-03-02 05:00:00,-0.24473167835381748,-0.0641525437643411,-0.10331822695345427
2010-03-03 05:00:00,-0.24405832271539318,-0.0645958177843754,-0.10264444940190554
2010-03-04 05:00:00,-0.24176972127033114,-0.060923107374904584,-0.10038391246692879
2010-03-05 05:00:00,-0.23093196061968224,-0.05779755065487846,-0.09514482250861545
2010-03-08 05:00:00,-0.23079704306724425,-0.05966013531167458,-0.09657596337237728
2010-03-09 05:00:00,-0.22951830395151762,-0.05863862706366407,-0.09659702389428548
2010-03-10 05:00:00,-0.22608547023524472,-0.057086719296354005,-0.09460888166633852
2010-03-11 05:00:00,-0.2228539518521635,-0.053334803521523755,-0.09156885607328857
2010-03-12 05:00:00,-0.22278693800952665,-0.050927286734576915,-0.0903619417527568
2010-03-15 04:00:00,-0.2225849381631314,-0.05128289092797278,-0.09166498754232788
2010-03-16 04:00:00,-0.21639180495316568,-0.043724757928901736,-0.08394063673354346
2010-03-17 04:00:00,-0.21174738286644368,-0.03868613888420347,-0.07868930979251443
2010-03-18 04:00:00,-0.2121511772052731,-0.04024270029899024,-0.08007281716607961
2010-03-19 04:00:00,-0.21613860351913794,-0.042777933937018675,-0.08371889775958585
2010-03-22 04:00:00,-0.21194862974831497,-0.03928864948124511,-0.0804791940051558
2010-03-23 04:00:00,-0.20640571563049026,-0.03704311479944766,-0.07828972609157592
2010-03-24 04:00:00,-0.21025829284323727,-0.046879599261673066,-0.08704990127436707
2010-03-25 04:00:00,-0.2115429187725153,-0.05024408406984182,-0.09020435398963145
2010-03-26 04:00:00,-0.21201584894491254,-0.04951500746102089,-0.08960370235505355
2010-03-29 04:00:00,-0.2070142478685293,-0.047348657050131804,-0.08511969794428254
2010-03-30 04:00:00,-0.20647355088897124,-0.04575464760568415,-0.08368328648705625
2010-03-31 04:00:00,-0.20917703578676183,-0.04508579590589046,-0.0837477111949988
2010-04-01 04:00:00,-0.2037697237345789,-0.04210219202902454,-0.07886886876466426
2010-04-05 04:00:00,-0.1972808123693186,-0.043793672944809514,-0.0775031025633518
2010-04-06 04:00:00,-0.19538868097180684,-0.041829160357027884,-0.07583121103682866
2010-04-07 04:00:00,-0.19998470797503132,-0.04021321180725279,-0.075795824955042
2010-04-08 04:00:00,-0.19721318246479858,-0.038045178897906706,-0.07390228118541353
2010-04-09 04:00:00,-0.1919411302216556,-0.033344611720149464,-0.06940471294644013
2010-04-12 04:00:00,-0.1906569150002999,-0.03038034116486188,-0.06711931876286648
2010-04-13 04:00:00,-0.19004893037282355,-0.028685896163019198,-0.06544515022974684
2010-04-14 04:00:00,-0.1808563287558116,-0.024798985508288185,-0.05997376167348489
2010-04-15 04:00:00,-0.18018009816193203,-0.023878534217520286,-0.05884813662711752
2010-04-16 04:00:00,-0.1932253454430114,-0.030352764012523736,-0.06749088517259849
2010-04-19 04:00:00,-0.19018371102262088,-0.029108927005549234,-0.06725846597021357
2010-04-20 04:00:00,-0.18295169212348528,-0.022520342433343554,-0.06052145292531874
2010-04-21 04:00:00,-0.18443872860708066,-0.020371469773863504,-0.058761718843416744
2010-04-22 04:00:00,-0.18200514726548678,-0.01978394500211811,-0.05768418100781825
2010-04-23 04:00:00,-0.1766658073744256,-0.017332760435976313,-0.05437405448482069
2010-04-26 04:00:00,-0.17977466099141393,-0.01912307371320443,-0.05666550575595286
2010-04-27 04:00:00,-0.19917355982871343,-0.027518018558445823,-0.0675006987821275
2010-04-28 04:00:00,-0.1930904278905733,-0.02640260580405196,-0.06532494400366318
2010-04-29 04:00:00,-0.18308681502988455,-0.01752909999975749,-0.05645962147107497
2010-04-30 04:00:00,-0.19694300510332052,-0.02299717483392727,-0.06205951243490604
2010-05-03 04:00:00,-0.18653388662079318,-0.015909475228443548,-0.054672119923724005
2010-05-04 04:00:00,-0.20566233429133307,-0.02271041755902037,-0.06544666236375807
2010-05-05 04:00:00,-0.21039410026284,-0.023899696715042773,-0.06924620736351494
2010-05-06 04:00:00,-0.23661951237743672,-0.03129187710972692,-0.0810026158246776
2010-05-07 04:00:00,-0.24797483346136073,-0.0447819333755467,-0.09313304799315181
2010-05-10 04:00:00,-0.2148545252004227,-0.027455593539129075,-0.07305346589674311
2010-05-11 04:00:00,-0.21708535373109727,-0.030110827882467994,-0.07550627114400255
2010-05-12 04:00:00,-0.2061354013663712,-0.024922262320178468,-0.06909968813157497
2010-05-13 04:00:00,-0.2160037544180201,-0.029626621417862542,-0.07500053337233825
2010-05-14 04:00:00,-0.23019843627065784,-0.03342601872169371,-0.08258439589813171
2010-05-17 04:00:00,-0.22979245148957683,-0.034546229331117395,-0.08590954377298432
2010-05-18 04:00:00,-0.24026947368190554,-0.03650224685853842,-0.08928863962548361
2010-05-19 04:00:00,-0.24459539177497214,-0.03850926778919539,-0.09232060280600285
2010-05-20 04:00:00,-0.27311878316552096,-0.052184660525643856,-0.1090255066622855
2010-05-21 04:00:00,-0.2625069118720744,-0.04349678456168593,-0.10002724580959077
2010-05-24 04:00:00,-0.2719698962045255,-0.05218259215210619,-0.10797256235874542
2010-05-25 04:00:00,-0.27122644641404814,-0.049746298385439314,-0.10682289583369364
2010-05-26 04:00:00,-0.2756197890576737,-0.054263222712192416,-0.10984985856944984
2010-05-27 04:00:00,-0.25135420669642905,-0.043837710223784354,-0.09541158036806585
2010-05-28 04:00:00,-0.26074942422171943,-0.04928528849467473,-0.10175567825378562
2010-06-01 04:00:00,-0.2731862761674003,-0.05620892606944494,-0.11060561614358133
2010-06-02 04:00:00,-0.2542607182104203,-0.04504986570404046,-0.098171791688757
2010-06-03 04:00:00,-0.25169235621902897,-0.04586369234049903,-0.09778612863536484
2010-06-04 04:00:00,-0.27798539823814583,-0.05571925198643235,-0.11232823908374234
2010-06-07 04:00:00,-0.28697531549555877,-0.05987690314155536,-0.11675033217272046
2010-06-08 04:00:00,-0.2793373802666623,-0.05570427851496962,-0.11168570245508869
2010-06-09 04:00:00,-0.28318988902808906,-0.05915708714194412,-0.1144201704771689
2010-06-10 04:00:00,-0.2622365291566353,-0.04938033205071035,-0.10215657901917474
2010-06-11 04:00:00,-0.2586539924027257,-0.0417875740422885,-0.09600129479565533
2010-06-14 04:00:00,-0.2598030847176822,-0.044646134881532684,-0.0979869923840806
2010-06-15 04:00:00,-0.24297302703101642,-0.033190059990147014,-0.08528193695271213
2010-06-16 04:00:00,-0.24324320439249458,-0.03119345400229634,-0.08370977003929925
2010-06-17 04:00:00,-0.2420265506243383,-0.027104449433188682,-0.08054743050441937
2010-06-18 04:00:00,-0.2412049294260048,-0.0271081092904919,-0.08056442912877382
2010-06-21 04:00:00,-0.2433780534936123,-0.029895296663570492,-0.08330435759133237
2010-06-22 04:00:00,-0.2558741842827287,-0.034887503044593315,-0.08931878663380344
2010-06-23 04:00:00,-0.2581831842212593,-0.034060651295028554,-0.0906712197359737
2010-06-24 04:00:00,-0.2704755354296511,-0.045961192338202284,-0.10112604772154121
2010-06-25 04:00:00,-0.2674193893293433,-0.0420158064184043,-0.0961344839978926
2010-06-28 04:00:00,-0.26972825236523323,-0.04022958993129977,-0.09626882924969604
2010-06-29 04:00:00,-0.2922757750366528,-0.05382416035122495,-0.1125493803421096
2010-06-30 04:00:00,-0.29899926907680174,-0.05667090936753505,-0.11548620043100954
2010-07-01 04:00:00,-0.3021229081789887,-0.058597850152202535,-0.1187857208211689
2010-07-02 04:00:00,-0.3059263373437141,-0.06467851553023984,-0.12394099279414761
2010-07-06 04:00:00,-0.301376241176454,-0.057918517549293336,-0.11808282354410449
2010-07-07 04:00:00,-0.27937222198872746,-0.044528077042187086,-0.10252364415570647
2010-07-08 04:00:00,-0.27224110033580895,-0.041290685908415226,-0.098085155115339
2010-07-09 04:00:00,-0.2668081874898097,-0.039186726627619906,-0.09542626926116904
2010-07-12 04:00:00,-0.26633272461855884,-0.038967790681427084,-0.0962125465100091
2010-07-13 04:00:00,-0.25526264018659317,-0.03356177354718093,-0.0888983027055702
2010-07-14 04:00:00,-0.25533102305563715,-0.029723332816291914,-0.086361901980061
2010-07-15 04:00:00,-0.25512710657227167,-0.025695040474587816,-0.08260900756381895
2010-07-16 04:00:00,-0.27563710724172563,-0.039887999115590156,-0.0975754187832284
2010-07-19 04:00:00,-0.2713582152057493,-0.03884701058836104,-0.09612412000926862
2010-07-20 04:00:00,-0.2632767838722122,-0.0318751834589901,-0.08896188896851542
2010-07-21 04:00:00,-0.27285237062666257,-0.03286392692667828,-0.09168290185212802
2010-07-22 04:00:00,-0.2566209881879036,-0.024384736037609822,-0.08085809464290428
2010-07-23 04:00:00,-0.25016951969488277,-0.023445051388813254,-0.07928342220377271
2010-07-26 04:00:00,-0.24235929249262922,-0.018007283575459332,-0.07408183342924701
2010-07-27 04:00:00,-0.24242740155639175,-0.021845939080454402,-0.07780007603534755
2010-07-28 04:00:00,-0.24731715317529968,-0.0243649108799604,-0.08009988967822768
2010-07-29 04:00:00,-0.2509845011151408,-0.027335408661604776,-0.08155098072487155
2010-07-30 04:00:00,-0.2511202400834234,-0.021385380600304593,-0.07614245171004652
2010-08-02 04:00:00,-0.23420988899797035,-0.013621764555973748,-0.0657404365981622
2010-08-03 04:00:00,-0.23787696313253004,-0.014178517815923608,-0.0664866481938734
2010-08-04 04:00:00,-0.2327834319328973,-0.013242553869568074,-0.06408854466450697
2010-08-05 04:00:00,-0.2335986187071165,-0.01202943179976157,-0.06381077915628863
2010-08-06 04:00:00,-0.23672246316326462,-0.010135322229578914,-0.06387363971800342
2010-08-09 04:00:00,-0.23264755606197418,-0.00842810334285915,-0.0615915395304395
2010-08-10 04:00:00,-0.23679064067834765,-0.010805276962353116,-0.06504267681043518
2010-08-11 04:00:00,-0.2577077898013288,-0.02176639157405702,-0.07875925723081634
2010-08-12 04:00:00,-0.2622578859685888,-0.02633015539769412,-0.083522674830666
2010-08-13 04:00:00,-0.26443128384147774,-0.023194147254809616,-0.08179553500937886
2010-08-16 04:00:00,-0.2647709392931257,-0.013685887715064515,-0.07544257324130799
2010-08-17 04:00:00,-0.25573823996048506,-0.00867308465651373,-0.0688902135624957
2010-08-18 04:00:00,-0.25437982350785415,-0.006522485492975516,-0.06749014946681209
2010-08-19 04:00:00,-0.2673515540708622,-0.010695995394448099,-0.07381193089370197
2010-08-20 04:00:00,-0.26972825236523323,-0.013068981999047935,-0.07650922563512497
2010-08-23 04:00:00,-0.2725129889802962,-0.015252564009922143,-0.0791938526076178
2010-08-24 04:00:00,-0.2833112532190949,-0.01770895998449351,-0.08401069362809543
2010-08-25 04:00:00,-0.28052644815271155,-0.016694736376374086,-0.08230528769247003
2010-08-26 04:00:00,-0.28534856986709944,-0.016951083164249203,-0.08236019177396292
2010-08-27 04:00:00,-0.27427869078909495,-0.018948554497161485,-0.08005292420050591
2010-08-30 04:00:00,-0.28480534018868786,-0.01996260192135324,-0.08293093162359977
2010-08-31 04:00:00,-0.28480534018868786,-0.015618016557269132,-0.08110461061854535
2010-09-01 04:00:00,-0.26341252284049477,-0.006092216745063328,-0.06849142750323822
2010-09-02 04:00:00,-0.25655342673470405,-0.004739952255308544,-0.06558146646684948
2010-09-03 04:00:00,-0.24690979936781143,-0.0019283268554427524,-0.06129172727637233
2010-09-07 04:00:00,-0.25539878986279807,-0.00050767736644175,-0.06138534354121483
2010-09-08 04:00:00,-0.2501695196948829,0.0,-0.05946426778619274
2010-09-09 04:00:00,-0.24670574598180528,-0.005124828675793225,-0.06295715044130668
2010-09-10 04:00:00,-0.24290286442764264,-0.00393075942710841,-0.06042460010865458
2010-09-13 04:00:00,-0.23448150383717614,0.0,-0.05208798406437565
2010-09-14 04:00:00,-0.23495682980578636,0.0,-0.04941916681086089
2010-09-15 04:00:00,-0.23203676493036285,-0.0036438071141728923,-0.051634945353168704
2010-09-16 04:00:00,-0.23224020225448572,-0.007738250799532276,-0.05508189754603332
2010-09-17 04:00:00,-0.2319538019300812,-0.005909162641580257,-0.05339793132127635
2010-09-20 04:00:00,-0.2202100196030894,0.0,-0.0422953911345646
2010-09-21 04:00:00,-0.22178056669752932,0.0,-0.040479748140346605
2010-09-22 04:00:00,-0.22560384674516054,0.0,-0.04014974330028298
2010-09-23 04:00:00,-0.2318854875123575,-0.0037199818415482033,-0.043913711769329566
2010-09-24 04:00:00,-0.21604516746684,0.0,-0.03447121253013907
2010-09-27 04:00:00,-0.21980047535334934,0.0,-0.032857420416436245
2010-09-28 04:00:00,-0.21706919921949086,0.0,-0.02884205059800804
2010-09-29 04:00:00,-0.2184348715120804,-0.00270686116466623,-0.029795316852538556
2010-09-30 04:00:00,-0.22075619268827662,-0.0047482420363094135,-0.031150339636093594
2010-10-01 04:00:00,-0.21747894882319208,-0.004160893702449431,-0.02990938866327142
2010-10-04 04:00:00,-0.22335070308404725,-0.0076163393183648065,-0.033847065920588615
2010-10-05 04:00:00,-0.20771525784038036,0.0,-0.021951758649226605
2010-10-06 04:00:00,-0.2077838460633854,0.0,-0.018275775150433327
2010-10-07 04:00:00,-0.2087394949469923,-0.004058257195687198,-0.022439977208059014
2010-10-08 04:00:00,-0.2043015220424892,-0.002457212340238324,-0.01718440678261801
2010-10-11 04:00:00,-0.20355047415545136,-0.0018157723463555486,-0.01704040967701148
2010-10-12 04:00:00,-0.20109245569248724,-0.003912573968461008,-0.01766253128797668
2010-10-13 04:00:00,-0.19487933469697505,0.0,-0.01306688771109843
2010-10-14 04:00:00,-0.1980200866292532,-0.00831813229652556,-0.019957750363434834
2010-10-15 04:00:00,-0.1963815673736914,-0.011948132625616559,-0.02343602261562594
2010-10-18 04:00:00,-0.19242117933137048,-0.0058339287970661236,-0.017202869974251356
2010-10-19 04:00:00,-0.20300430107026401,-0.011251028940680197,-0.026038259289998256
2010-10-20 04:00:00,-0.19522042762635083,-0.0046010148118277305,-0.017388092169015823
2010-10-21 04:00:00,-0.1934454848893029,-0.008011292224595512,-0.020804854657313188
2010-10-22 04:00:00,-0.19194352601786813,-0.004223747765706998,-0.016895465858376646
2010-10-25 04:00:00,-0.1895538904239482,-0.0013175977961101815,-0.013794853049386435
2010-10-26 04:00:00,-0.1894169193318992,-0.007384653741265068,-0.017751693507223165
2010-10-27 04:00:00,-0.1917383089594159,-0.012580804833558945,-0.02234200343648085
2010-10-28 04:00:00,-0.19160215928321123,-0.011406746328918582,-0.02093929653280535
2010-10-29 04:00:00,-0.19098780868294118,-0.007259203516336132,-0.017979774445450625
2010-11-01 04:00:00,-0.19071427720676515,-0.008767605370189613,-0.01842505875771583
2010-11-02 04:00:00,-0.18429634986072285,0.0,-0.00899332869098779
2010-11-03 04:00:00,-0.18101924289827898,-0.0057492602156843375,-0.012204218845992432
2010-11-04 04:00:00,-0.16524730572180557,0.0,0.0
2010-11-05 04:00:00,-0.16210634843556648,-0.004603657020095686,-0.0024700791565107627
2010-11-08 05:00:00,-0.16367682707868603,-0.003935016483831322,-0.001983577989853491
2010-11-09 05:00:00,-0.16968527862630878,-0.017013265751095852,-0.013565413035719898
2010-11-10 05:00:00,-0.16633965189218014,-0.01410571622417467,-0.009730709022731321
2010-11-11 05:00:00,-0.1694803353731379,-0.016539159867399622,-0.012943115680409845
2010-11-12 05:00:00,-0.17931227232235292,-0.025647682112668102,-0.025671232696864443
2010-11-15 05:00:00,-0.1804728644591307,-0.03461009093721379,-0.032445269810665756
2010-11-16 05:00:00,-0.19324061008745286,-0.034043380210300955,-0.037148613077897186
2010-11-17 05:00:00,-0.19283086048375175,-0.035879082042726385,-0.039192798241862725
2010-11-18 05:00:00,-0.18095092848055538,-0.02579198759557544,-0.026929119881787367
2010-11-19 05:00:00,-0.17869799017340304,-0.021788987591478848,-0.024928985789660296
2010-11-22 05:00:00,-0.17938031293479495,-0.020615656639506375,-0.02385699133969965
2010-11-23 05:00:00,-0.19126072409723394,-0.02718462410856648,-0.031123952271298716
2010-11-24 05:00:00,-0.1793122723223528,-0.02550714834292056,-0.025917935991156882
2010-11-26 05:00:00,-0.1888706093440714,-0.02690192223354293,-0.028200363667529205
2010-11-29 05:00:00,-0.1864131384916703,-0.021804522084485356,-0.023748405798649563
2010-11-30 05:00:00,-0.19098780868294107,-0.023066349748250947,-0.026442017514765825
2010-12-01 05:00:00,-0.17378174789351397,-0.019286581783265033,-0.017637477056234974
2010-12-02 05:00:00,-0.16319862615462044,-0.012771991590807885,-0.010018478927688368
2010-12-03 05:00:00,-0.1609457562987885,-0.01427411689915925,-0.009493353165966778
2010-12-06 05:00:00,-0.16183329611863284,-0.009331478591048437,-0.006038280642447713
2010-12-07 05:00:00,-0.16135523209720826,-0.01747586723565231,-0.012761345788429135
2010-12-08 05:00:00,-0.1582829314852945,-0.019113463574497724,-0.012697892290062573
2010-12-09 05:00:00,-0.15500555071756916,-0.01488675338245693,-0.009192764871408188
2010-12-10 05:00:00,-0.15008971914560243,-0.01384486241086924,-0.00769302027705332
2010-12-13 05:00:00,-0.1495435460604151,-0.01198230645950582,-0.0052085121212427365
2010-12-14 05:00:00,-0.14879236127073658,-0.017207326230730735,-0.009285103763469582
2010-12-15 05:00:00,-0.15268416109005245,-0.02502329940429049,-0.01613617657358235
2010-12-16 05:00:00,-0.147768397969406,-0.01892750946589883,-0.011002386564702205
2010-12-17 05:00:00,-0.14685518890442506,-0.011139849931224743,-0.004202552590094499
2010-12-20 05:00:00,-0.14479644699314642,-0.010132679525812982,-0.002178557707952722
2010-12-21 05:00:00,-0.13937400719916293,-0.0036034114786835936,0.0
2010-12-22 05:00:00,-0.13669721831631454,-0.004590888501613377,0.0
2010-12-23 05:00:00,-0.13793276464889126,-0.006258316978912437,-0.0011009230032980044
2010-12-27 05:00:00,-0.13758954972858428,-0.002470444164576424,0.0
2010-12-28 05:00:00,-0.13635393494468706,-0.009427778426267741,-0.003944717494912098
2010-12-29 05:00:00,-0.13573636713235981,-0.0022987922748666234,0.0
2010-12-30 05:00:00,-0.13710895300830606,-0.0035493853308916634,-0.0023840419458660556
2010-12-31 05:00:00,-0.13690305143665005,0.0,0.0
2011-01-03 05:00:00,-0.12798055872979608,0.0,0.0
2011-01-04 05:00:00,-0.12846108699875392,0.0,-0.0013145802495754255
2011-01-05 05:00:00,-0.12393077326307922,-0.005692106372087835,-0.0037384914241286316
2011-01-06 05:00:00,-0.12564677941329339,-0.00512113241178358,-0.004938174318420252
2011-01-07 05:00:00,-0.12736278556350755,-0.0041700783669655905,-0.004883249405036705
2011-01-10 05:00:00,-0.1284610869987537,-0.0027653317886807693,-0.0028441404847688867
2011-01-11 05:00:00,-0.12537208426467095,-0.002878782229699506,-0.0012725576651239079
2011-01-12 05:00:00,-0.11747903096477652,-0.0005898418974659148,0.0
2011-01-13 05:00:00,-0.11892054732032964,0.0,0.0
2011-01-14 05:00:00,-0.11253753014767309,0.0,0.0
2011-01-18 05:00:00,-0.11102776782571666,-0.0008520103666479484,-0.0004909036734215277
2011-01-19 05:00:00,-0.11974429050959434,-0.0038444755416839893,-0.004313240819282638
2011-01-20 05:00:00,-0.12091076945992352,-0.01013272849144864,-0.010222232742347348
2011-01-21 05:00:00,-0.11892054732032953,-0.005648284454997987,-0.005521867357459964
2011-01-24 05:00:00,-0.11390991066965805,-0.0020812807757975005,-0.002851569433284684
2011-01-25 05:00:00,-0.11342972465730217,0.0,-0.0009441977076624086
2011-01-26 05:00:00,-0.10999784925951439,-0.0037362133935260333,-0.0009370135371402633
2011-01-27 05:00:00,-0.10780138329166267,-0.0004657011052571214,0.0
2011-01-28 05:00:00,-0.12338172522243629,-0.008840113099576441,-0.007641444509187689
2011-01-31 05:00:00,-0.11679266957548318,-0.007389158979722588,-0.0038786387652970378
2011-02-01 05:00:00,-0.10265357019498134,0.0,0.0
2011-02-02 05:00:00,-0.10436950789387534,-0.0010592939299124415,-0.00010704420072693566
2011-02-03 05:00:00,-0.10237928575428157,-0.0030400554370222377,-0.0019154035106735412
2011-02-04 05:00:00,-0.09983987867140431,-0.005391931316686582,-0.003811667703009336
2011-02-07 05:00:00,-0.0942116057570852,0.0,0.0
2011-02-08 05:00:00,-0.09009343742132436,-0.0009457962788220753,0.0
2011-02-09 05:00:00,-0.09215259004052512,0.0,0.0
2011-02-10 05:00:00,-0.0918091013149368,-0.0043908334137118255,-0.003824208270171159
2011-02-11 05:00:00,-0.08638714068019604,0.0,0.0
2011-02-14 05:00:00,-0.08419094851762576,0.0,0.0
2011-02-15 05:00:00,-0.08707336516684883,-0.00010077392440521749,-0.0018328624274788208
2011-02-16 05:00:00,-0.08130798425783992,0.0,0.0
2011-02-17 05:00:00,-0.07856240179802532,0.0,0.0
2011-02-18 05:00:00,-0.07664104168671804,0.0,0.0
2011-02-22 05:00:00,-0.09517252539236032,-0.006052123798959141,-0.0076889675272903135
2011-02-23 05:00:00,-0.10073200472971311,-0.008272170327609518,-0.008049119950044537
2011-02-24 05:00:00,-0.10134964099336075,-0.006156600677063029,-0.007444811792459705
2011-02-25 05:00:00,-0.0917408553485336,0.0,0.0
2011-02-28 05:00:00,-0.08611271933685516,0.0,0.0
2011-03-01 05:00:00,-0.10134964099336063,-0.008843937844456029,-0.0076197321382317496
2011-03-02 05:00:00,-0.09942807552809207,-0.013667024141723716,-0.010528481569468617
2011-03-03 05:00:00,-0.08391625336900332,-0.0073342927088586585,-0.00324003742191481
2011-03-04 05:00:00,-0.09077966190797704,-0.00848987775459753,-0.0047367128783817325
2011-03-07 05:00:00,-0.09791797094953403,-0.015693834213302837,-0.011790082679411173
2011-03-08 05:00:00,-0.09002484919831921,-0.012926300710548788,-0.009257448971949467
2011-03-09 05:00:00,-0.0913289153025808,-0.009944426323893363,-0.006829803878232732
2011-03-10 05:00:00,-0.1081445297606497,-0.01428973869994965,-0.014470048860979468
2011-03-11 05:00:00,-0.10196761951361033,-0.01242040110710052,-0.012609317487172311
2011-03-14 04:00:00,-0.10738985395363276,-0.01617111574315755,-0.016048224968526092
2011-03-15 04:00:00,-0.11761654966738899,-0.017042193989698196,-0.021986324995747042
2011-03-16 04:00:00,-0.13395177275914072,-0.023515777949221106,-0.028949348813795184
2011-03-17 04:00:00,-0.12248973606676872,-0.01875541848612383,-0.02045571124223955
2011-03-18 04:00:00,-0.11929805635213964,-0.015561439987903714,-0.016966430367133634
2011-03-21 04:00:00,-0.10564886307148547,-0.00872493849509648,-0.00909802587475328
2011-03-22 04:00:00,-0.10875094000775787,-0.009464797353805676,-0.009438199710419037
2011-03-23 04:00:00,-0.10620044381098148,-0.00827397141023778,-0.007922259539721477
2011-03-24 04:00:00,-0.09765265363180187,-0.005565924378786669,-0.004138206927689514
2011-03-25 04:00:00,-0.09489543444752535,-0.0047328455074276965,-0.002792602468665528
2011-03-28 04:00:00,-0.09710100444098546,-0.0056265312781885735,-0.005177143823312691
2011-03-29 04:00:00,-0.09103505378425669,-0.0046777051436937,-0.002897237125127128
2011-03-30 04:00:00,-0.08476176407814429,0.0,0.0
2011-03-31 04:00:00,-0.0860026496137094,-0.0016367892201850642,0.0
2011-04-01 04:00:00,-0.08214261120704258,0.0,0.0
2011-04-04 04:00:00,-0.08138403367476454,0.0,0.0
2011-04-05 04:00:00,-0.08152203153661897,-0.0016938108765602866,-0.0011961144812770996
2011-04-06 04:00:00,-0.0786268144904878,-0.005800658523281266,-0.0035158260695730137
2011-04-07 04:00:00,-0.08097038234580245,-0.008108303763127989,-0.005438614319024704
2011-04-08 04:00:00,-0.0841413897616815,-0.01226974174474682,-0.006722428029063421
2011-04-11 04:00:00,-0.08689874584859891,-0.013702359640139106,-0.010087436332262723
2011-04-12 04:00:00,-0.09372334248892611,-0.013871480973492334,-0.013346697454962198
2011-04-13 04:00:00,-0.09379234141985338,-0.011443651847768521,-0.010764552881773914
2011-04-14 04:00:00,-0.09310303662378427,-0.011295072567343079,-0.010284317420911071
2011-04-15 04:00:00,-0.08979430515133202,-0.003767034698634153,-0.0035802235681394734
2011-04-18 04:00:00,-0.0999962899384369,-0.009563753609814762,-0.010211195200746426
2011-04-19 04:00:00,-0.09482629861395708,-0.004443922488871377,-0.005489030617213397
2011-04-20 04:00:00,-0.0824871951537568,0.0,0.0
2011-04-21 04:00:00,-0.07779978563784595,0.0,0.0
2011-04-25 04:00:00,-0.07876447009574095,0.0,0.0
2011-04-26 04:00:00,-0.07083705423302356,0.0,0.0
2011-04-27 04:00:00,-0.06477096667365412,-0.0001744712114931657,0.0
2011-04-28 04:00:00,-0.061737888668309204,0.0,0.0
2011-04-29 04:00:00,-0.059531839515606366,0.0,0.0
2011-05-02 04:00:00,-0.060979790295273895,-0.0002822662570411971,-0.0014457762041717448
2011-05-03 04:00:00,-0.06435745224733314,-0.00017641399376377986,-0.002948708855145532
2011-05-04 04:00:00,-0.07056153766855722,-0.0023705528554738287,-0.0071767280379247955
2011-05-05 04:00:00,-0.07897126153456191,-0.003989294228420315,-0.016383518015866017
2011-05-06 04:00:00,-0.0749042263351134,-0.003103110390738406,-0.015384208044335268
2011-05-09 04:00:00,-0.07131970449291303,-0.001204843426900859,-0.009790929648246793
2011-05-10 04:00:00,-0.06339263088679759,0.0,-0.005944730565270007
2011-05-11 04:00:00,-0.07325010017850853,-0.004024210469078859,-0.013703729256261954
2011-05-12 04:00:00,-0.06883807032442357,-0.0036996498010299916,-0.012656195418305094
2011-05-13 04:00:00,-0.07600745626542593,-0.004707573981030055,-0.014375327085427436
2011-05-16 04:00:00,-0.08186688928861552,-0.0062750287030554075,-0.017766775718409233
2011-05-17 04:00:00,-0.0820046133451886,-0.0022907697403955485,-0.014595333020339996
2011-05-18 04:00:00,-0.0738014755640436,-0.0022300315813194027,-0.011240190047413279
2011-05-19 04:00:00,-0.07159576866794248,-0.000971505900985159,-0.010727516611831023
2011-05-20 04:00:00,-0.07897126153456191,-0.005523971888890866,-0.014368861496549812
2011-05-23 04:00:00,-0.08965623883815765,-0.010526316764736587,-0.02138077226967927
2011-05-24 04:00:00,-0.09041454256515413,-0.00953350664208974,-0.019445055967280633
2011-05-25 04:00:00,-0.0873815330111295,-0.009406151942636165,-0.017084529155269812
2011-05-26 04:00:00,-0.0831761576932244,-0.0032718469642551984,-0.011477265827168348
2011-05-27 04:00:00,-0.0796611823925143,-0.001144018392095214,-0.008764197183558031
2011-05-31 04:00:00,-0.07007902431130886,0.0,-0.0013339152301414803
2011-06-01 04:00:00,-0.09096626020729082,-0.00807082350524524,-0.011998174375339898
2011-06-02 04:00:00,-0.09193115001914687,-0.01626080845491007,-0.01741366021228241
2011-06-03 04:00:00,-0.10096152200689523,-0.019870733589889555,-0.021192307605541805
2011-06-06 04:00:00,-0.1104742019979309,-0.029064485484168845,-0.030764339786185757
2011-06-07 04:00:00,-0.11102564583478625,-0.027637926330910112,-0.0288787679511584
2011-06-08 04:00:00,-0.11474837089280199,-0.0270436198546139,-0.028239191123570095
2011-06-09 04:00:00,-0.10799270473208189,-0.024156983492488626,-0.024421606386875183
2011-06-10 04:00:00,-0.12040087557453016,-0.029305177007388328,-0.03133751961349629
2011-06-13 04:00:00,-0.11971170768110173,-0.0308073239435791,-0.03298773534882038
2011-06-14 04:00:00,-0.10854428547157813,-0.029286533607443377,-0.029334444750979682
2011-06-15 04:00:00,-0.12439911719701269,-0.032588605150224326,-0.03699613806088642
2011-06-16 04:00:00,-0.12246885841405808,-0.02955198519240876,-0.03480258746657838
2011-06-17 04:00:00,-0.11985025315351927,-0.029648488221662106,-0.03486992738811323
2011-06-20 04:00:00,-0.1153475252999514,-0.02618943968718912,-0.03207727175936048
2011-06-21 04:00:00,-0.1032239750475783,-0.019908952784606915,-0.025339079920533414
2011-06-22 04:00:00,-0.10862745382582073,-0.02320825281827832,-0.028245194594143208
2011-06-23 04:00:00,-0.1111907504195051,-0.021902594020924093,-0.02975207973510674
2011-06-24 04:00:00,-0.12151279882252886,-0.030364776060031518,-0.03889139082011661
2011-06-27 04:00:00,-0.11368477427698043,-0.03049950103058896,-0.037740929686850166
2011-06-28 04:00:00,-0.1021156112682382,-0.02602845034385659,-0.030825500083065505
2011-06-29 04:00:00,-0.09442585838982587,-0.023610613474601583,-0.026023054742602247
2011-06-30 04:00:00,-0.08576649255845259,-0.018630374896898227,-0.021931627513367302
2011-07-01 04:00:00,-0.07225789828982687,-0.010557823369685804,-0.013594732761079142
2011-07-05 04:00:00,-0.07301989838812306,-0.01015794014507565,-0.012090712380288249
2011-07-06 04:00:00,-0.07191139770614274,-0.007422317652863164,-0.009899407345980493
2011-07-07 04:00:00,-0.06228228201916741,-0.002422013352490593,-0.002528287484508396
2011-07-08 04:00:00,-0.06893267004916714,-0.0010233644530908137,-0.0026402732598288514
2011-07-11 04:00:00,-0.08576649255845292,-0.0058688396522608155,-0.009738786588256554
2011-07-12 04:00:00,-0.08971524387631191,-0.007089513730595853,-0.010426558648290007
2011-07-13 04:00:00,-0.08666703812916654,-0.003990467201397063,-0.006260608499134013
2011-07-14 04:00:00,-0.09297126783208376,-0.013801068502182878,-0.01518620791737224
2011-07-15 04:00:00,-0.08770619762361798,-0.0097086655552997,-0.010384424115973734
2011-07-18 04:00:00,-0.09518785848812261,-0.018412059572629924,-0.018676289511208477
2011-07-19 04:00:00,-0.08050142234998736,-0.000689939479487256,-0.0023197849120460967
2011-07-20 04:00:00,-0.08105587804493886,-0.005780030544288994,-0.0058947959113687665
2011-07-21 04:00:00,-0.0683088731666871,-0.0005684049517096224,-0.00040461592745599795
2011-07-22 04:00:00,-0.06768548699212884,0.0,0.0
2011-07-25 04:00:00,-0.07288107911042485,-0.007716496764967662,-0.007111089118187253
2011-07-26 04:00:00,-0.07634498972614312,-0.00722505249360661,-0.006519988358109519
2011-07-27 04:00:00,-0.09525719967565205,-0.019380212833054578,-0.01937061232999404
2011-07-28 04:00:00,-0.0978900428108267,-0.019616427790177138,-0.020295977999416293
2011-07-29 04:00:00,-0.10405552168736532,-0.015876700128678256,-0.019299748603727518
2011-08-01 04:00:00,-0.10786545372752532,-0.014414621307377251,-0.01883255599375333
2011-08-02 04:00:00,-0.1306572791613253,-0.017684556849144606,-0.025033973694968403
2011-08-03 04:00:00,-0.12594645929384973,-0.013717266472398681,-0.022737218932759262
2011-08-04 04:00:00,-0.16688856303018285,-0.0273994193655005,-0.0434734578687439
2011-08-05 04:00:00,-0.16813588298986237,-0.039498187118809924,-0.05221246561788817
2011-08-08 04:00:00,-0.2223091477933843,-0.06490033386569116,-0.08378910408572693
2011-08-09 04:00:00,-0.18614727356337613,-0.03767750982416018,-0.05650252159486502
2011-08-10 04:00:00,-0.2221014664873988,-0.05173261677048391,-0.07268581795843299
2011-08-11 04:00:00,-0.18718636460650717,-0.04533102793490318,-0.05973732867399062
2011-08-12 04:00:00,-0.18171347618941525,-0.03391237313870776,-0.05048373418944185
2011-08-15 04:00:00,-0.16439467607534808,-0.025560757788013366,-0.04015548120025825
2011-08-16 04:00:00,-0.17152976790484775,-0.02410059311231072,-0.04030615235241408
2011-08-17 04:00:00,-0.1709756544664982,-0.016874070369212513,-0.03405436697476871
2011-08-18 04:00:00,-0.20672189227925397,-0.034231819091344984,-0.055465536748313005
2011-08-19 04:00:00,-0.2196766469148116,-0.04057793083720396,-0.06074929838449883
2011-08-22 04:00:00,-0.21905312383761255,-0.04108429619318921,-0.06084713195768232
2011-08-23 04:00:00,-0.1933517750317254,-0.027439931074574986,-0.04522202419395405
2011-08-24 04:00:00,-0.18199070403689088,-0.030281224281099473,-0.04626953608351747
2011-08-25 04:00:00,-0.19446027571370583,-0.034953442627319586,-0.05147136107077188
2011-08-26 04:00:00,-0.18275277258650735,-0.0227291831638895,-0.03932320571417547
2011-08-29 04:00:00,-0.15926815133929972,-0.011284209707607018,-0.0264198410146832
2011-08-30 04:00:00,-0.1570514922319406,-0.003362085100165668,-0.018873388182275352
2011-08-31 04:00:00,-0.1533102853174264,-0.006869067824205155,-0.02064659902902033
2011-09-01 04:00:00,-0.16217794851666856,-0.004688858220339154,-0.021254592773404912
2011-09-02 04:00:00,-0.18358404542101237,-0.007013368358481542,-0.02724282140487455
2011-09-06 04:00:00,-0.1895413638323229,-0.007230227752070828,-0.02879341501058752
2011-09-07 04:00:00,-0.1666807448215567,0.0,-0.017035064725617666
2011-09-08 04:00:00,-0.1753401791042506,-0.002647831749670093,-0.02117546870109821
2011-09-09 04:00:00,-0.19695443647382238,-0.014077203128312066,-0.034982343795352366
2011-09-12 04:00:00,-0.19175850209892453,-0.009833160790455264,-0.03116084410384201
2011-09-13 04:00:00,-0.1843461824219491,-0.01002159196608099,-0.030264756001894266
2011-09-14 04:00:00,-0.17305424726068264,0.0,-0.020212807825360835
2011-09-15 04:00:00,-0.1587832421858386,0.0,-0.014155711889919598
2011-09-16 04:00:00,-0.15380464075309774,0.0,-0.008945286346919601
2011-09-19 04:00:00,-0.16223031377674735,0.0,-0.010873125852608245
2011-09-20 04:00:00,-0.1632048552247748,0.0,-0.010491791772595183
2011-09-21 04:00:00,-0.18785575006835054,-0.004441818721925506,-0.019621960448926834
2011-09-22 04:00:00,-0.21410772129524858,-0.008782499263905397,-0.031045184682411575
2011-09-23 04:00:00,-0.20937280656300494,-0.012573989554616416,-0.0346699376197378
2011-09-26 04:00:00,-0.19057128239852528,-0.004826303157848932,-0.02521857047900422
2011-09-27 04:00:00,-0.1815192113422216,-0.004242769122532297,-0.021508098745896542
2011-09-28 04:00:00,-0.19823112204993842,-0.0165776591166632,-0.03623248538985291
2011-09-29 04:00:00,-0.1918943779698481,-0.009191936323796668,-0.02852793577578827
2011-09-30 04:00:00,-0.21208806508789824,-0.014092003624613936,-0.039123819062638954
2011-10-03 04:00:00,-0.23451066409965282,-0.020073415955322638,-0.04808282007187081
2011-10-04 04:00:00,-0.2177290014964849,-0.012154489395647228,-0.03936884641199134
2011-10-05 04:00:00,-0.2032449074613466,-0.0040245829762500795,-0.029418955398906377
2011-10-06 04:00:00,-0.18883070222430032,-0.0005667940569601404,-0.022236639237515954
2011-10-07 04:00:00,-0.19426190378729036,-0.007535277020225162,-0.02877494625872412
2011-10-10 04:00:00,-0.16731337192436457,0.0,-0.011225365533715337
2011-10-11 04:00:00,-0.1664781289132785,-0.0007366336544655239,-0.010888823565451844
2011-10-12 04:00:00,-0.15916629577459807,-0.0012912741080453038,-0.009816846435472426
2011-10-13 04:00:00,-0.16083739785865325,0.0,-0.007821303425716852
2011-10-14 04:00:00,-0.14649253380913618,0.0,0.0
2011-10-17 04:00:00,-0.1627873021705526,-0.004539286232875028,-0.007703437252824741
2011-10-18 04:00:00,-0.1464230557189664,0.0,0.0
2011-10-19 04:00:00,-0.15652024153459332,-0.007236730710485695,-0.009157054466111703
2011-10-20 04:00:00,-0.15282955169450807,-0.007457717333444691,-0.008818508041903428
2011-10-21 04:00:00,-0.13674410747076593,-0.0003518831707326475,-0.00016026719500650266
2011-10-24 04:00:00,-0.126159411351504,0.0,0.0
2011-10-25 04:00:00,-0.1431504665436666,-0.0015001703672562483,-0.003715790228438598
2011-10-26 04:00:00,-0.13444599129217305,-0.0023917293505776316,-0.0034403006446387385
2011-10-27 04:00:00,-0.10429448524675777,0.0,0.0
2011-10-28 04:00:00,-0.10450333022518943,0.0,0.0
2011-10-31 04:00:00,-0.1260900017126544,0.0,-0.004094537008772381
2011-11-01 04:00:00,-0.1504619574257452,-0.0033430540403790454,-0.01194329190044885
2011-11-02 04:00:00,-0.13660467213118344,0.0,-0.005357563372828222
2011-11-03 04:00:00,-0.120867508225455,0.0,0.0
2011-11-04 04:00:00,-0.1262290947956345,-0.0031779714132477155,-0.002975720703131124
2011-11-07 05:00:00,-0.12079782478132406,0.0,0.0
2011-11-08 05:00:00,-0.10951718408791777,0.0,0.0
2011-11-09 05:00:00,-0.14238449626878913,-0.01384973664019662,-0.01813116763360556
2011-11-10 05:00:00,-0.13430689820919228,-0.014154337756287827,-0.017076984523064165
2011-11-11 05:00:00,-0.11801233520173715,-0.005426745909740904,-0.006823622307086663
2011-11-14 05:00:00,-0.12636853013521676,-0.004682023596180862,-0.008735765727466038
2011-11-15 05:00:00,-0.12205123690851583,-0.0022732434397447765,-0.005489884213234042
2011-11-16 05:00:00,-0.1359784110011697,-0.008130626639569316,-0.012483370848711539
2011-11-17 05:00:00,-0.14969591869954735,-0.014395894351526106,-0.021807517765924045
2011-11-18 05:00:00,-0.15060132431400675,-0.015124652182625486,-0.022649379916683476
2011-11-21 05:00:00,-0.1667565888845205,-0.02402032709113955,-0.0327747494274746
2011-11-22 05:00:00,-0.17002910960850004,-0.02196238976274323,-0.03117228771462144
2011-11-23 05:00:00,-0.18834284966406334,-0.031075793062560697,-0.042606241262676425
2011-11-25 05:00:00,-0.1898748586651381,-0.037801144317843205,-0.04864546059333352
2011-11-28 05:00:00,-0.1664081716638658,-0.021269164326335854,-0.031074093706336625
2011-11-29 05:00:00,-0.16404064584642353,-0.0228115186269493,-0.030549062098700674
2011-11-30 05:00:00,-0.12964125621315714,-0.004788869622623149,-0.010019714331373497
2011-12-01 05:00:00,-0.12978048619877836,-0.006881343205507595,-0.011962742985810237
2011-12-02 05:00:00,-0.13054659337629626,-0.0018378830700738202,-0.007468939030387034
2011-12-05 05:00:00,-0.12107635320388666,0.0,-0.0021207825810842795
2011-12-06 05:00:00,-0.12079782478132428,-0.003627315555768229,-0.004246320265888004
2011-12-07 05:00:00,-0.11752482489810234,0.0,-0.001812695945821785
2011-12-08 05:00:00,-0.13688326900506653,-0.008165740721166825,-0.01247899427475796
2011-12-09 05:00:00,-0.12225994498430726,-0.006240340376798548,-0.008168377563705254
2011-12-12 05:00:00,-0.13507293693539024,-0.010516603173002625,-0.014813155229694286
2011-12-13 05:00:00,-0.14315046654366648,-0.012371818564546833,-0.017176368405135256
2011-12-14 05:00:00,-0.15227242639806238,-0.011217643801240795,-0.021372428524565
2011-12-15 05:00:00,-0.14920861374987382,-0.010539848823291176,-0.020826402802485933
2011-12-16 05:00:00,-0.14794732972084002,-0.005044662293697599,-0.0157380121553905
2011-12-19 05:00:00,-0.1570570367888906,-0.006383913906462424,-0.018761468138467463
2011-12-20 05:00:00,-0.13154954212227532,0.0,-0.006029499465931454
2011-12-21 05:00:00,-0.129867898534884,-0.004401675157446272,-0.008313499654649559
2011-12-22 05:00:00,-0.12215918464073083,0.0,-0.0016822800318087028
2011-12-23 05:00:00,-0.11431076160171405,0.0,0.0
2011-12-27 05:00:00,-0.11360988853250342,0.0,0.0
2011-12-28 05:00:00,-0.12524257436654374,-0.0004786504989702234,-0.003507479308669348
2011-12-29 05:00:00,-0.11620289299922593,0.0,0.0
2011-12-30 05:00:00,-0.12054756675407241,-0.0016588071771280744,-0.002130310003262359
2012-01-03 05:00:00,-0.10653243271475044,0.0,0.0
2012-01-04 05:00:00,-0.10513075502764946,-0.0038140857748352186,-0.001865483767551912
2012-01-05 05:00:00,-0.10274823837104752,-0.002931996378668922,-0.0021659115518678496
2012-01-06 05:00:00,-0.10506052397295573,-0.001324956514998421,-0.0009095383419870373
2012-01-09 05:00:00,-0.10288828977251308,-0.0005774595803277327,0.0
2012-01-10 05:00:00,-0.09510982398290868,0.0,0.0
2012-01-11 05:00:00,-0.09461950717513867,0.0,0.0
2012-01-12 05:00:00,-0.09244699916941468,0.0,-0.00039180007358596836
2012-01-13 05:00:00,-0.09714234903848784,0.0,-0.0007325391181126628
2012-01-17 05:00:00,-0.09363832594903598,0.0,0.0
2012-01-18 05:00:00,-0.08361739490429476,0.0,0.0
2012-01-19 05:00:00,-0.07878226743903771,-0.002335633784939284,-0.0005237496022810761
2012-01-20 05:00:00,-0.07534833850163902,-0.0046240085243073326,-0.002408308385121183
2012-01-23 05:00:00,-0.07773099206088174,-0.008681356042240629,-0.004679045488350297
2012-01-24 05:00:00,-0.07878226743903771,-0.008643024680090594,-0.0046408852822071855
2012-01-25 05:00:00,-0.07107410115544743,-0.0046194446889910035,0.0
2012-01-26 05:00:00,-0.07583872376072931,-0.0024046206242589463,0.0
2012-01-27 05:00:00,-0.07625963092964971,-0.001423028174045493,0.0
2012-01-30 05:00:00,-0.07941304635619528,0.0,0.0
2012-01-31 05:00:00,-0.07976331176249973,0.0,0.0
2012-02-01 05:00:00,-0.07170453781600317,0.0,0.0
2012-02-02 05:00:00,-0.07023358739269336,0.0,0.0
2012-02-03 05:00:00,-0.05719881316362985,-0.0001837632195129668,0.0
2012-02-06 05:00:00,-0.057829728983428086,0.0,0.0
2012-02-07 05:00:00,-0.05544687007022431,-0.0034432716313004263,-0.0022733439379147846
2012-02-08 05:00:00,-0.05264399385526475,-0.0013602898637834482,0.0
2012-02-09 05:00:00,-0.05145273552696383,-0.0035935674875269275,-0.0009635865346570016
2012-02-10 05:00:00,-0.05846050790058588,-0.0028336104092123726,-0.0024384350527383303
2012-02-13 05:00:00,-0.05145273552696383,0.0,0.0
2012-02-14 05:00:00,-0.05264399385526497,0.0,0.0
2012-02-15 05:00:00,-0.05705869331084412,-0.0035094007671859773,-0.0029803019290141064
2012-02-16 05:00:00,-0.046617471159066004,-7.648216104827466e-05,0.0
2012-02-17 05:00:00,-0.04409462929571706,0.0,0.0
2012-02-21 05:00:00,-0.04367413283471877,-0.004161856685122589,-0.001486931601464403
2012-02-22 05:00:00,-0.04675745410921106,-0.0010788106105255046,0.0
2012-02-23 05:00:00,-0.04255303710979097,0.0,0.0
2012-02-24 05:00:00,-0.04045089706140137,0.0,0.0
2012-02-27 05:00:00,-0.03883880001550022,0.0,0.0
2012-02-28 05:00:00,-0.03603592380054044,0.0,0.0
2012-02-29 05:00:00,-0.03982011814424358,-0.004792844958456777,-0.004557259981779804
2012-03-01 05:00:00,-0.03484487082620058,-0.005446546670056618,-0.002712199301367124
2012-03-02 05:00:00,-0.03778814069922731,-0.0035298852726006746,-0.0027316115737942015
2012-03-05 05:00:00,-0.04171218109043473,-0.009132464833879972,-0.008020561388718095
2012-03-06 05:00:00,-0.055727178227116037,-0.013018616228542612,-0.01473747410009274
2012-03-07 05:00:00,-0.049140039217132836,-0.011304168928306768,-0.011979110850704244
2012-03-08 05:00:00,-0.0396800667427778,-0.009360444936702073,-0.008229903689254026
2012-03-09 05:00:00,-0.03596596655112794,-0.006273902858406233,-0.00506555001397857
2012-03-12 04:00:00,-0.03589587239907488,-0.0062992590932211545,-0.005209511557170976
2012-03-13 04:00:00,-0.018516972025727663,-0.0025450961976118958,0.0
2012-03-14 04:00:00,-0.01956852120916497,-0.013238433566585495,-0.008881442823378438
2012-03-15 04:00:00,-0.013891921662668505,-0.009206478664376405,-0.004915468591728422
2012-03-16 04:00:00,-0.012526523175360516,-0.007599286750414991,-0.002272211025460935
2012-03-19 04:00:00,-0.008655395654794784,-0.010002898173236074,-0.0036665338518244717
2012-03-20 04:00:00,-0.01154102951607483,-0.010149510284145458,-0.005426856880616726
2012-03-21 04:00:00,-0.013159834791371838,-0.0066446577080587765,-0.003268663707295061
2012-03-22 04:00:00,-0.020268641313851643,-0.009658649317010548,-0.007401642048437074
2012-03-23 04:00:00,-0.01710201478247575,-0.003994003210533892,-0.001699562735251292
2012-03-26 04:00:00,-0.0033066094815235036,0.0,0.0
2012-03-27 04:00:00,-0.00640307340952595,0.0,-0.00011632947224982093
2012-03-28 04:00:00,-0.011329857192750925,-0.0035395275880902854,-0.004474469367962253
2012-03-29 04:00:00,-0.013019509584624944,-0.0015703677809861816,-0.004633033842928125
2012-03-30 04:00:00,-0.008936799032812748,-0.0058456419766018675,-0.006093644855524882
2012-04-02 04:00:00,-0.0016879411088672747,0.0,0.0
2012-04-03 04:00:00,-0.005769624890873848,-0.009384663990094966,-0.008097442430023638
2012-04-04 04:00:00,-0.015623534713925746,-0.009828829132699779,-0.01144267350474737
2012-04-05 04:00:00,-0.016116178866588227,-0.007264495893611889,-0.009216404228522213
2012-04-09 04:00:00,-0.027166001707725873,-0.004669330156268359,-0.009391765177574896
2012-04-10 04:00:00,-0.04349513263196514,-0.010179692745283075,-0.017316608686322454
2012-04-11 04:00:00,-0.035753082944794734,-0.010115840005903709,-0.015831963677117922
2012-04-12 04:00:00,-0.023154891237015196,-0.004002017797711144,-0.008055758896296172
2012-04-13 04:00:00,-0.03476738393154799,-0.0046614807644552725,-0.011321910202503171
2012-04-16 04:00:00,-0.03540076399887937,-0.005632547892451711,-0.013119470236454212
2012-04-17 04:00:00,-0.02111333060714793,0.0,-0.004069437207310456
2012-04-18 04:00:00,-0.02442110376111517,-0.00086108725417533,-0.006171332168003141
2012-04-19 04:00:00,-0.03068535789293947,-0.004334428359813791,-0.00968410101077355
2012-04-20 04:00:00,-0.029066484166322182,-0.0032685541212444935,-0.008250860979664765
2012-04-23 04:00:00,-0.03723101540278162,-0.005402732044031411,-0.011271300952209518
2012-04-24 04:00:00,-0.03357133401082124,-0.005934707933989092,-0.011104174763177044
2012-04-25 04:00:00,-0.02033914617382704,0.0,-0.003935068648547202
2012-04-26 04:00:00,-0.013512016834646423,0.0,0.0
2012-04-27 04:00:00,-0.011893074656708857,0.0,0.0
2012-04-30 04:00:00,-0.015552756048669125,-0.0021198815795673287,-0.0017567845586696773
2012-05-01 04:00:00,-0.009429580088115674,-0.00046632397743806564,0.0
2012-05-02 04:00:00,-0.012385718809371227,0.0,-0.0009800899625824755
2012-05-03 04:00:00,-0.019916733075858506,-0.004677610811385846,-0.006732058781067307
2012-05-04 04:00:00,-0.035753082944794845,-0.0112022160538654,-0.01577795723888975
2012-05-07 04:00:00,-0.03504919801748807,-0.010702206574188189,-0.015513695017111861
2012-05-08 04:00:00,-0.03892018863541313,-0.010973610474906415,-0.01667088567653363
2012-05-09 04:00:00,-0.04462129375459989,-0.014227404906558272,-0.020734688494268516
2012-05-10 04:00:00,-0.042650374887348685,-0.014168044096492638,-0.02035098389642498
2012-05-11 04:00:00,-0.0455361456512694,-0.012690658371174668,-0.020421751437751268
2012-05-14 04:00:00,-0.05609339279106529,-0.013723755671882332,-0.02410080424123029
2012-05-15 04:00:00,-0.06151336833751564,-0.015526539829805008,-0.02609391126726257
2012-05-16 04:00:00,-0.06510254486950062,-0.016652585641563245,-0.02759883425602694
2012-05-17 04:00:00,-0.07896838657910787,-0.018439719253414588,-0.03130898527566328
2012-05-18 04:00:00,-0.08685096682698645,-0.023385341732015896,-0.03628683320425308
2012-05-21 04:00:00,-0.07115521597007879,-0.014131233812949118,-0.025669231725038544
2012-05-22 04:00:00,-0.06953695830534479,-0.017491584355293077,-0.029296236370054962
2012-05-23 04:00:00,-0.06904410879872136,-0.014453518634195306,-0.02804074978449378
2012-05-24 04:00:00,-0.06721413120010056,-0.014792530207166865,-0.027967465839719652
2012-05-25 04:00:00,-0.07024063787869039,-0.015236027812796649,-0.028431716011996566
2012-05-29 04:00:00,-0.05897943736026756,-0.009292351037771707,-0.022678805860552376
2012-05-30 04:00:00,-0.07263369603862868,-0.007867238821674505,-0.025560025382807217
2012-05-31 04:00:00,-0.07467477750925322,-0.004583892378503762,-0.024305141713609757
2012-06-01 04:00:00,-0.0979712945280995,-0.01016806139278914,-0.03410515209036846
2012-06-04 04:00:00,-0.0983938445287087,-0.013575020219251832,-0.0361194152958183
2012-06-05 04:00:00,-0.09156671518952808,-0.014370993888059735,-0.03595689391917045
2012-06-06 04:00:00,-0.07115521597007857,-0.008962346422545231,-0.026949791675975443
2012-06-07 04:00:00,-0.07059254611668353,-0.007999953191717979,-0.02680833131217064
2012-06-08 04:00:00,-0.06320206241090431,-0.003361765548230089,-0.021924157297845248
2012-06-11 04:00:00,-0.07509719060722153,-0.009140153541083329,-0.02982976420779515
2012-06-12 04:00:00,-0.06446937015613008,-0.005932393794819357,-0.02533026575328623
2012-06-13 04:00:00,-0.07045160484805335,-0.0058220461764576514,-0.026930727749153727
2012-06-14 04:00:00,-0.06059824263556435,-4.46199157089211e-06,-0.01996631327126197
2012-06-15 04:00:00,-0.05099089446846494,0.0,-0.012472869935370667
2012-06-18 04:00:00,-0.049151470587633805,0.0,-0.009651060190172034
2012-06-19 04:00:00,-0.03995414582951695,0.0,-0.0069485927056598396
2012-06-20 04:00:00,-0.04151038659800077,0.0,-0.008064535165661968
2012-06-21 04:00:00,-0.0630177230051635,-0.011336832055370394,-0.02196743208543872
2012-06-22 04:00:00,-0.055801311007070864,-0.012042629108072522,-0.020389241505150313
2012-06-25 04:00:00,-0.07094151094790146,-0.015794871543290845,-0.024531752679838648
2012-06-26 04:00:00,-0.06627224103188711,-0.014378779443269818,-0.022070715266012564
2012-06-27 04:00:00,-0.05785300243235192,-0.008422443884031905,-0.015763826592881558
2012-06-28 04:00:00,-0.060541564942303006,-0.00914854207068283,-0.017790771959926954
2012-06-29 04:00:00,-0.03712395753773223,0.0,-0.002675464381189596
2012-07-02 04:00:00,-0.034223743545214624,0.0,0.0
2012-07-03 04:00:00,-0.027856059468319594,0.0,0.0
2012-07-05 04:00:00,-0.03224248852858835,-0.0006635282735033554,-0.0007959481876598229
2012-07-06 04:00:00,-0.04143953948142376,-0.002646759402370802,-0.006005877867887532
2012-07-09 04:00:00,-0.0426424345341867,0.0,-0.0023611275144254096
2012-07-10 04:00:00,-0.050990894468465164,-0.004420864420731974,-0.008260206099666045
2012-07-11 04:00:00,-0.05084913178399064,-0.003835469089085608,-0.006695728489786279
2012-07-12 04:00:00,-0.05544789684002971,-0.00391160236954069,-0.007248141452239398
2012-07-13 04:00:00,-0.03960032095455379,0.0,0.0
2012-07-16 04:00:00,-0.041864074570323595,0.0,0.0
2012-07-17 04:00:00,-0.035284602108221264,0.0,0.0
2012-07-18 04:00:00,-0.028139242580666912,0.0,0.0
2012-07-19 04:00:00,-0.02559237430387018,0.0,0.0
2012-07-20 04:00:00,-0.034506447498319326,-0.0006013514854478208,-0.0018232432066160875
2012-07-23 04:00:00,-0.04426952241924775,-0.004421132681336815,-0.008293955112088192
2012-07-24 04:00:00,-0.05247635657169225,-0.006414269517622584,-0.01164694378258746
2012-07-25 04:00:00,-0.05226408902724233,-0.0052556204783938965,-0.010014201088856423
2012-07-26 04:00:00,-0.03662884913753672,0.0,-0.0027512309743007446
2012-07-27 04:00:00,-0.018871070705972826,0.0,0.0
2012-07-30 04:00:00,-0.018871070705972826,0.0,0.0
2012-07-31 04:00:00,-0.025733520926461417,-0.00339351317566694,-0.004790825259086029
2012-08-01 04:00:00,-0.026582591104260866,-0.005907457963805207,-0.006657653718629697
2012-08-02 04:00:00,-0.03330368934819694,-0.007771762857504139,-0.00992080729066025
2012-08-03 04:00:00,-0.01413109057602191,-0.0023693979979397817,-0.001249297125662352
2012-08-06 04:00:00,-0.01222095648125432,-0.0010531132144879773,0.0
2012-08-07 04:00:00,-0.007268571904213039,-0.0031887613368699608,-9.26982570974566e-05
2012-08-08 04:00:00,-0.006065882205411155,-0.004587384217918156,-0.0006764032391152197
2012-08-09 04:00:00,-0.005216948930252374,-0.004363430568756432,0.0
2012-08-10 04:00:00,-0.003589587239909986,-0.0013801862252601493,0.0
2012-08-13 04:00:00,-0.004084900994066554,-0.0023453740910541754,-0.0015837649407736132
2012-08-14 04:00:00,-0.003943343663553089,-0.0076661973114217075,-0.005448503786565695
2012-08-15 04:00:00,-0.0028117748866097747,-0.012569198135010895,-0.008107750634867461
2012-08-16 04:00:00,0.0,-0.01156322392161524,-0.005863691689292239
2012-08-17 04:00:00,0.0,-0.008841962511026313,-0.003470524817469234
2012-08-20 04:00:00,0.0,-0.007984926362806455,-0.0023551492774027682
2012-08-21 04:00:00,-0.003023950243906337,-0.008026232624539942,-0.0019248543738935586
2012-08-22 04:00:00,-0.0026023391792969752,-0.001225837696708365,0.0
2012-08-23 04:00:00,-0.010760200269338549,-0.004457256900565643,-0.004139695573136648
2012-08-24 04:00:00,-0.004782046608708512,-0.0012300967196526846,-0.0012676960322316466
2012-08-27 04:00:00,-0.0045713771677740045,0.0,0.0
2012-08-28 04:00:00,-0.0055561343219100445,0.0,0.0
2012-08-29 04:00:00,-0.004782046608708512,-0.00128111726747282,-0.0006680788072135346
2012-08-30 04:00:00,-0.011955831001464357,-0.0035279615736585335,-0.0033294182699161734
2012-08-31 04:00:00,-0.00724359926562379,0.0,0.0
2012-09-04 04:00:00,-0.008158133272781698,-0.0009546132895192905,-0.0008194030144741404
2012-09-05 04:00:00,-0.009001899767481114,-0.0033476241509926563,-0.003227623037795335
2012-09-06 04:00:00,0.0,0.0,0.0
2012-09-07 04:00:00,0.0,0.0,0.0
2012-09-10 04:00:00,-0.0056817667615839396,-0.0024415529813971437,-0.002545356746345706
2012-09-11 04:00:00,-0.002910199380030676,-0.0032762604008143015,-0.0025479781964814485
2012-09-12 04:00:00,0.0,-0.00625123439845876,-0.0037671042243675457
2012-09-13 04:00:00,0.0,0.0,0.0
2012-09-14 04:00:00,0.0,-0.007970719219334121,-0.004259246761347701
2012-09-17 04:00:00,-0.003395924561966246,-0.005228899247593288,-0.00544882173032446
2012-09-18 04:00:00,-0.004210291966452506,-0.0037223914066119024,-0.005163512216073141
2012-09-19 04:00:00,-0.0036672489396892827,-0.0007800480210509164,-0.0043344406347087805
2012-09-20 04:00:00,-0.003599434273230062,0.0,-0.002990516524682074
2012-09-21 04:00:00,-0.004015916207356973,0.0,-0.0022294533338627076
2012-09-24 04:00:00,-0.005518089923693403,0.0,-0.001838478843481095
2012-09-25 04:00:00,-0.016101186316393346,-0.0024340777210098974,-0.005148315566632311
2012-09-26 04:00:00,-0.021631564362788236,-0.0015085203086737664,-0.005996419100930073
2012-09-27 04:00:00,-0.012414355234644958,0.0,-0.0012647431933844322
2012-09-28 04:00:00,-0.016988493914455005,-0.0025534301579310803,-0.0032757405653488503
2012-10-01 04:00:00,-0.01439412293918485,0.0,-0.00044876584596786895
2012-10-02 04:00:00,-0.013370200329913207,0.0,-0.0007574563859658046
2012-10-03 04:00:00,-0.009341601728538262,0.0,0.0
2012-10-04 04:00:00,-0.002240315332942111,-0.0006873704808437742,0.0
2012-10-05 04:00:00,-0.002171843547621899,-0.0058241577155245805,-0.004367777451859789
2012-10-08 04:00:00,-0.005586036013924933,-0.0045170636984604995,-0.004176112796833054
2012-10-09 04:00:00,-0.015418242684115069,-0.01114020097935231,-0.009887293537810593
2012-10-10 04:00:00,-0.02170003614810867,-0.012136121669801936,-0.011755411742773392
2012-10-11 04:00:00,-0.021153970374584774,-0.009070425326322629,-0.008233021004834251
2012-10-12 04:00:00,-0.024362813196812882,-0.010025776051655111,-0.010808143397375236
2012-10-15 04:00:00,-0.016237407056286957,-0.0059732010913667866,-0.007020442752104894
2012-10-16 04:00:00,-0.006269111069975519,-0.005426604273387925,-0.005031770461059626
2012-10-17 04:00:00,-0.0017623927853080978,-0.006406068332955428,-0.00505479401640585
2012-10-18 04:00:00,-0.004356829472464296,-0.010388762711489918,-0.008468762575435496
2012-10-19 04:00:00,-0.02094881786616798,-0.01491176011436346,-0.015845784333207824
2012-10-22 04:00:00,-0.020812202854957773,-0.017353883602255205,-0.01811197107505036
2012-10-23 04:00:00,-0.034399778104102774,-0.019913633913312134,-0.023271905977743867
2012-10-24 04:00:00,-0.03713102693812742,-0.025443368430337454,-0.02810324045147594
2012-10-25 04:00:00,-0.034331700590099046,-0.025732996264193342,-0.027648187608910413
2012-10-26 04:00:00,-0.034877832075508985,-0.020323992557798598,-0.02346990222895251
2012-10-31 04:00:00,-0.034877832075508985,-0.01802358943368454,-0.021820962038418545
2012-11-01 04:00:00,-0.024772658230443056,-0.015070335775475008,-0.01790082208017041
2012-11-02 04:00:00,-0.033444064432606946,-0.020614541958948962,-0.025028730186460235
2012-11-05 05:00:00,-0.03146403388052266,-0.01720019453387356,-0.021353658814811327
2012-11-06 05:00:00,-0.02388489064917887,-0.016294593829068393,-0.01777653642753374
2012-11-07 05:00:00,-0.0460070599536192,-0.02253099999869357,-0.02761919352679887
2012-11-08 05:00:00,-0.05747818677512817,-0.023781450877534804,-0.030163720042518993
2012-11-09 05:00:00,-0.056659088114842326,-0.022837672914425844,-0.028554808185771385
2012-11-12 05:00:00,-0.055907672697243616,-0.021719263983077886,-0.028062420566750124
2012-11-13 05:00:00,-0.05918511872856447,-0.022454421879621322,-0.02929323450633714
2012-11-14 05:00:00,-0.07188479497267286,-0.030000963137669534,-0.03659581095497866
2012-11-15 05:00:00,-0.07345563760998775,-0.0317516683961363,-0.038529853603978315
2012-11-16 05:00:00,-0.06888077609943044,-0.029219779019022174,-0.035510900558672676
2012-11-19 05:00:00,-0.05003565855499437,-0.019613024661656375,-0.02360134981043649
2012-11-20 05:00:00,-0.04962620779268068,-0.023291568188200218,-0.026947754099813648
2012-11-21 05:00:00,-0.047850935477696144,-0.022416803551965847,-0.025602082759334177
2012-11-23 05:00:00,-0.03487783207550921,-0.014802374401027163,-0.017569928920082023
2012-11-26 05:00:00,-0.036925808717825026,-0.014185020032104423,-0.017560965559811237
2012-11-27 05:00:00,-0.0418423063242368,-0.0156560439782798,-0.019553006010177065
2012-11-28 05:00:00,-0.03412641665791072,-0.011465985178024662,-0.015553958796271083
2012-11-29 05:00:00,-0.0296202240683322,-0.008635311967315373,-0.012080163824728873
2012-11-30 05:00:00,-0.02941572867877662,-0.009587550231235142,-0.012690267872476735
2012-12-03 05:00:00,-0.034195217002661704,-0.012148049538785233,-0.01508796028458037
2012-12-04 05:00:00,-0.03556038143647133,-0.01070364866993101,-0.015090786845696202
2012-12-05 05:00:00,-0.03385351519492119,-0.009842692140433984,-0.014292284704918723
2012-12-06 05:00:00,-0.03057639772303078,-0.0069741907601511555,-0.012532630037359715
2012-12-07 05:00:00,-0.027640062092475604,-0.008838084902050514,-0.013581242735670296
2012-12-10 05:00:00,-0.027230677042047846,-0.006835188154359129,-0.01223833906951477
2012-12-11 05:00:00,-0.020607378905971974,-0.005797660807417282,-0.010634890464691127
2012-12-12 05:00:00,-0.020129719205882468,-0.010123942460203206,-0.01332373524377617
2012-12-13 05:00:00,-0.02613801979991115,-0.013475181280368065,-0.01762930117375794
2012-12-14 05:00:00,-0.029756839079542075,-0.012715407765787501,-0.016999490585879795
2012-12-17 05:00:00,-0.01835418404335354,-0.011664462230424721,-0.014553166764903147
2012-12-18 05:00:00,-0.007429582978571214,-0.009091326169026193,-0.01073334986401675
2012-12-19 05:00:00,-0.01480403368470129,-0.012192872687809886,-0.013799721256682163
2012-12-20 05:00:00,-0.009136974915210372,-0.008718572892754906,-0.010810148518296092
2012-12-21 05:00:00,-0.018130895054372376,-0.009788930309849397,-0.01313742359652681
2012-12-24 05:00:00,-0.02115640171437061,-0.01233256500986879,-0.015817572972106286
2012-12-26 05:00:00,-0.02528225390717953,-0.013409406899934528,-0.016239980386244857
2012-12-27 05:00:00,-0.026589066186128774,-0.012878740680344336,-0.01604096290043866
2012-12-28 05:00:00,-0.037109342015713365,-0.01702553816108343,-0.021020310840675682
2012-12-31 05:00:00,-0.02074386249340987,-0.01379358612546644,-0.015578872778146291
2013-01-02 05:00:00,0.0,-0.003901016078235453,-0.004033887819561821
2013-01-03 05:00:00,-0.0022594551136937424,-0.010650110070443586,-0.010254211385675949
2013-01-04 05:00:00,0.0,-0.006499471744184304,-0.006917520881016825
2013-01-07 05:00:00,-0.0027325809714979776,-0.007960609850332423,-0.008239606610026984
2013-01-08 05:00:00,-0.005602398173752743,-0.007060437733838243,-0.007741044547364573
2013-01-09 05:00:00,-0.0030744963570702444,-0.00591233536383684,-0.0066457248268284586
2013-01-10 05:00:00,0.0,-0.0022722604654425993,-0.002373375314168147
2013-01-11 05:00:00,-6.809194543755392e-05,0.0,-0.0001755521188979703
2013-01-14 05:00:00,-0.0007478418816663224,-0.0015091750382117963,-0.0007568781404314606
2013-01-15 05:00:00,-6.809194543755392e-05,0.0,0.0
2013-01-16 05:00:00,-0.0002040809166214963,0.0,0.0
2013-01-17 05:00:00,0.0,-0.00011341281017318572,0.0
2013-01-18 05:00:00,0.0,0.0,0.0
2013-01-22 05:00:00,0.0,0.0,0.0
2013-01-23 05:00:00,0.0,0.0,0.0
2013-01-24 05:00:00,0.0,-0.0012384868765231705,-0.0009599123782153551
2013-01-25 05:00:00,0.0,-0.0033441786812096197,-0.0019106537554445246
2013-01-28 05:00:00,-0.0011977608639144322,-0.005512970230875269,-0.0037545449740109538
2013-01-29 05:00:00,0.0,-0.005365814577262373,-0.0024872368787396404
2013-01-30 05:00:00,-0.0039158104868238786,-0.008382992260887567,-0.00420904166944136
2013-01-31 05:00:00,-0.006372048363097793,-0.007913587318493787,-0.00425879371246618
2013-02-01 05:00:00,0.0,-0.006942962397364805,-0.0016068802460447174
2013-02-04 05:00:00,-0.011240615917789354,-0.008552161293990723,-0.004852986063985876
2013-02-05 05:00:00,-0.0012565817791030387,-0.006070027139215561,-0.0010927965461566824
2013-02-06 05:00:00,-0.0005291203207224981,-0.002379193426638171,0.0
2013-02-07 05:00:00,-0.0018516683781673038,-0.004058687099753877,-0.0018463862076019133
2013-02-08 05:00:00,0.0,0.0,0.0
2013-02-11 05:00:00,-0.00019748352976645123,-0.00042567637407497916,-0.0006991403066349822
2013-02-12 05:00:00,0.0,-0.0004284959883825712,-0.00027871299365622715
2013-02-13 05:00:00,0.0,-0.0031696118923720817,-0.0021715941941758965
2013-02-14 05:00:00,0.0,0.0,0.0
2013-02-15 05:00:00,-0.0011819669345440875,-0.0018733567321218558,-0.002003806245829187
2013-02-19 05:00:00,0.0,0.0,0.0
2013-02-20 05:00:00,-0.012462741478867057,-0.0062700159845340275,-0.00770506861403375
2013-02-21 05:00:00,-0.018466258433832428,-0.00757002753493996,-0.01072082097454774
2013-02-22 05:00:00,-0.008874075552174121,-0.0014791404100268357,-0.004716977319089044
2013-02-25 05:00:00,-0.027732437050247194,-0.005029043555492052,-0.010680200402894191
2013-02-26 05:00:00,-0.021076537420649966,-0.0032435133407967554,-0.008512831073238192
2013-02-27 05:00:00,-0.008743686317548516,0.0,-0.0025104190858065145
2013-02-28 05:00:00,-0.010701083770873865,-0.0004408408007138265,-0.00357493429469824
2013-03-01 05:00:00,-0.00743848446678208,0.0,-0.0006732462270413464
2013-03-04 05:00:00,-0.0021535113428031716,0.0,0.0
2013-03-05 05:00:00,0.0,0.0,0.0
2013-03-06 05:00:00,0.0,-0.00281267484960368,-0.0024590381476677914
2013-03-07 05:00:00,0.0,-0.004800454188050418,-0.0030127687339461806
2013-03-08 05:00:00,0.0,-0.006407868840970887,-0.0032886717534200693
2013-03-11 04:00:00,0.0,-0.0037642173092488074,-0.0006589737970846832
2013-03-12 04:00:00,-0.0022429629502601633,-0.0022254741076899176,0.0
2013-03-13 04:00:00,-0.0008332562650399389,-0.0017937244290907595,0.0
2013-03-14 04:00:00,0.0,0.0,0.0
2013-03-15 04:00:00,-0.0013204878287020883,0.0,0.0
2013-03-18 04:00:00,-0.006831391990016145,-0.00027034758788346824,-0.001614427272425556
2013-03-19 04:00:00,-0.00913848062013245,0.0,-0.0017105302095931085
2013-03-20 04:00:00,-0.0022172757025787915,-0.0002711783082477437,-0.00016614206103193752
2013-03-21 04:00:00,-0.01074084568169631,-0.001538095510605575,-0.00283819972348609
2013-03-22 04:00:00,-0.0027940783465055796,0.0,0.0
2013-03-25 04:00:00,-0.006959800697004415,-0.0028816589720540575,-0.002714199519889826
2013-03-26 04:00:00,0.0,0.0,0.0
2013-03-27 04:00:00,0.0,0.0,0.0
2013-03-28 04:00:00,0.0,-0.00018350677953393735,-0.0006196942190541677
2013-04-01 04:00:00,-0.003957516062037758,0.0,-0.0007347916280006084
2013-04-02 04:00:00,0.0,0.0,0.0
2013-04-03 04:00:00,-0.010138950247785994,-0.002487254902835634,-0.0050787186964305064
2013-04-04 04:00:00,-0.006121518159799999,0.0,0.0
2013-04-05 04:00:00,-0.01058473839309737,0.0,0.0
2013-04-08 04:00:00,-0.0038897260392813937,0.0,0.0
2013-04-09 04:00:00,-0.00044633415692085787,0.0,0.0
2013-04-10 04:00:00,0.0,0.0,0.0
2013-04-11 04:00:00,0.0,0.0,0.0
2013-04-12 04:00:00,-0.0024492795865617145,0.0,0.0
2013-04-15 04:00:00,-0.025566828451876855,-0.010427643655879337,-0.014287032265879018
2013-04-16 04:00:00,-0.011181031237428862,-0.004912380063749611,-0.006945468338626859
2013-04-17 04:00:00,-0.025629342395743326,-0.010993103483355804,-0.015130213842780682
2013-04-18 04:00:00,-0.03172247968550812,-0.013737483953419893,-0.017061724212536045
2013-04-19 04:00:00,-0.023305389520738462,-0.009426576643145612,-0.012786438720935878
2013-04-22 04:00:00,-0.01897053160817952,-0.006498507792775277,-0.009633669162793956
2013-04-23 04:00:00,-0.00885695883289439,-0.001743268125327213,-0.005160941319947043
2013-04-24 04:00:00,-0.008228831155993266,-0.0003532334806940485,-0.002941436840096623
2013-04-25 04:00:00,-0.004208276140943545,0.0,-0.0004997118154632663
2013-04-26 04:00:00,-0.005967153165796102,0.0,0.0
2013-04-29 04:00:00,0.0,0.0,0.0
2013-04-30 04:00:00,0.0,0.0,0.0
2013-05-01 04:00:00,-0.008767277252422545,-0.00115116967020501,-0.003967583486019
2013-05-02 04:00:00,0.0,0.0,0.0
2013-05-03 04:00:00,0.0,-0.0033460935751078447,0.0
2013-05-06 04:00:00,0.0,-0.002815868362136986,0.0
2013-05-07 04:00:00,0.0,-0.0013376937250020315,0.0
2013-05-08 04:00:00,0.0,0.0,0.0
2013-05-09 04:00:00,-0.002816091210880778,-0.0027202120805215335,-0.0025003411142958676
2013-05-10 04:00:00,0.0,-0.0050602417832958935,-0.004221111673763267
2013-05-13 04:00:00,0.0,-0.007634917878067582,-0.006488429709602506
2013-05-14 04:00:00,0.0,-0.005793777118902499,-0.00390682431162559
2013-05-15 04:00:00,0.0,0.0,0.0
2013-05-16 04:00:00,-0.0046948932211895444,0.0,0.0
2013-05-17 04:00:00,0.0,0.0,0.0
2013-05-20 04:00:00,-5.961179159996721e-05,-0.0005141625905866753,0.0
2013-05-21 04:00:00,0.0,0.0,0.0
2013-05-22 04:00:00,-0.00741811272931614,-0.010391118021270684,-0.00936405920259642
2013-05-23 04:00:00,-0.01028851668819264,-0.010232864672694797,-0.009219159897942641
2013-05-24 04:00:00,-0.01112659997589216,-0.01019266713777267,-0.009692987440504064
2013-05-28 04:00:00,-0.005204471037182357,-0.01666952543148781,-0.012752846294051712
2013-05-29 04:00:00,-0.011664530387092586,-0.016078524533628125,-0.013906661961908262
2013-05-30 04:00:00,-0.008015914362753396,-0.014856329550141267,-0.012441941542380541
2013-05-31 04:00:00,-0.022253086128167898,-0.024677837741017505,-0.02312200242983764
2013-06-03 04:00:00,-0.016869570542356938,-0.01938876648230692,-0.017133248619231822
2013-06-04 04:00:00,-0.021594957978028018,-0.025838947977743,-0.022315197160702183
2013-06-05 04:00:00,-0.035293402566927146,-0.0286426002340755,-0.02692522513423745
2013-06-06 04:00:00,-0.026559830302646414,-0.023602553757191558,-0.021445131071210932
2013-06-07 04:00:00,-0.014177300543177451,-0.023133001802510544,-0.019001467282622198
2013-06-10 04:00:00,-0.014177300543177451,-0.024997891808938633,-0.020778776125314757
2013-06-11 04:00:00,-0.024346757728594848,-0.026391961412011056,-0.02420302128283136
2013-06-12 04:00:00,-0.03242220184273581,-0.03679762845973178,-0.033123673947185406
2013-06-13 04:00:00,-0.017706629417508668,-0.021971215310938152,-0.019124003046036675
2013-06-14 04:00:00,-0.023867787950700214,-0.026577842420028253,-0.023099911575964915
2013-06-17 04:00:00,-0.016331184836690937,-0.024120913358911533,-0.019896377331716675
2013-06-18 04:00:00,-0.008554072421186443,-0.01928479061875754,-0.01490534299101498
2013-06-19 04:00:00,-0.022253086128167898,-0.0314671780699467,-0.02597541531639369
2013-06-20 04:00:00,-0.04647987376505658,-0.05222446250760493,-0.04841880082337635
2013-06-21 04:00:00,-0.043418815248676745,-0.05682782740677117,-0.05202192943378603
2013-06-24 04:00:00,-0.05550597272353619,-0.06241246815456458,-0.05843858716825401
2013-06-25 04:00:00,-0.046425807547257,-0.06034650471882175,-0.05545037906834782
2013-06-26 04:00:00,-0.03698436621246115,-0.05232537871326415,-0.04826129488268649
2013-06-27 04:00:00,-0.03133177159743361,-0.04511261318913917,-0.04202822829349251
2013-06-28 04:00:00,-0.03530057345476201,-0.04484833055116766,-0.042911141692938415
2013-07-01 04:00:00,-0.02964809266335089,-0.040720640335364267,-0.03835853920357024
2013-07-02 04:00:00,-0.030549917176245667,-0.041499127724233364,-0.03869765847731921
2013-07-03 04:00:00,-0.030128883619108593,-0.04239572261725988,-0.03843863351955035
2013-07-05 04:00:00,-0.01966530620886231,-0.049254036465375295,-0.04227272387555292
2013-07-08 04:00:00,-0.014072696639688131,-0.042313312603872166,-0.035722302769979675
2013-07-09 04:00:00,-0.006976477097607403,-0.037784837485791756,-0.030660945606054257
2013-07-10 04:00:00,-0.006615883880789153,-0.04058554403154202,-0.03242424118547771
2013-07-11 04:00:00,0.0,-0.02824299919766582,-0.020626589148693197
2013-07-12 04:00:00,0.0,-0.028323629323711574,-0.020250312290982397
2013-07-15 04:00:00,0.0,-0.024039569958753337,-0.0167112750138112
2013-07-16 04:00:00,-0.0037467142379868923,-0.02489978868267473,-0.017800830191607386
2013-07-17 04:00:00,-0.0011894706129730315,-0.022680287267331845,-0.015821116162288984
2013-07-18 04:00:00,0.0,-0.02435206930778755,-0.015860338052485212
2013-07-19 04:00:00,0.0,-0.017140395824526644,-0.01006712233005691
2013-07-22 04:00:00,0.0,-0.015413673640878423,-0.008548561036574864
2013-07-23 04:00:00,-0.0021243739188434585,-0.018325380397254842,-0.010912183251270191
2013-07-24 04:00:00,-0.0057819508394593155,-0.02546036917753902,-0.01763890121363343
2013-07-25 04:00:00,-0.003362773138774866,-0.024182608661386884,-0.01642751929013264
2013-07-26 04:00:00,-0.0023008095155515607,-0.021161859245407255,-0.014591784663457785
2013-07-29 04:00:00,-0.005368778872485103,-0.02582806003858673,-0.018607575725676395
2013-07-30 04:00:00,-0.005368778872485103,-0.02597329072919874,-0.01905911588623943
2013-07-31 04:00:00,-0.004660803123669455,-0.02414141095523159,-0.01688501674737708
2013-08-01 04:00:00,0.0,-0.024895116555894825,-0.015522568339072174
2013-08-02 04:00:00,0.0,-0.019606544620930144,-0.011645841179524496
2013-08-05 04:00:00,-0.0014627342135203891,-0.023485925245564587,-0.015292134603788865
2013-08-06 04:00:00,-0.007136628299649783,-0.025669752971774984,-0.01858580427892842
2013-08-07 04:00:00,-0.010354067820556034,-0.0246595996529817,-0.018952727658133828
2013-08-08 04:00:00,-0.006727403740330318,-0.021455744119089903,-0.015493986864012266
2013-08-09 04:00:00,-0.009593857911387116,-0.022528757128135846,-0.01603515423721036
2013-08-12 04:00:00,-0.010763292379875722,-0.025882450757563902,-0.017554057221682684
2013-08-13 04:00:00,-0.007838709720279113,-0.029787106751373638,-0.020109701329558693
2013-08-14 04:00:00,-0.012927775851233725,-0.03218179867841697,-0.02188579977914762
2013-08-15 04:00:00,-0.026732904356160048,-0.04553104109667794,-0.03312289661305812
2013-08-16 04:00:00,-0.029950454597996612,-0.04874931044152386,-0.036010898380845924
2013-08-19 04:00:00,-0.036150937429830665,-0.055710536866723004,-0.042335277259888726
2013-08-20 04:00:00,-0.03141274592779486,-0.05001311594966418,-0.03747669896358807
2013-08-21 04:00:00,-0.03737927543337283,-0.05768259681230814,-0.044303557132604365
2013-08-22 04:00:00,-0.02860475240806959,-0.04869058208845756,-0.03612080215856861
2013-08-23 04:00:00,-0.02532918439862375,-0.04263497795574167,-0.030263670551997746
2013-08-26 04:00:00,-0.028956069920710648,-0.04286331379601904,-0.03043096028118064
2013-08-27 04:00:00,-0.04457458582621521,-0.04727831059522425,-0.03518099182912926
2013-08-28 04:00:00,-0.04118176435131504,-0.04833666694987582,-0.03532786191525439
2013-08-29 04:00:00,-0.03966079092832431,-0.04439300887815267,-0.03309981038947063
2013-08-30 04:00:00,-0.042702294890583414,-0.04664126704138105,-0.035554538221337695
2013-09-03 04:00:00,-0.038373881552520084,-0.04943367678009736,-0.036512641646217814
2013-09-04 04:00:00,-0.03041825052957836,-0.04555448967782194,-0.03319492194270279
2013-09-05 04:00:00,-0.029189801805105442,-0.0501522390120428,-0.03672246934510992
2013-09-06 04:00:00,-0.02872189515259327,-0.0479876154912624,-0.03446135170457987
2013-09-09 04:00:00,-0.019420783381585482,-0.04233287609426262,-0.029388810564693668
2013-09-10 04:00:00,-0.01216767666299512,-0.040758067371902906,-0.02799422043841926
2013-09-11 04:00:00,-0.009067269165682124,-0.035540976570383576,-0.0234236049200498
2013-09-12 04:00:00,-0.01169921640583016,-0.03760112348849731,-0.024894305436191422
2013-09-13 04:00:00,-0.009476383004071276,-0.03480935987910205,-0.022739116776158474
2013-09-16 04:00:00,-0.0037444711503327177,-0.03403080430986993,-0.02252398687013535
2013-09-17 04:00:00,0.0,-0.028251167133969912,-0.018497924085446704
2013-09-18 04:00:00,0.0,-0.016705201915686252,-0.0059121400303104865
2013-09-19 04:00:00,-0.0016758789696440513,-0.02001670075712947,-0.009050898924849227
2013-09-20 04:00:00,-0.008656010036460993,-0.022062182863597735,-0.012549212783600883
2013-09-23 04:00:00,-0.013243403318397906,-0.021906692384077386,-0.013839560350282443
2013-09-24 04:00:00,-0.015566030254854701,-0.01906784734748479,-0.012079321272126187
2013-09-25 04:00:00,-0.018411261924176525,-0.01996110228929171,-0.013028928878719093
2013-09-26 04:00:00,-0.014636651348376106,-0.020446248162427128,-0.012060968149631646
2013-09-27 04:00:00,-0.01916596528473924,-0.022189286885240134,-0.014554581569208747
2013-09-30 04:00:00,-0.024392340745286067,-0.025902925795220355,-0.01856821572344436
2013-10-01 04:00:00,-0.016669209688860098,-0.022458443832604758,-0.015447700988891033
2013-10-02 04:00:00,-0.017598369840741368,-0.02242155628641318,-0.01459753321665791
2013-10-03 04:00:00,-0.026656888336169193,-0.028457069562959902,-0.020675863385865134
2013-10-04 04:00:00,-0.019282342730484126,-0.02433456631671649,-0.016142587666279407
2013-10-07 04:00:00,-0.027760395902070356,-0.027807618358909103,-0.019360723382252698
2013-10-08 04:00:00,-0.0390836807429783,-0.03449137256744206,-0.02579158714945584
2013-10-09 04:00:00,-0.038386619218794826,-0.0371629786286537,-0.02841519502850265
2013-10-10 04:00:00,-0.01765644918631515,-0.024087666397224816,-0.014142766213358304
2013-10-11 04:00:00,-0.011327222423659022,-0.020425859913085653,-0.010940632420729068
2013-10-14 04:00:00,-0.007378155056540048,-0.02123626759461572,-0.0109995669402696
2013-10-15 04:00:00,-0.014578681380100988,-0.025758217909852776,-0.015843145183695118
2013-10-16 04:00:00,-0.0008168296661860142,-0.01271128831088919,-0.003141147014551593
2013-10-17 04:00:00,0.0,-0.0051705988254806545,0.0
2013-10-18 04:00:00,0.0,-0.00028209167198867124,0.0
2013-10-21 04:00:00,0.0,-0.0015177496866247697,-0.0011469097112771776
2013-10-22 04:00:00,0.0,0.0,0.0
2013-10-23 04:00:00,-0.004789036694686333,-0.0013163148644311784,-0.003234058299641296
2013-10-24 04:00:00,-0.0014823055413571984,-0.0008743805072157773,-0.002367793358348025
2013-10-25 04:00:00,0.0,0.0,0.0
2013-10-28 04:00:00,0.0,-0.0004123944570740834,0.0
2013-10-29 04:00:00,0.0,0.0,0.0
2013-10-30 04:00:00,-0.004967276595613468,-0.005386426553802726,-0.0044759137430900875
2013-10-31 04:00:00,-0.007788998442370354,-0.0062266065075952115,-0.006373427157398082
2013-11-01 04:00:00,-0.005418373607624649,-0.009104978020934462,-0.00941058474142531
2013-11-04 05:00:00,-0.0019191025604086143,-0.0066398386157845435,-0.007468016425373092
2013-11-05 05:00:00,-0.00507954584960435,-0.013274760540464392,-0.013185871733040755
2013-11-06 05:00:00,0.0,-0.010064252770665694,-0.009943895938121394
2013-11-07 05:00:00,-0.012643261574923015,-0.014220006718249634,-0.015643949463503226
2013-11-08 05:00:00,0.0,-0.015729709036517825,-0.014233337678690061
2013-11-11 05:00:00,0.0,-0.017114659627390227,-0.014818812266194081
2013-11-12 05:00:00,-0.002029972204996011,-0.016479745891720743,-0.015302415466135533
2013-11-13 05:00:00,0.0,-0.010300566922218923,-0.009046936259125338
2013-11-14 05:00:00,0.0,-0.004898723701312946,-0.0038176095075475036
2013-11-15 05:00:00,0.0,-0.0015012193289293263,-0.0007734920167542514
2013-11-18 05:00:00,-0.0034988489210738827,-0.0011945292156988474,-0.0017378299808695763
2013-11-19 05:00:00,-0.005664902648412573,-0.005531074650419909,-0.0054725223758625985
2013-11-20 05:00:00,-0.008775525277182616,-0.014169245144499576,-0.012339096736747823
2013-11-21 05:00:00,-0.0007774987346813589,-0.008744370815180202,-0.005811338327518456
2013-11-22 05:00:00,0.0,-0.0020719384450093026,0.0
2013-11-25 05:00:00,-0.0009951866842292656,-0.0015154454213452961,0.0
2013-11-26 05:00:00,-0.0007189137766006048,0.0,0.0
2013-11-27 05:00:00,0.0,0.0,0.0
2013-11-29 05:00:00,-0.000662356823445287,-0.00028266606230331615,-0.0003505333571143243
2013-12-02 05:00:00,-0.0032571856979596303,-0.004950431586829729,-0.004358029017497489
2013-12-03 05:00:00,-0.0075640130066954026,-0.00606663934524998,-0.005254861656195486
2013-12-04 05:00:00,-0.0076745618060866105,-0.009928273631961693,-0.007976011811814399
2013-12-05 05:00:00,-0.012036299525056249,-0.013657361309943217,-0.01154828990788137
2013-12-06 05:00:00,-0.000993795227640537,-0.00515533604702012,-0.0031541237897402263
2013-12-09 05:00:00,0.0,-0.0027100038583429686,-0.001284874719591489
2013-12-10 05:00:00,-0.0035828780276384586,-0.0019924069317424076,-0.0009711697838853395
2013-12-11 05:00:00,-0.014773647877592722,-0.011791357476626518,-0.010010918260606405
2013-12-12 05:00:00,-0.0180261181995669,-0.015243991305789684,-0.014018716419355925
2013-12-13 05:00:00,-0.018136392550105906,-0.013392588166201369,-0.013031853629703716
2013-12-16 05:00:00,-0.01201761980602123,-0.01115664193892818,-0.010120716739162261
2013-12-17 05:00:00,-0.0151594004315031,-0.011274153949481391,-0.011147477533279493
2013-12-18 05:00:00,0.0,-0.0031372094797474936,-0.002316611635167831
2013-12-19 05:00:00,-0.0011559683357352801,-0.004216522034899972,-0.0030640930914028752
2013-12-20 05:00:00,0.0,0.0,0.0
2013-12-23 05:00:00,0.0,0.0,0.0
2013-12-24 05:00:00,0.0,-0.0018878003199050974,-0.0007753590586436765
2013-12-26 05:00:00,0.0,-0.0003817431121362347,0.0
2013-12-27 05:00:00,-5.4513259764576993e-05,-0.0015500667932226708,-0.0006132146209878453
2013-12-30 05:00:00,-0.00021754356934089447,0.0,0.0
2013-12-31 05:00:00,0.0,0.0,0.0
2014-01-02 05:00:00,-0.009583575638674291,-0.004532748197509151,-0.006279034523792859
2014-01-03 05:00:00,-0.00974617761105745,-0.004630806913785257,-0.007005614762370493
2014-01-06 05:00:00,-0.012615600315222686,-0.0046856409706067526,-0.007359691240031996
2014-01-07 05:00:00,-0.006551652398165908,-9.161441464455855e-06,-0.003026226320720249
2014-01-08 05:00:00,-0.006334985016375194,-0.0009672238199559535,-0.004661757564538793
2014-01-09 05:00:00,-0.005685591487243791,0.0,-0.003324263559703944
2014-01-10 05:00:00,-0.0029781621392209745,0.0,0.0
2014-01-13 05:00:00,-0.01624366316377579,-0.0059909405918397995,-0.006529203867962519
2014-01-14 05:00:00,-0.005522685206740263,-0.0013100638648987362,-0.0013964204476112352
2014-01-15 05:00:00,-0.00016250053634292438,0.0,0.0
2014-01-16 05:00:00,-0.0014622005189669496,0.0,0.0
2014-01-17 05:00:00,-0.005685591487244013,-0.0008622989747593124,-0.001160578002792012
2014-01-21 05:00:00,-0.0027613933213901376,0.0,0.0
2014-01-22 05:00:00,-0.002111391176017774,-0.0005940946148819126,0.0
2014-01-23 05:00:00,-0.010287541757413643,0.0,-0.0007508432388094732
2014-01-24 05:00:00,-0.03140409085463791,-0.010217201218754579,-0.011566140579920225
2014-01-27 05:00:00,-0.036169048841351636,-0.01590130783050514,-0.017222775394135637
2014-01-28 05:00:00,-0.030429087636579588,-0.01142571403735504,-0.01251924300332663
2014-01-29 05:00:00,-0.03974243766425645,-0.013871019210565327,-0.015852904311361327
2014-01-30 05:00:00,-0.029563128161697705,-0.008732583255738557,-0.010835429770140625
2014-01-31 05:00:00,-0.03524841534082124,-0.009562623101603163,-0.012445021827594993
2014-02-03 05:00:00,-0.0569604954298496,-0.018109501729247968,-0.022170317567900222
2014-02-04 05:00:00,-0.05035427044207519,-0.018150050526392292,-0.020426377994203326
2014-02-05 05:00:00,-0.05154604247796457,-0.022520365531362052,-0.023685552648017527
2014-02-06 05:00:00,-0.03903816723739639,-0.01646446428807191,-0.016829089642046435
2014-02-07 05:00:00,-0.027126431604873158,-0.008817571772239852,-0.008137456041253155
2014-02-10 05:00:00,-0.025339737193420864,-0.0066117290513352245,-0.006753038711403869
2014-02-11 05:00:00,-0.014673433262033742,-0.0023892325046431795,-0.001447203303664768
2014-02-12 05:00:00,-0.01418583021696429,-0.004154823565253318,-0.0025027446129531894
2014-02-13 05:00:00,-0.009096479773805455,0.0,0.0
2014-02-14 05:00:00,-0.003627352796271799,0.0,0.0
2014-02-18 05:00:00,-0.0024364936847439678,0.0,0.0
2014-02-19 05:00:00,-0.0090424143643979,-0.0056580981996922075,-0.004969201527715517
2014-02-20 05:00:00,-0.0031946266489312203,-0.003109802867297784,-0.0019861326319305928
2014-02-21 05:00:00,-0.004331724659172087,-0.001687635949611077,-0.0013550136798449186
2014-02-24 05:00:00,0.0,0.0,0.0
2014-02-25 05:00:00,-0.0003787168812695585,0.0,0.0
2014-02-26 05:00:00,-0.0003244118389046369,0.0,0.0
2014-02-27 05:00:00,0.0,0.0,0.0
2014-02-28 05:00:00,0.0,0.0,0.0
2014-03-03 05:00:00,-0.007031894636224334,-0.001548808981190808,-0.0008386555366109993
2014-03-04 05:00:00,0.0,0.0,0.0
2014-03-05 05:00:00,0.0,0.0,0.0
2014-03-06 05:00:00,0.0,-0.002565410673770252,-0.0006633910178671654
2014-03-07 05:00:00,0.0,-0.00481976791369032,-0.0027477445452287474
2014-03-10 04:00:00,-0.0005313966876273613,-0.004573259198536017,-0.0034765011243977906
2014-03-11 04:00:00,-0.005471097095330002,-0.0064735084823750455,-0.005603783828257325
2014-03-12 04:00:00,-0.005205597776492987,-0.003548359677627344,-0.003635094171747788
2014-03-13 04:00:00,-0.01636045015469212,-0.00489137824096042,-0.00677782087017309
2014-03-14 04:00:00,-0.019122618292982563,-0.006494380630532759,-0.007859074288771528
2014-03-17 04:00:00,-0.010251876059185872,-0.004069826198787707,-0.005802606029702173
2014-03-18 04:00:00,-0.003187185975903839,0.0,0.0
2014-03-19 04:00:00,-0.008498665039968878,-0.0063051882014480976,-0.0055668193590200366
2014-03-20 04:00:00,-0.002709227494504085,-0.003527726807041387,-0.003072642958049432
2014-03-21 04:00:00,-0.006577277915491564,-0.0015284453020498745,-0.0020750323226533807
2014-03-24 04:00:00,-0.010685252945818013,-0.0011645194190897934,-0.0024599609251457766
2014-03-25 04:00:00,-0.005990452771870158,0.0,-8.659000090072144e-05
2014-03-26 04:00:00,-0.013139429932758961,-0.0011842494009871585,-0.002130560491279687
2014-03-27 04:00:00,-0.015220435088500905,-0.0004399770015784954,-0.001002380334302888
2014-03-28 04:00:00,-0.010365220783381535,0.0,0.0
2014-03-31 04:00:00,-0.0022557490852307405,0.0,0.0
2014-04-01 04:00:00,0.0,0.0,0.0
2014-04-02 04:00:00,0.0,-0.00029043678988538435,0.0
2014-04-03 04:00:00,-0.0013236449056902577,0.0,0.0
2014-04-04 04:00:00,-0.01313058906444542,-0.004420177722236129,-0.004626097381581928
2014-04-07 04:00:00,-0.024037032037361294,-0.008635163317343597,-0.009665822224410148
2014-04-08 04:00:00,-0.02001277232408971,-0.005237774873738998,-0.005365646931002832
2014-04-09 04:00:00,-0.009477135574753826,-0.0007855279870795373,-0.00015830024080798477
2014-04-10 04:00:00,-0.03028395659226779,-0.009670045658861648,-0.009938359975945388
2014-04-11 04:00:00,-0.03901957846985471,-0.011812987423023169,-0.01333315371835897
2014-04-14 04:00:00,-0.03144861400928589,-0.008177000375418797,-0.008542947305442694
2014-04-15 04:00:00,-0.024777656984591556,-0.0015997423741205274,-0.002512717454400515
2014-04-16 04:00:00,-0.014559698962621215,0.0,0.0
2014-04-17 04:00:00,-0.013183222810695061,-0.0035477023910011063,-0.0022255140697959863
2014-04-21 04:00:00,-0.009741785555897442,-0.0017885129258061738,-0.0007195032168142435
2014-04-22 04:00:00,-0.005241550876539103,0.0,0.0
2014-04-23 04:00:00,-0.007571260710547256,0.0,0.0
2014-04-24 04:00:00,-0.0055594271038904575,0.0,0.0
2014-04-25 04:00:00,-0.013712621522975255,-0.0043434305521505845,-0.004899676195898928
2014-04-28 04:00:00,-0.010588566745564076,-0.004383159808648007,-0.004793731362441878
2014-04-29 04:00:00,-0.005982669573734167,-0.002141533001840057,-0.002155187764558031
2014-04-30 04:00:00,-0.0030178985349742504,0.0,0.0
2014-05-01 04:00:00,-0.0029118410425308383,0.0,0.0
2014-05-02 04:00:00,-0.004341543440664619,0.0,0.0
2014-05-05 04:00:00,-0.002435668576458272,-0.0012647043558456916,-0.0008897095309102765
2014-05-06 04:00:00,-0.011118557957802477,-0.004875736245149809,-0.004827242847749491
2014-05-07 04:00:00,-0.005294777122746841,-0.002774898170844975,-0.0021069295561546575
2014-05-08 04:00:00,-0.0063534757973144895,-0.005120019855308633,-0.004329687015672379
2014-05-09 04:00:00,-0.004871040902937995,-0.005513384604784455,-0.004895597821264919
2014-05-12 04:00:00,0.0,-0.0013132702000840935,-6.15785488546905e-05
2014-05-13 04:00:00,0.0,0.0,0.0
2014-05-14 04:00:00,-0.004737501622566587,0.0,0.0
2014-05-15 04:00:00,-0.013476483143669005,-0.002081332544681791,-0.0034841516572533537
2014-05-16 04:00:00,-0.010054610533947628,-0.001126257653692786,-0.0021364381085247075
2014-05-19 04:00:00,-0.0064223197605924875,-0.0018834360461010835,-0.0022305238996088717
2014-05-20 04:00:00,-0.012687046822803527,-0.004773997290128618,-0.005151310110856344
2014-05-21 04:00:00,-0.004369294383356981,-0.002174961226695249,-0.0017564570560284487
2014-05-22 04:00:00,-0.0019478653897174736,-0.0012879864793489126,-0.0006510033655631187
2014-05-23 04:00:00,0.0,0.0,0.0
2014-05-27 04:00:00,0.0,0.0,0.0
2014-05-28 04:00:00,-0.0007309029568312031,0.0,0.0
2014-05-29 04:00:00,0.0,0.0,0.0
2014-05-30 04:00:00,0.0,0.0,0.0
2014-06-02 04:00:00,0.0,-0.0022881715664935243,-0.0016600784238236521
2014-06-03 04:00:00,-0.000518656200847345,-0.007509661009487911,-0.005733133666923296
2014-06-04 04:00:00,0.0,-0.0064117812663482265,-0.004874436258742398
2014-06-05 04:00:00,0.0,-0.002345412440974637,-0.0007312027414544398
2014-06-06 04:00:00,0.0,0.0,0.0
2014-06-09 04:00:00,0.0,0.0,0.0
2014-06-10 04:00:00,0.0,-0.0014101730026093717,-0.0013098528323616243
2014-06-11 04:00:00,-0.0034763480837508576,-0.0027736261341886337,-0.003121259196698034
2014-06-12 04:00:00,-0.01053193484765269,-0.0034590543575401256,-0.0032763348704601958
2014-06-13 04:00:00,-0.007515209261259703,-0.001849271100323624,-0.0016129490499171562
2014-06-16 04:00:00,-0.0066975198598396846,-0.00035885207288000043,-6.882446917599871e-05
2014-06-17 04:00:00,-0.003936542725295977,-0.0018572269201538871,-0.0006626982367267109
2014-06-18 04:00:00,0.0,0.0,0.0
2014-06-19 04:00:00,0.0,-0.004452035358830431,-0.0021938326579510337
2014-06-20 04:00:00,0.0,-0.000224613283401065,0.0
2014-06-23 04:00:00,-0.0003060983198034384,-0.0016602917205347234,-0.0014944009049027152
2014-06-24 04:00:00,-0.006328305653430233,-0.0012197575806035532,-0.0019172757143653962
2014-06-25 04:00:00,-0.0018373478224290585,0.0,0.0
2014-06-26 04:00:00,-0.0025516719732550097,0.0,0.0
2014-06-27 04:00:00,-0.0006121966396070988,0.0,0.0
2014-06-30 04:00:00,-0.0011227394577502103,0.0,-0.00016328688353095533
2014-07-01 04:00:00,0.0,0.0,0.0
2014-07-02 04:00:00,0.0,-0.003666022978505712,-0.002785951816581589
2014-07-03 04:00:00,0.0,-0.002160744255297331,-0.0011088120606401741
2014-07-07 04:00:00,-0.003481349618405738,-0.0013238348321999993,-0.0017966549460353143
2014-07-08 04:00:00,-0.009888846128954687,-0.0006978823198540152,-0.0025569707298970235
2014-07-09 04:00:00,-0.005449378445490316,0.0,-0.00032233479001098075
2014-07-10 04:00:00,-0.009384593180540635,-0.002267776481661987,-0.0024618014822379575
2014-07-11 04:00:00,-0.008022154911488277,0.0,-0.0006124329550714069
2014-07-14 04:00:00,-0.0030274845017611574,0.0,0.0
2014-07-15 04:00:00,-0.004894269376907512,-0.0019371271172844429,-0.0026621495146615937
2014-07-16 04:00:00,-0.0012106191699848834,0.0,0.0
2014-07-17 04:00:00,-0.012562960204570595,-0.001778137735058971,-0.0028046106179491215
2014-07-18 04:00:00,-0.0024722817754984083,0.0,0.0
2014-07-21 04:00:00,-0.004339160308324708,0.0,0.0
2014-07-22 04:00:00,0.0,0.0,0.0
2014-07-23 04:00:00,0.0,0.0,0.0
2014-07-24 04:00:00,0.0,-0.002956374622794411,-0.00232684443533393
2014-07-25 04:00:00,-0.004681340917248367,-0.0010473320560114852,-0.0012048598012769363
2014-07-28 04:00:00,-0.004278871002271756,-0.0013577703343258252,-0.001571467368623125
2014-07-29 04:00:00,-0.008557648559009201,-0.0024799996663213975,-0.0033680412345321598
2014-07-30 04:00:00,-0.008406920912652716,-0.007930274863619413,-0.007858293239954461
2014-07-31 04:00:00,-0.02798880634637213,-0.020865362909450735,-0.021006013796834644
2014-08-01 04:00:00,-0.030958972644847815,-0.01962866946097863,-0.02130064464512249
2014-08-04 04:00:00,-0.023961584167186856,-0.016407887741540228,-0.017088841613441375
2014-08-05 04:00:00,-0.03342528062394723,-0.020856308485893038,-0.022318430887474094
2014-08-06 04:00:00,-0.03312335810356415,-0.020433525048884515,-0.021334997745038997
2014-08-07 04:00:00,-0.03835883103748561,-0.01996095151056576,-0.02158275580199609
2014-08-08 04:00:00,-0.02723367298604562,-0.014004656157931228,-0.015887291019633265
2014-08-11 04:00:00,-0.024414608116062553,-0.012324340194198924,-0.014045964062836536
2014-08-12 04:00:00,-0.02577405374482522,-0.015715074710745847,-0.01741368929461984
2014-08-13 04:00:00,-0.01917932207320905,-0.009144523816088879,-0.011574688217323104
2014-08-14 04:00:00,-0.014548254853257614,-0.00314628958217289,-0.007566506441745391
2014-08-15 04:00:00,-0.014749443087978986,0.0,-0.004041048431933314
2014-08-18 04:00:00,-0.006493436712750933,0.0,-0.002842322522901619
2014-08-19 04:00:00,-0.0013087047037962929,0.0,-0.0004425222510401339
2014-08-20 04:00:00,0.0,0.0,0.0
2014-08-21 04:00:00,0.0,0.0,0.0
2014-08-22 04:00:00,-0.0015537984692028939,0.0,0.0
2014-08-25 04:00:00,0.0,0.0,0.0
2014-08-26 04:00:00,0.0,-0.0009014566822420633,-0.0005384972549050682
2014-08-27 04:00:00,-0.0003996505906682657,0.0,0.0
2014-08-28 04:00:00,-0.0009484867716395007,0.0,0.0
2014-08-29 04:00:00,0.0,0.0,0.0
2014-09-02 04:00:00,-0.0004983169317882563,-0.007199138303893848,-0.006912366329024144
2014-09-03 04:00:00,-0.0010461141082882541,-0.005314126526404617,-0.005177295265822224
2014-09-04 04:00:00,-0.0024913071996253144,-0.011024909539432803,-0.010078475670160958
2014-09-05 04:00:00,0.0,-0.009107900723739015,-0.008132310416738675
2014-09-08 04:00:00,-0.0025861304287347897,-0.010474101408868286,-0.010025962051434245
2014-09-09 04:00:00,-0.008900726577303786,-0.014540552120654637,-0.014825130935070319
2014-09-10 04:00:00,-0.00517161474022354,-0.014803157292715974,-0.015154938569367338
2014-09-11 04:00:00,-0.004027802609704478,-0.01542618805553253,-0.015941758394775074
2014-09-12 04:00:00,-0.009845534596024996,-0.023001476981144076,-0.023260858844649457
2014-09-15 04:00:00,-0.0105915231078757,-0.022857042659514826,-0.023139995334254815
2014-09-16 04:00:00,-0.003132837921396514,-0.02002067932402274,-0.019008003613416258
2014-09-17 04:00:00,-0.0017901139815433842,-0.020233886364345754,-0.01937726828452524
2014-09-18 04:00:00,0.0,-0.01584993007911728,-0.016242985743052163
2014-09-19 04:00:00,-0.0009008302188896478,-0.011372283612235745,-0.013308974108138805
2014-09-22 04:00:00,-0.008617120759353836,-0.015470496859239291,-0.018353030412906257
2014-09-23 04:00:00,-0.014292056809514175,-0.01641523889725971,-0.019902393181245093
2014-09-24 04:00:00,-0.006575950224577909,-0.013976420704508219,-0.016511520631055876
2014-09-25 04:00:00,-0.022605650948249734,-0.018850509789574144,-0.02274663311055025
2014-09-26 04:00:00,-0.014839876370848382,-0.014747472559449082,-0.01868301405857875
2014-09-29 04:00:00,-0.01663160321013457,-0.012663253138627373,-0.016808953915755542
2014-09-30 04:00:00,-0.019220317372953377,-0.016451635109557494,-0.021732449689860656
2014-10-01 04:00:00,-0.03251156413430134,-0.016820237588036857,-0.024333048157314296
2014-10-02 04:00:00,-0.03236246817914312,-0.020155570823168878,-0.02717234558702064
2014-10-03 04:00:00,-0.02170923566202343,-0.012010756749990859,-0.020429439427911644
2014-10-06 04:00:00,-0.022854358821628895,-0.012469784392919459,-0.01969845532460579
2014-10-07 04:00:00,-0.037937976266609774,-0.016282952021403063,-0.02518885452445807
2014-10-08 04:00:00,-0.02111202404151591,-0.005861139268665161,-0.015266882670893933
2014-10-09 04:00:00,-0.04052641449613714,-0.019423036202506738,-0.029430621749026886
2014-10-10 04:00:00,-0.0514786667234477,-0.022245553710484423,-0.03353024304488195
2014-10-13 04:00:00,-0.06705988387071504,-0.02950423262122348,-0.041292828530258285
2014-10-14 04:00:00,-0.06561601693421004,-0.026063808071639993,-0.039964252262752575
2014-10-15 04:00:00,-0.07193820050839783,-0.026941420622723977,-0.042795556980149474
2014-10-16 04:00:00,-0.07273426805429228,-0.029919995513256414,-0.04415773491899089
2014-10-17 04:00:00,-0.06178311956014759,-0.02521303177419565,-0.0386414277549596
2014-10-20 04:00:00,-0.05267281403117108,-0.018116855541228105,-0.03268305790425785
2014-10-21 04:00:00,-0.033905487145049706,-0.009581034320861548,-0.022714153775136192
2014-10-22 04:00:00,-0.0407754902805717,-0.013379499548864304,-0.027663756069294387
2014-10-23 04:00:00,-0.029624566083401915,-0.009997215276425275,-0.02232122541730719
2014-10-24 04:00:00,-0.02215744330513636,-0.005029035938807436,-0.01812677250252759
2014-10-27 04:00:00,-0.023501514367892495,-0.005118159981797099,-0.018661025790327135
2014-10-28 04:00:00,-0.012300830200494106,-0.0007598506866649535,-0.01294908313101717
2014-10-29 04:00:00,-0.013794549084991337,-0.0007611397158111544,-0.012022091373585786
2014-10-30 04:00:00,-0.007471905621984409,0.0,-0.008806262564472811
2014-10-31 04:00:00,0.0,0.0,-0.002909742264903481
2014-11-03 05:00:00,0.0,0.0,-0.0034767200904798345
2014-11-04 05:00:00,-0.003469956438965527,-0.0008376939778109715,-0.006063126318330947
2014-11-05 05:00:00,0.0,0.0,-0.0024474938404134283
2014-11-06 05:00:00,0.0,-0.0001827836341646849,-0.0018939780296484132
2014-11-07 05:00:00,0.0,0.0,0.0
2014-11-10 05:00:00,0.0,-0.0017860836620138265,-0.0018229310152927392
2014-11-11 05:00:00,0.0,-0.0009296843229301688,-0.0005295207133108049
2014-11-12 05:00:00,-0.0010768509620170397,-0.0019116544227806287,-0.001747485688028405
2014-11-13 05:00:00,0.0,-0.0002944999064138365,-0.002196487804394298
2014-11-14 05:00:00,0.0,0.0,0.0
2014-11-17 05:00:00,0.0,-0.0006227635857928293,-0.0007875763699737304
2014-11-18 05:00:00,0.0,0.0,0.0
2014-11-19 05:00:00,-0.0016053190993062794,-0.003506619065693495,-0.0033838344103447326
2014-11-20 05:00:00,0.0,-0.0003767132475005486,0.0
2014-11-21 05:00:00,0.0,0.0,0.0
2014-11-24 05:00:00,0.0,0.0,0.0
2014-11-25 05:00:00,-0.0007236053858991065,0.0,0.0
2014-11-26 05:00:00,0.0,0.0,0.0
2014-11-28 05:00:00,-0.002118436690358938,0.0,-0.0034807575935639212
2014-12-01 05:00:00,-0.009053742995642211,-0.006503557794447112,-0.007330666761431903
2014-12-02 05:00:00,-0.0026484240439850204,-0.006510006465167084,-0.008468896554675531
2014-12-03 05:00:00,0.0,-0.0026550081485742227,-0.005592035080627444
2014-12-04 05:00:00,-0.0011066040737536254,0.0,-0.004051927211428996
2014-12-05 05:00:00,0.0,-0.0013496476740327834,-0.005061729275548599
2014-12-08 05:00:00,-0.006682572519933649,-0.00047109728482663815,-0.007129050585803154
2014-12-09 05:00:00,-0.007355457801387577,0.0,-0.00530035927354211
2014-12-10 05:00:00,-0.023269128085467772,-0.006696911967373986,-0.0142332951887445
2014-12-11 05:00:00,-0.018317580711368242,-0.002042675906813396,-0.010922486248495122
2014-12-12 05:00:00,-0.03418274995733961,-0.006305784590531993,-0.017301878046849795
2014-12-15 05:00:00,-0.040817443247345375,-0.011219837074096684,-0.02353681492009363
2014-12-16 05:00:00,-0.04850956576381016,-0.011082198259426357,-0.025174811829404065
2014-12-17 05:00:00,-0.029855853315805536,-0.0030147928235151333,-0.015776130995120985
2014-12-18 05:00:00,-0.005865338910775231,0.0,-0.0067376438063365685
2014-12-19 05:00:00,-0.0016351778562384567,0.0,0.0
2014-12-22 05:00:00,0.0,0.0,0.0
2014-12-23 05:00:00,0.0,-0.007124079202125655,-0.00413374427412927
2014-12-24 05:00:00,0.0,-0.004904853749905347,-0.003756086913061174
2014-12-26 05:00:00,0.0,-0.001502311419596225,-0.0008252550145388948
2014-12-29 05:00:00,0.0,0.0,0.0
2014-12-30 05:00:00,-0.0053661435807222935,-0.0021344757845210838,-0.0025132407392748357
2014-12-31 05:00:00,-0.015236104419046104,-0.007313419847472025,-0.008631910627077355
2015-01-02 05:00:00,-0.015762832177211528,-0.003217151816671149,-0.006825452808344568
2015-01-05 05:00:00,-0.03353784714577024,-0.007755175115914503,-0.01432360209432837
2015-01-06 05:00:00,-0.04264073812668212,-0.006211473661947853,-0.01549854723650168
2015-01-07 05:00:00,-0.030711318413752742,0.0,-0.009329570831194345
2015-01-08 05:00:00,-0.013511011585809696,0.0,-0.0023256391651437225
2015-01-09 05:00:00,-0.021416417865640636,-0.0004273085863301107,-0.004013169298120678
2015-01-12 05:00:00,-0.029082362420215002,-0.002837317814212925,-0.009175360128947485
2015-01-13 05:00:00,-0.03181301842473094,-0.0045199991211737345,-0.0112473305396108
2015-01-14 05:00:00,-0.03765843760556231,-0.005105556188820581,-0.011491175343375182
2015-01-15 05:00:00,-0.046473974516166194,-0.004311845004456694,-0.01361677833566155
2015-01-16 05:00:00,-0.033969054326030035,-0.0015546069868435097,-0.007737519109528912
2015-01-20 05:00:00,-0.0319088911522325,0.0,-0.0038690017362487117
2015-01-21 05:00:00,-0.027022111209018318,-0.0015949042889039644,-0.0036732694907209984
2015-01-22 05:00:00,-0.0125526364603894,0.0,0.0
2015-01-23 05:00:00,-0.017966760423561934,0.0,0.0
2015-01-26 05:00:00,-0.015667399636704604,0.0,0.0
2015-01-27 05:00:00,-0.028650803090359056,-0.007289107458394173,-0.006922984570087554
2015-01-28 05:00:00,-0.0411078309354439,-0.00843592509814417,-0.01112718261433232
2015-01-29 05:00:00,-0.03224431364238978,-0.005546497691893193,-0.008058351068067293
2015-01-30 05:00:00,-0.04441372330496973,-0.005994050558126185,-0.007870463480652234
2015-02-02 05:00:00,-0.03257982416994609,-0.0001092435301695005,-0.00025377028462902906
2015-02-03 05:00:00,-0.0185898010962241,0.0,0.0
2015-02-04 05:00:00,-0.022326724571211765,-0.0016008626560768402,-0.003978083745966976
2015-02-05 05:00:00,-0.01245720391988292,0.0,0.0
2015-02-06 05:00:00,-0.015187771886999935,-0.008739878711190974,-0.006691421127177355
2015-02-09 05:00:00,-0.01959589249189786,-0.012037768997311682,-0.008844654368847404
2015-02-10 05:00:00,-0.009151047438160198,-0.008865888955022938,-0.006126717272751159
2015-02-11 05:00:00,-0.008575987147948383,-0.007787177133005141,-0.006003229559617629
2015-02-12 05:00:00,0.0,-0.003375415865025211,0.0
2015-02-13 05:00:00,0.0,-0.005007423131629274,0.0
2015-02-17 05:00:00,0.0,-0.01006027501926332,-0.00351807959417183
2015-02-18 05:00:00,0.0,-0.007651893858488634,-0.002882993229830322
2015-02-19 05:00:00,-0.0007136524128857902,-0.010702374918376889,-0.005619298420937113
2015-02-20 05:00:00,0.0,-0.005979677492720548,-0.0015501282955582285
2015-02-23 05:00:00,-0.00014187606434246103,-0.0015081312582483353,0.0
2015-02-24 05:00:00,0.0,0.0,0.0
2015-02-25 05:00:00,-0.000849746364373849,0.0,0.0
2015-02-26 05:00:00,-0.0020297616832316567,-0.006175989018808337,-0.0056369539615184205
2015-02-27 05:00:00,-0.005429267659173842,-0.004865113011269906,-0.004054654919390832
2015-03-02 05:00:00,0.0,-0.008509819087266779,-0.007272375352920468
2015-03-03 05:00:00,-0.00410409677236212,-0.012389145354140485,-0.010186920954908918
2015-03-04 05:00:00,-0.008302500744359453,-0.014762219709585467,-0.013475467487791826
2015-03-05 05:00:00,-0.007217187833851169,-0.014613992904867978,-0.013588857759251893
2015-03-06 05:00:00,-0.021180114182788534,-0.03163679356770577,-0.029670099657700844
2015-03-09 04:00:00,-0.01712360440730132,-0.02565360048777854,-0.02484650465500471
2015-03-10 04:00:00,-0.03306776206328199,-0.030008720760031027,-0.03176854120836403
2015-03-11 04:00:00,-0.035331481572173806,-0.028544688306666677,-0.030508556117507357
2015-03-12 04:00:00,-0.02306721164901937,-0.02140923431419428,-0.023765199737603493
2015-03-13 04:00:00,-0.02905805916996651,-0.026211002338874412,-0.03023086989003787
2015-03-16 04:00:00,-0.016085705134844863,-0.014654596577955314,-0.019770268417287906
2015-03-17 04:00:00,-0.019010355155886227,-0.013146414454082489,-0.01977684897009091
2015-03-18 04:00:00,-0.007217187833851169,0.0,-0.004347998301891698
2015-03-19 04:00:00,-0.011745753683983229,-0.0047751452385763615,-0.01026695374259401
2015-03-20 04:00:00,-0.003022597755956702,0.0,-0.0021184553834322495
2015-03-23 04:00:00,-0.004965430083736733,-0.0016561053622151656,-0.00248993984944601
2015-03-24 04:00:00,-0.010556165441525489,-0.0011605481429531883,-0.003761407257305893
2015-03-25 04:00:00,-0.025055550667799964,-0.013316712096162475,-0.014756211675114761
2015-03-26 04:00:00,-0.027377345382349483,-0.020879369900937084,-0.019577286900515523
2015-03-27 04:00:00,-0.025150204585080882,-0.01466285956078961,-0.01652944351438901
2015-03-30 04:00:00,-0.013257269260490312,-0.009405385283867695,-0.010278889006024694
2015-03-31 04:00:00,-0.021881090583018792,-0.01374916692722905,-0.015977503244478775
2015-04-01 04:00:00,-0.02533968577846568,-0.01065973897643624,-0.012400570242780962
2015-04-02 04:00:00,-0.021833590265555425,-0.012717658523295206,-0.013919784307570349
2015-04-06 04:00:00,-0.015247255188087783,-0.010934177850737359,-0.010333173705377119
2015-04-07 04:00:00,-0.017853271692714445,-0.009187367631343979,-0.008906439100784924
2015-04-08 04:00:00,-0.014536657373188877,-0.0070587195133958724,-0.008722089435825864
2015-04-09 04:00:00,-0.010177463092989836,-0.00957262502163403,-0.009946622855479537
2015-04-10 04:00:00,-0.004775948890351711,-0.005747917923902723,-0.005236265559187214
2015-04-13 04:00:00,-0.0092772107258835,-0.007893873729756806,-0.007977741987344467
2015-04-14 04:00:00,-0.007381618677332669,-0.00394236589932262,-0.004272506132945719
2015-04-15 04:00:00,-0.0029282038769098406,-0.0015963839302803873,0.0
2015-04-16 04:00:00,-0.0032120789493412794,-0.003754323566102835,-0.0005957462204245756
2015-04-17 04:00:00,-0.014678811607933162,-0.00606194064373855,-0.004278793692035099
2015-04-20 04:00:00,-0.005676201257457825,-0.004121339615888786,-0.0019001132149624178
2015-04-21 04:00:00,-0.0068605020558186736,-0.0066369358881182006,-0.0046958467934358206
2015-04-22 04:00:00,-0.0019802778335172855,-0.009774279695848875,-0.005982992462065351
2015-04-23 04:00:00,0.0,-0.0065733048425039575,-0.00196858146500134
2015-04-24 04:00:00,0.0,-0.0027120722229383443,0.0
2015-04-27 04:00:00,-0.0041574208709269644,-0.005199759610096555,-0.002494452522556201
2015-04-28 04:00:00,-0.0009918171412450771,-0.008790310521690659,-0.004552786794927877
2015-04-29 04:00:00,-0.005102304965749593,-0.016096310856936746,-0.010007577291342273
2015-04-30 04:00:00,-0.015071731067939353,-0.021323172117376,-0.014676391402264621
2015-05-01 04:00:00,-0.004393728327498847,-0.020226745877630625,-0.012353875232416822
2015-05-04 04:00:00,-0.0015589896101644296,-0.022250840910282066,-0.01351639779594982
2015-05-05 04:00:00,-0.012992847766743254,-0.029510400479008325,-0.01989388538235526
2015-05-06 04:00:00,-0.017056229679092927,-0.03855366237539659,-0.027348784286359562
2015-05-07 04:00:00,-0.013134856966138808,-0.03108458037143058,-0.022631788084141347
2015-05-08 04:00:00,-0.00014140416933128286,-0.022383640326949505,-0.013579514146876859
2015-05-11 04:00:00,-0.004913535585664208,-0.0346950509629782,-0.02403553260942748
2015-05-12 04:00:00,-0.007890110636661785,-0.035426234186218486,-0.024005654478477467
2015-05-13 04:00:00,-0.007701254823710313,-0.03840689409961617,-0.026133246697324086
2015-05-14 04:00:00,0.0,-0.03135523183233735,-0.018669923704695668
2015-05-15 04:00:00,0.0,-0.022956517774484264,-0.01218199536440323
2015-05-18 04:00:00,0.0,-0.027692391501740077,-0.015580468215694587
2015-05-19 04:00:00,-0.0003282702398904602,-0.03133243126204466,-0.0204795073980073
2015-05-20 04:00:00,-0.001032197009530167,-0.03108753089328875,-0.020614789900799235
2015-05-21 04:00:00,0.0,-0.023973834045043052,-0.013594963889162925
2015-05-22 04:00:00,-0.0023889521949939097,-0.025210590440712388,-0.01597042878811572
2015-05-26 04:00:00,-0.013115031377007647,-0.024827777508973026,-0.01918206661366073
2015-05-27 04:00:00,-0.0037474700764050795,-0.018382180148305727,-0.014257829502632213
2015-05-28 04:00:00,-0.004871299816713526,-0.020006135901646127,-0.015137833479220264
2015-05-29 04:00:00,-0.011053905698209077,-0.022794826708683047,-0.016918758623118535
2015-06-01 04:00:00,-0.009040077519917866,-0.025801900094192698,-0.019109361964923965
2015-06-02 04:00:00,-0.0100236427523821,-0.03181885890758884,-0.02263339375280493
2015-06-03 04:00:00,-0.007400516519551648,-0.03650534518473958,-0.02705037917919839
2015-06-04 04:00:00,-0.01578485532320073,-0.03637049078721,-0.02906298823715059
2015-06-05 04:00:00,-0.017471028353052143,-0.04205598871922034,-0.03316486620394632
2015-06-08 04:00:00,-0.02351285562343708,-0.046013805847832656,-0.036997538379784034
2015-06-09 04:00:00,-0.023653548550669923,-0.049117419645781535,-0.037834265746686135
2015-06-10 04:00:00,-0.011943904136191952,-0.045603775924139334,-0.033059715448920945
2015-06-11 04:00:00,-0.008758863033207387,-0.03572746496533097,-0.02595043824675891
2015-06-12 04:00:00,-0.016346770193354954,-0.04015634318681771,-0.031410885039886316
2015-06-15 04:00:00,-0.020562074242166717,-0.04200594199532437,-0.03387385103253193
2015-06-16 04:00:00,-0.015222597717535424,-0.035855932459510464,-0.028156277233056803
2015-06-17 04:00:00,-0.013630162849920913,-0.037899908915022484,-0.029189054769011902
2015-06-18 04:00:00,-0.003372688795213352,-0.033786479349495746,-0.024561699287629857
2015-06-19 04:00:00,-0.0077968044540535075,-0.031395880770768825,-0.02428739378073208
2015-06-22 04:00:00,-0.002713608407713286,-0.036324723193956965,-0.026925861485836755
2015-06-23 04:00:00,-0.0020074875713392837,-0.038228756550935605,-0.027097459143278768
2015-06-24 04:00:00,-0.009256000891797678,-0.03910204179939025,-0.029478779866113247
2015-06-25 04:00:00,-0.01226821761340069,-0.042202405299088586,-0.032159651370054165
2015-06-26 04:00:00,-0.01245629372501833,-0.04661840816271401,-0.03509460494895944
2015-06-29 04:00:00,-0.03316540150137004,-0.04852015006473365,-0.04000941433510197
2015-06-30 04:00:00,-0.031141805361017516,-0.04996374720206709,-0.03873007731045608
2015-07-01 04:00:00,-0.02337541868355819,-0.05052378272673674,-0.03917410282715983
2015-07-02 04:00:00,-0.024269786999305376,-0.049797256870736106,-0.038916804177267394
2015-07-06 04:00:00,-0.02704671579266127,-0.044375334048260884,-0.038354530441064294
2015-07-07 04:00:00,-0.020928115767830158,-0.037178673712121024,-0.032575975126366896
2015-07-08 04:00:00,-0.03735440059971873,-0.04354435922550082,-0.04026109325635463
2015-07-09 04:00:00,-0.035612790100976066,-0.05004374429629754,-0.0437621311045302
2015-07-10 04:00:00,-0.02346941389742807,-0.048892821261239505,-0.04064209905170779
2015-07-13 04:00:00,-0.01269183870489854,-0.04377468721034605,-0.03512643565393003
2015-07-14 04:00:00,-0.00840875870880231,-0.040029503289947255,-0.03199932264716321
2015-07-15 04:00:00,-0.008738041850919198,-0.03615154932477005,-0.030239006719615213
2015-07-16 04:00:00,-0.0007840931651085237,-0.02884882467864125,-0.02401697721016427
2015-07-17 04:00:00,0.0,-0.02634865007074061,-0.022526940649963523
2015-07-20 04:00:00,0.0,-0.02768630210678591,-0.025024459189999404
2015-07-21 04:00:00,-0.003951244379510888,-0.027885949923398434,-0.025340832341203767
2015-07-22 04:00:00,-0.005738599935072086,-0.026511798312947255,-0.025974784886305113
2015-07-23 04:00:00,-0.011336331726751303,-0.024948995822856368,-0.02645557303979118
2015-07-24 04:00:00,-0.021590847492722554,-0.03005071972680906,-0.032568495234242545
2015-07-27 04:00:00,-0.027282519924707094,-0.03135866690947409,-0.0362492161536877
2015-07-28 04:00:00,-0.015334589243479635,-0.027045562757726183,-0.030463599651934348
2015-07-29 04:00:00,-0.008561015216585255,-0.024475327410349634,-0.027238525632028887
2015-07-30 04:00:00,-0.008325606993978885,-0.021329680693739084,-0.02521588259306473
2015-07-31 04:00:00,-0.009831226262754234,-0.01932474995150768,-0.025284687029562436
2015-08-03 04:00:00,-0.013170443517140806,-0.017179598224990933,-0.025789769897735293
2015-08-04 04:00:00,-0.015099352289132839,-0.021450760384376877,-0.02868393605096009
2015-08-05 04:00:00,-0.011853390602013736,-0.022453614086510698,-0.02932488626018348
2015-08-06 04:00:00,-0.019944360080554113,-0.023784648265424813,-0.03157094852339526
2015-08-07 04:00:00,-0.021825913178809775,-0.01978691320050663,-0.029250568926108222
2015-08-10 04:00:00,-0.009501534863323835,-0.017232705884806965,-0.023442656673843376
2015-08-11 04:00:00,-0.018439254616557044,-0.01631122589793199,-0.02537894425955789
2015-08-12 04:00:00,-0.01726315547895263,-0.01774893693715729,-0.026585508302034544
2015-08-13 04:00:00,-0.018486096485515024,-0.019749039923590006,-0.028693395280011247
2015-08-14 04:00:00,-0.014911214106133164,-0.016687365439474133,-0.026516938484315244
2015-08-17 04:00:00,-0.009407851125407651,-0.011614395781878839,-0.022315467380029763
2015-08-18 04:00:00,-0.012277108275878912,-0.01644376628892752,-0.02683527668598562
2015-08-19 04:00:00,-0.020085827662854938,-0.01722392686220653,-0.029657369456970062
2015-08-20 04:00:00,-0.04054733225280149,-0.025566468169488044,-0.038615951611306265
2015-08-21 04:00:00,-0.06942941208658904,-0.04199108069827062,-0.05670640407463934
2015-08-24 04:00:00,-0.10861284955530592,-0.06631572340224756,-0.08298418327813473
2015-08-25 04:00:00,-0.11910251664149418,-0.0789077944631954,-0.09349729791518957
2015-08-26 04:00:00,-0.08528140274185037,-0.06480153681780254,-0.07842721074306269
2015-08-27 04:00:00,-0.06265575242556487,-0.050707355863693016,-0.06126570108023932
2015-08-28 04:00:00,-0.06260865365421786,-0.04955827985255701,-0.05795425999487369
2015-08-31 04:00:00,-0.07018187918445795,-0.057085911146407375,-0.062416552437364325
2015-09-01 04:00:00,-0.09793521555437756,-0.07125485239721507,-0.08028830765481765
2015-09-02 04:00:00,-0.08081250004816898,-0.06387406928980166,-0.07139975675327015
2015-09-03 04:00:00,-0.08015423049299464,-0.06164565449621262,-0.06903519876350128
2015-09-04 04:00:00,-0.09407774054691254,-0.06674082529599479,-0.07608884848705477
2015-09-08 04:00:00,-0.07131105081897471,-0.05817610944085927,-0.06557866191065764
2015-09-09 04:00:00,-0.08372911287237672,-0.06392453400432929,-0.0729501785281439
2015-09-10 04:00:00,-0.07874323693756247,-0.06339656319948883,-0.0710042704168059
2015-09-11 04:00:00,-0.07455658433544532,-0.058482260266876196,-0.0668370356352348
2015-09-14 04:00:00,-0.07799051293730463,-0.05998888230385213,-0.06964052355353256
2015-09-15 04:00:00,-0.06646587175929408,-0.060145031535960514,-0.06770277419406234
2015-09-16 04:00:00,-0.05837533045140231,-0.05667634185230186,-0.06236564501548014
2015-09-17 04:00:00,-0.0604919492357453,-0.053343212171039434,-0.06080825307422166
2015-09-18 04:00:00,-0.07584486418298564,-0.05679929231128411,-0.06709945515973892
2015-09-21 04:00:00,-0.07106913440250962,-0.06002411699267107,-0.0677119395892094
2015-09-22 04:00:00,-0.08312650550152179,-0.062116786018869385,-0.07163648331134453
2015-09-23 04:00:00,-0.08459230489997627,-0.06304719267862036,-0.07328809420708626
2015-09-24 04:00:00,-0.08790214964786813,-0.06252534679661503,-0.0728464503643329
2015-09-25 04:00:00,-0.08813867111416085,-0.06591333160274104,-0.0748414555673218
2015-09-28 04:00:00,-0.11102379284350439,-0.07358479183956435,-0.08530528735812848
2015-09-29 04:00:00,-0.11050365113957206,-0.07221037825601218,-0.08359499834601691
2015-09-30 04:00:00,-0.09390698609224679,-0.06311109391684033,-0.07361921236991953
2015-10-01 04:00:00,-0.09154322720952546,-0.060045566726632194,-0.07159482696516184
2015-10-02 04:00:00,-0.07797287230658201,-0.049343456241638606,-0.06096973243115378
2015-10-05 04:00:00,-0.06156537305181309,-0.04435262978362209,-0.053526229297594985
2015-10-06 04:00:00,-0.06478059208636189,-0.044668146141926934,-0.05239722835444549
2015-10-07 04:00:00,-0.05712044791445381,-0.04124282179816452,-0.048866438254146716
2015-10-08 04:00:00,-0.04860961429788557,-0.039262134028104745,-0.04567868549712306
2015-10-09 04:00:00,-0.048042202554346325,-0.03790989171194181,-0.04416014807471502
2015-10-12 04:00:00,-0.04714381489943098,-0.0344382978912684,-0.04295428716790606
2015-10-13 04:00:00,-0.05314882261206888,-0.03743125888319132,-0.04670098240100229
2015-10-14 04:00:00,-0.05768794529212251,-0.03683053420468885,-0.04669283477849395
2015-10-15 04:00:00,-0.043219288368393505,-0.029845079338792324,-0.03955857619819103
2015-10-16 04:00:00,-0.038869160212636755,-0.027073042350308274,-0.03678302306627346
2015-10-19 04:00:00,-0.038396374182440685,-0.02785370139184573,-0.03904063739350594
2015-10-20 04:00:00,-0.039626080285251275,-0.030990803449088,-0.04136030773070587
2015-10-21 04:00:00,-0.04558347542176355,-0.03074750420211525,-0.04289329419580168
2015-10-22 04:00:00,-0.029459853307023498,-0.02026650461446511,-0.032387488436293355
2015-10-23 04:00:00,-0.018821097200989012,-0.017165924091541496,-0.029076938702285005
2015-10-26 04:00:00,-0.021232297391576394,-0.01599834311016357,-0.028828676187777957
2015-10-27 04:00:00,-0.02312395531713929,-0.016155847207447893,-0.029681225382441334
2015-10-28 04:00:00,-0.01201215627851926,-0.011023688631708328,-0.022600305802776166
2015-10-29 04:00:00,-0.012579396753798933,-0.017657903766977956,-0.028182911339494687
2015-10-30 04:00:00,-0.016835156098601978,-0.0172316032487283,-0.027526298190799103
2015-11-02 05:00:00,-0.005203300990179294,-0.01206185209821975,-0.022475634748954643
2015-11-03 05:00:00,-0.002319143501136489,-0.013583762183377868,-0.021434333144715212
2015-11-04 05:00:00,-0.005345196743129055,-0.014922080721271103,-0.024528496173815806
2015-11-05 05:00:00,-0.006338210111387355,-0.01655365118147767,-0.026659987251659745
2015-11-06 05:00:00,-0.0068583518153200185,-0.02262754135488909,-0.0318286355387114
2015-11-09 05:00:00,-0.01612593423624309,-0.03030100703520633,-0.0397283241481986
2015-11-10 05:00:00,-0.01385628726208643,-0.027811832478092047,-0.03774208561111114
2015-11-11 05:00:00,-0.01773337248525797,-0.03092415845041463,-0.04159786938536025
2015-11-12 05:00:00,-0.031445965677669996,-0.03717540539958286,-0.04961915958829022
2015-11-13 05:00:00,-0.04232098634760817,-0.041461248503485204,-0.055118632280569346
2015-11-16 05:00:00,-0.027757532442276522,-0.03306772606265074,-0.04629500839431555
2015-11-17 05:00:00,-0.02846709684115445,-0.03284410736249943,-0.04769510017155276
2015-11-18 05:00:00,-0.013052525320514152,-0.02282972480790524,-0.0376291246850432
2015-11-19 05:00:00,-0.01390347166756345,-0.020729673558596562,-0.03620240391631813
2015-11-20 05:00:00,-0.010310092316161423,-0.019788509796583087,-0.035116618847644054
2015-11-23 05:00:00,-0.011444915803239697,-0.01925810008207618,-0.034142487104917296
2015-11-24 05:00:00,-0.010121012157734866,-0.018502630044060164,-0.03183588809973481
2015-11-25 05:00:00,-0.010262736642424941,-0.01767695169390393,-0.03137920418026929
2015-11-27 05:00:00,-0.00912791315534689,-0.01739059945120458,-0.03247047391610525
2015-11-30 05:00:00,-0.013241605478940821,-0.018278665111719272,-0.03433859507470016
2015-12-01 05:00:00,-0.0038321273050681004,-0.007357730609616753,-0.02381179566550573
2015-12-02 05:00:00,-0.013998268649165979,-0.013306434213298024,-0.03173453465887677
2015-12-03 05:00:00,-0.027804973750142792,-0.032324887152671344,-0.04666307449498874
2015-12-04 05:00:00,-0.008844207283577377,-0.01760094776259369,-0.03312896856940062
2015-12-07 05:00:00,-0.014849214996215276,-0.017359321388825122,-0.036622944838373805
2015-12-08 05:00:00,-0.02146881885786911,-0.021127255355034014,-0.040853865965857716
2015-12-09 05:00:00,-0.029081607356040817,-0.026114430982288495,-0.04556820741922385
2015-12-10 05:00:00,-0.026575182013202525,-0.024093419486827305,-0.04406096976257923
2015-12-11 05:00:00,-0.04544175093707348,-0.029291226563791795,-0.05163772226240981
2015-12-14 05:00:00,-0.04061866548286097,-0.03136801807644363,-0.05307153553118671
2015-12-15 05:00:00,-0.03054732112036551,-0.0275504261256575,-0.048992777313431546
2015-12-16 05:00:00,-0.016362370068405907,-0.019846038911602082,-0.041680142382581664
2015-12-17 05:00:00,-0.03135116869606758,-0.02437511531770986,-0.048196713641599276
2015-12-18 05:00:00,-0.04860764471290224,-0.03263806485515608,-0.05635375820289934
2015-12-21 05:00:00,-0.040759447992124165,-0.027944276838650972,-0.05217874149211221
2015-12-22 05:00:00,-0.032055081242383765,-0.025460895857513544,-0.04950302811020357
2015-12-23 05:00:00,-0.020069214641689648,-0.02115248773075673,-0.042851214575514995
2015-12-24 05:00:00,-0.021685987010844454,-0.019878441294088667,-0.04215373939389222
2015-12-28 05:00:00,-0.02392155160137155,-0.020063742094187154,-0.04397702948027438
2015-12-29 05:00:00,-0.013504844793706394,-0.020300939190762368,-0.041026823318825234
2015-12-30 05:00:00,-0.020497042753781614,-0.024858693231989304,-0.046321354707531626
2015-12-31 05:00:00,-0.030295299876592963,-0.02895682586745163,-0.05025597543148619
2016-01-04 05:00:00,-0.04385126824574315,-0.034299137955636105,-0.05687723766004449
2016-01-05 05:00:00,-0.04223398207181017,-0.0348775877375328,-0.057986276163851325
2016-01-06 05:00:00,-0.05431558762953359,-0.03698013625982921,-0.06281451999167487
2016-01-07 05:00:00,-0.07700400776290528,-0.050151388157960164,-0.0762358642349793
2016-01-08 05:00:00,-0.08713495347968736,-0.05470516604941511,-0.08150929663871453
2016-01-11 05:00:00,-0.08623142777698878,-0.05828178632794645,-0.08649083390713863
2016-01-12 05:00:00,-0.07885901428094721,-0.048289360822910576,-0.07870244817400307
2016-01-13 05:00:00,-0.1018329386028125,-0.05877877007050525,-0.09028614011069491
2016-01-14 05:00:00,-0.0870875978059511,-0.05303153090049384,-0.08365787797645619
2016-01-15 05:00:00,-0.10668411205157391,-0.0593239884533322,-0.09310738618940528
2016-01-19 05:00:00,-0.10549533906277075,-0.05973978121294132,-0.09397836137190951
2016-01-20 05:00:00,-0.11695866620390016,-0.06300940214294526,-0.09876414380993159
2016-01-21 05:00:00,-0.11201183943223925,-0.062404368469235916,-0.09635657608517101
2016-01-22 05:00:00,-0.0937942915775326,-0.05229398209699454,-0.08356565055223952
2016-01-25 05:00:00,-0.10749292640680008,-0.058832926961946086,-0.09238147999936097
2016-01-26 05:00:00,-0.09531635259921467,-0.05094945634842318,-0.08302643647616015
2016-01-27 05:00:00,-0.10516213666402197,-0.05723705167988502,-0.08796776064364087
2016-01-28 05:00:00,-0.10050089971498433,-0.05375195318297721,-0.08370667142612753
2016-01-29 05:00:00,-0.07857342445832394,-0.036703198919711966,-0.067105822638729
2016-02-01 05:00:00,-0.0789063699546837,-0.03809178535752589,-0.06991686814831843
2016-02-02 05:00:00,-0.09550680290371671,-0.041355219761585627,-0.07642956323812378
2016-02-03 05:00:00,-0.0900841072731896,-0.041086971948054996,-0.07308125631694684
2016-02-04 05:00:00,-0.08865761394027771,-0.03832620781909102,-0.07100857542603967
2016-02-05 05:00:00,-0.10601847796124364,-0.048869402924051064,-0.08189117366380883
2016-02-08 05:00:00,-0.11805204277219294,-0.04836376695319866,-0.08381849730228763
2016-02-09 05:00:00,-0.11800494400084571,-0.04792789056876923,-0.08584749124688273
2016-02-10 05:00:00,-0.11876597451168669,-0.04506494493359381,-0.08375363346054032
2016-02-11 05:00:00,-0.13022913038455664,-0.04984277880629595,-0.08785032645355706
2016-02-12 05:00:00,-0.11229691545008436,-0.044398828487064446,-0.07977709276537259
2016-02-16 05:00:00,-0.09731428247976259,-0.038762029449728286,-0.07440695035061573
2016-02-17 05:00:00,-0.08256902731703086,-0.031705295485469964,-0.06509568967769608
2016-02-18 05:00:00,-0.08632665292923991,-0.029322327971356255,-0.0644630464084911
2016-02-19 05:00:00,-0.08675465230959145,-0.02926889986375203,-0.06531014954984304
2016-02-22 05:00:00,-0.07353154380267124,-0.021042888037434593,-0.055912088632179224
2016-02-23 05:00:00,-0.08523276255616885,-0.02687660249189261,-0.06319083091366307
2016-02-24 05:00:00,-0.08104688066121912,-0.02497467814596155,-0.0599716408921499
2016-02-25 05:00:00,-0.06991684155296851,-0.01649204496090484,-0.052204719704117886
2016-02-26 05:00:00,-0.07205726662537437,-0.02164436607131781,-0.05640614547143652
2016-02-29 05:00:00,-0.07933462623742438,-0.02453733747396014,-0.058409621710540316
2016-03-01 05:00:00,-0.05769256953512791,-0.01765001180436765,-0.050029563308884084
2016-03-02 05:00:00,-0.05345916069818235,-0.013380439092076868,-0.04577160770589972
2016-03-03 05:00:00,-0.0497492332962286,-0.009621962950124296,-0.04196366604743307
2016-03-04 05:00:00,-0.046657241774349933,-0.01022868396636345,-0.040079592075597414
2016-03-07 05:00:00,-0.045896725068287236,-0.009878155051057269,-0.037957808114650105
2016-03-08 05:00:00,-0.05631308933943335,-0.011989395120998947,-0.04236505659098089
2016-03-09 05:00:00,-0.0516519380245255,-0.011463421447499456,-0.03982333482678169
2016-03-10 05:00:00,-0.05089073624542517,-0.012609272714239061,-0.04068565815995695
2016-03-11 05:00:00,-0.0355749008763544,-0.007039988346304038,-0.03394717105858014
2016-03-14 04:00:00,-0.03681171461193167,-0.00655669883145138,-0.03464291106606465
2016-03-15 04:00:00,-0.038381302575609455,-0.007154632669055028,-0.0361118713666676
2016-03-16 04:00:00,-0.032816026119094954,-0.0025270166068861455,-0.030227387553852902
2016-03-17 04:00:00,-0.026680340724500984,0.0,-0.024251588227458654
2016-03-18 04:00:00,-0.022855492320459914,0.0,-0.021409094668747297
2016-03-21 04:00:00,-0.021469161394387704,-0.0022169753713260354,-0.02253972009175431
2016-03-22 04:00:00,-0.021994954950881884,-0.0026321346384551303,-0.022205869460896088
2016-03-23 04:00:00,-0.02844937057630159,-0.0020636017211109747,-0.02482255272994638
2016-03-24 04:00:00,-0.028879767712285287,-0.002174651561878127,-0.02554964074117938
2016-03-28 04:00:00,-0.028305847774887316,-0.0012969964569007342,-0.024528459575971828
2016-03-29 04:00:00,-0.019317261348599124,0.0,-0.01626456382768493
2016-03-30 04:00:00,-0.015015002671356914,-0.0015792648748451654,-0.01715055416559319
2016-03-31 04:00:00,-0.017405308134291975,-0.00019997241480185224,-0.0166376883630438
2016-04-01 04:00:00,-0.010711630750428469,0.0,-0.013550742906025537
2016-04-04 04:00:00,-0.01391511790920541,-0.0016981162344695822,-0.016645793863404035
2016-04-05 04:00:00,-0.023764156070942066,-0.0033135667803778635,-0.019541545842166053
2016-04-06 04:00:00,-0.013102193115752891,0.0,-0.014184754693577606
2016-04-07 04:00:00,-0.024911310872700376,-0.002241339807481757,-0.017914898876619345
2016-04-08 04:00:00,-0.02228165801719184,-0.0031505529095041673,-0.01583787035972284
2016-04-11 04:00:00,-0.024576567059616528,-0.005067997601906571,-0.016861965275616897
2016-04-12 04:00:00,-0.015492755481077092,-0.0022555054862042345,-0.011270200378415418
2016-04-13 04:00:00,-0.005548149630570598,0.0,-0.003728685769775808
2016-04-14 04:00:00,-0.005500280152055836,-0.0018892230974478785,-0.0059318811031811025
2016-04-15 04:00:00,-0.006600079280077664,0.0,-0.004402248977125711
2016-04-18 04:00:00,0.0,0.0,-0.0010551366150913788
2016-04-19 04:00:00,0.0,0.0,0.0
2016-04-20 04:00:00,0.0,-0.003828465793079605,-0.0007873678332688261
2016-04-21 04:00:00,-0.00537832686362083,-0.009413352770737182,-0.006217737286574487
2016-04-22 04:00:00,-0.00537832686362083,-0.010429222378167902,-0.007404365946293678
2016-04-25 04:00:00,-0.007091960966550848,-0.013086751858995549,-0.00973073969992233
2016-04-26 04:00:00,-0.005616262925571935,-0.013997686008410892,-0.00892682474950135
2016-04-27 04:00:00,-0.003569808189945345,-0.008843974306371738,-0.0038303063020674877
2016-04-28 04:00:00,-0.01261316881900365,-0.012606366334264485,-0.0074675578587992675
2016-04-29 04:00:00,-0.017944010771658192,-0.014794847613364914,-0.008958963753799898
2016-05-02 04:00:00,-0.010137985865694477,-0.014063905952839462,-0.008585353144472507
2016-05-03 04:00:00,-0.018752959281816972,-0.014244938480327818,-0.011532921208405877
2016-05-04 04:00:00,-0.02422676747449004,-0.015381322784641549,-0.013144852510857286
2016-05-05 04:00:00,-0.02441696287191486,-0.01286351442860667,-0.012256077731581771
2016-05-06 04:00:00,-0.020847154681969737,-0.012383907716306042,-0.010720388837564987
2016-05-09 04:00:00,-0.02003812092062429,-0.010653026504508945,-0.011469348794889367
2016-05-10 04:00:00,-0.007853254063370008,-0.003241734594567558,-0.0016380152661558123
2016-05-11 04:00:00,-0.01713472125675264,-0.006582025982542983,-0.003219861508401256
2016-05-12 04:00:00,-0.016849129781462024,-0.008220334960351794,-0.004271646198730439
2016-05-13 04:00:00,-0.025416533035431677,-0.009560408583879854,-0.006719579406967435
2016-05-16 04:00:00,-0.015801818953419033,-0.007111588483622366,-0.0023102808249563234
2016-05-17 04:00:00,-0.024988145822495977,-0.012006063775117815,-0.006646101091470458
2016-05-18 04:00:00,-0.024702554347205363,-0.017458368888150222,-0.011454671431459507
2016-05-19 04:00:00,-0.028081996637352336,-0.017801285386578658,-0.012497324967375323
2016-05-20 04:00:00,-0.021942206174539014,-0.013776295470028121,-0.00812073196721197
2016-05-23 04:00:00,-0.023274767473126068,-0.013703652968543034,-0.008809914243942618
2016-05-24 04:00:00,-0.010614198994343016,-0.007787016770212318,-0.002423209665555426
2016-05-25 04:00:00,-0.0039031403297620226,-0.0052463630219324875,0.0
2016-05-26 04:00:00,-0.003617207849724857,-0.0030145641646980303,0.0
2016-05-27 04:00:00,0.0,-0.0010254792947912428,0.0
2016-05-31 04:00:00,-0.001902476746820092,-0.0012118656417131612,-0.0010334242756134815
2016-06-01 04:00:00,0.0,0.0,0.0
2016-06-02 04:00:00,0.0,0.0,0.0
2016-06-03 04:00:00,-0.0029873635126373976,0.0,0.0
2016-06-06 04:00:00,0.0,0.0,0.0
2016-06-07 04:00:00,0.0,0.0,0.0
2016-06-08 04:00:00,0.0,0.0,0.0
2016-06-09 04:00:00,-0.0013653795939131408,0.0,0.0
2016-06-10 04:00:00,-0.010829925436729115,-0.003748105265057977,-0.005454566374748615
2016-06-13 04:00:00,-0.018458053015423248,-0.006583967482679864,-0.008728256981934024
2016-06-14 04:00:00,-0.020388847693504464,-0.008049775492327216,-0.010763092568901622
2016-06-15 04:00:00,-0.02175448030729421,-0.007354308120424258,-0.010968377135487373
2016-06-16 04:00:00,-0.01883479961163137,-0.00364704234426394,-0.009449267594283994
2016-06-17 04:00:00,-0.02248865964913227,-0.008355549768778836,-0.011189726673126676
2016-06-20 04:00:00,-0.01619386247998611,-0.008765515699981297,-0.00963461573189961
2016-06-21 04:00:00,-0.013400860402524306,-0.008909480375442924,-0.010091965919261425
2016-06-22 04:00:00,-0.015010404177324466,-0.009226390230820058,-0.011154282043047692
2016-06-23 04:00:00,-0.0021833085148946774,-0.0060181186417044286,-0.006040500860634568
2016-06-24 04:00:00,-0.03801421229514668,-0.0167597407810951,-0.021461665739799463
2016-06-27 04:00:00,-0.055243179090167516,-0.01750607403703508,-0.024843127887856475
2016-06-28 04:00:00,-0.03820338682285973,-0.006054911781282923,-0.012118339499399555
2016-06-29 04:00:00,-0.0218262536122803,0.0,-0.0028714666717131188
2016-06-30 04:00:00,-0.008478864743670655,0.0,0.0
2016-07-01 04:00:00,-0.006396089459731691,0.0,0.0
2016-07-05 04:00:00,-0.013542973233195865,0.0,-0.0033910194795921944
2016-07-06 04:00:00,-0.00762660945943483,0.0,0.0
2016-07-07 04:00:00,-0.0082418694592864,-0.0004001033695404388,-0.0032294773215651995
2016-07-08 04:00:00,0.0,0.0,0.0
2016-07-11 04:00:00,0.0,-0.0013935386834305064,-0.0009193542730119297
2016-07-12 04:00:00,0.0,-0.003608085810074324,0.0
2016-07-13 04:00:00,-0.00013976356249523203,0.0,0.0
2016-07-14 04:00:00,0.0,-0.002466843884006975,-0.0006101464888871311
2016-07-15 04:00:00,-0.0013417547669024588,-0.0067001085389371,-0.00425918123824176
2016-07-18 04:00:00,0.0,-0.005471928922229918,-0.003401307034982648
2016-07-19 04:00:00,-0.0010164537891041991,-0.0038342745199517747,-0.002926047440873658
2016-07-20 04:00:00,0.0,-0.0035241363983745666,-0.0027456737535299647
2016-07-21 04:00:00,-0.003777127946371972,-0.0049752975736576666,-0.004943738384827645
2016-07-22 04:00:00,0.0,-0.0016085068509329448,-0.0019537586704424514
2016-07-25 04:00:00,-0.002715935624320265,-0.003522985358377917,-0.004892470296775087
2016-07-26 04:00:00,-0.0022557882803833085,-0.002615008325931867,-0.004558185253441871
2016-07-27 04:00:00,-0.003314455262235838,0.0,-0.0024447315902575983
2016-07-28 04:00:00,-0.0021635127434975754,-4.64037611537238e-05,-0.002587672847244815
2016-07-29 04:00:00,-0.0005524228808224674,0.0,0.0
2016-08-01 04:00:00,-0.0013806880999087667,-0.0048341459843188606,-0.005500615196183833
2016-08-02 04:00:00,-0.007779278884313956,-0.01276118096494383,-0.012539505395883999
2016-08-03 04:00:00,-0.00487936634511843,-0.010801443065357574,-0.009015375560623928
2016-08-04 04:00:00,-0.0038206993632657893,-0.007196875432035954,-0.005731381493891741
2016-08-05 04:00:00,0.0,-0.006454122522167038,-0.0035364990166194543
2016-08-08 04:00:00,-0.0005958593167659787,-0.006060494801364169,-0.0027743447156742818
2016-08-09 04:00:00,0.0,-0.001794434239490439,0.0
2016-08-10 04:00:00,-0.0024749068990235212,-0.0017324210786879846,-0.0015052062870907212
2016-08-11 04:00:00,0.0,-0.0025139622113461435,0.0
2016-08-12 04:00:00,-0.0008688049868965653,0.0,0.0
2016-08-15 04:00:00,0.0,-0.002039143450946135,0.0
2016-08-16 04:00:00,-0.005157710434292917,-0.00619170247110179,-0.0030836338729010038
2016-08-17 04:00:00,-0.003286142360843458,-0.0026857317405868386,0.0
2016-08-18 04:00:00,-0.0010498901555779927,-0.0007128456567850883,0.0
2016-08-19 04:00:00,-0.002510415944862121,-0.003682194928459337,-0.0027775129886398187
2016-08-22 04:00:00,-0.0025562861166604778,-0.0003479591699411255,-0.0012047851721818104
2016-08-23 04:00:00,-0.0005480021588258888,0.0,0.0
2016-08-24 04:00:00,-0.005659679761136682,-0.004011254486044891,-0.004972413977164303
2016-08-25 04:00:00,-0.006344560464531468,-0.005934438570214695,-0.006114454932914182
2016-08-26 04:00:00,-0.008215884547705388,-0.009371972357352543,-0.00930598651032788
2016-08-29 04:00:00,-0.003331849872458048,-0.0011467005654776097,-0.0028045463299526396
2016-08-30 04:00:00,-0.004975043048017547,-0.003673626339558922,-0.005885869791880771
2016-08-31 04:00:00,-0.007805167583907369,-0.0048032608185700765,-0.009052755752906205
2016-09-01 04:00:00,-0.007759460072292557,-0.0043366512095793786,-0.009799271543984855
2016-09-02 04:00:00,-0.003286142360843458,-0.004891563576849389,-0.00843017854268402
2016-09-06 04:00:00,-0.0002740010794129999,-0.000187281210109691,-0.0037759517057457392
2016-09-07 04:00:00,-0.0003653347725505185,-0.0005285669328405351,-0.0031508722336157646
2016-09-08 04:00:00,-0.0026474571496144517,-0.006911391839208303,-0.006494016673592173
2016-09-09 04:00:00,-0.026518977726290305,-0.027717266763234272,-0.027207558125150855
2016-09-12 04:00:00,-0.012551998394218722,-0.019146613291378345,-0.018682633224500256
2016-09-13 04:00:00,-0.026747108633904948,-0.03206297773650302,-0.03176323365684541
2016-09-14 04:00:00,-0.02711219941618015,-0.03170315283572178,-0.03228430689255979
2016-09-15 04:00:00,-0.017390162897667705,-0.0275709122869342,-0.02726438799431341
2016-09-16 04:00:00,-0.021188684837110672,-0.026683444523038946,-0.02702772364266648
2016-09-19 04:00:00,-0.021004960159641373,-0.027845172230920645,-0.027938696859574286
2016-09-20 04:00:00,-0.020959089987842905,-0.0264569815340574,-0.026553989534447098
2016-09-21 04:00:00,-0.009949435455300693,-0.01673902074763134,-0.016414165000758763
2016-09-22 04:00:00,-0.0037106854402547684,-0.009895067214057529,-0.009813060065144374
2016-09-23 04:00:00,-0.009169561204635523,-0.01352613453929985,-0.014492409205195012
2016-09-26 04:00:00,-0.017197491910096008,-0.015812546289778795,-0.016726860398756704
2016-09-27 04:00:00,-0.011096108420169837,-0.00925894993816101,-0.01183894338368463
2016-09-28 04:00:00,-0.006187756047462023,-0.007165713801394746,-0.00722513600053265
2016-09-29 04:00:00,-0.015179285681056975,-0.011550560591144232,-0.011260012003200148
2016-09-30 04:00:00,-0.007747341888608705,-0.010608787546379506,-0.00910377989995903
2016-10-03 04:00:00,-0.01013307880267822,-0.013342016131050571,-0.010655991727869907
2016-10-04 04:00:00,-0.015179285681056975,-0.020975463343197998,-0.01741457043521022
2016-10-05 04:00:00,-0.010820968719471136,-0.020200705649883077,-0.01559348911817815
2016-10-06 04:00:00,-0.010133078802678441,-0.021976197580231394,-0.016634251881617157
2016-10-07 04:00:00,-0.013527552845854274,-0.023725213448885896,-0.01871745165815586
2016-10-10 04:00:00,-0.008389605623878693,-0.022978148833216583,-0.0162887010808328
2016-10-11 04:00:00,-0.020913301146136654,-0.03126225873170163,-0.024984692588540858
2016-10-12 04:00:00,-0.019628936335780556,-0.030120490331387084,-0.024633788013152635
2016-10-13 04:00:00,-0.02284001102185451,-0.030567498930093917,-0.024806348590977523
2016-10-14 04:00:00,-0.022335357801980038,-0.03570068003172078,-0.028539613949183362
2016-10-17 04:00:00,-0.0257300758354313,-0.03524755856257866,-0.02857589786634307
2016-10-18 04:00:00,-0.019628936335780667,-0.030369577671013448,-0.023788883943889005
2016-10-19 04:00:00,-0.01701392989281081,-0.028496467010286297,-0.021346311617055913
2016-10-20 04:00:00,-0.018848736764748186,-0.029175336186953893,-0.02302232822492667
2016-10-21 04:00:00,-0.018390441697223037,-0.028319908833999596,-0.021924368071026823
2016-10-24 04:00:00,-0.014215605422830735,-0.027531277932661413,-0.02064121549761211
2016-10-25 04:00:00,-0.017518664442777054,-0.02846060206956269,-0.022282284846135147
2016-10-26 04:00:00,-0.01949124449029338,-0.03225917955596069,-0.02608407743458796
2016-10-27 04:00:00,-0.02210576295271227,-0.03802454086696305,-0.030247425798845984
2016-10-28 04:00:00,-0.024996478407023792,-0.04058428447124196,-0.03324824842485319
2016-10-31 04:00:00,-0.024950120254674246,-0.0382034419130004,-0.03271745826645944
2016-11-01 04:00:00,-0.032014777352367574,-0.042355326663901294,-0.03644778023512829
2016-11-02 04:00:00,-0.03784061449113585,-0.0441467684753567,-0.039823478182770766
2016-11-03 04:00:00,-0.04224455763424462,-0.049706629431196636,-0.044994754003342075
2016-11-04 04:00:00,-0.043299734245792365,-0.0469286038252934,-0.04370400301930544
2016-11-07 05:00:00,-0.022197828616676296,-0.037556662166333465,-0.033096987077204876
2016-11-08 05:00:00,-0.017793804143475866,-0.03651773535267133,-0.03179197183211291
2016-11-09 05:00:00,-0.00738046184431318,-0.04674196478626258,-0.037498203031226196
2016-11-10 05:00:00,-0.004903553897289803,-0.05094675498049217,-0.04110198795153486
2016-11-11 05:00:00,-0.007196981157119642,-0.05439362434535422,-0.04587318991063405
2016-11-14 05:00:00,-0.006417106906454473,-0.056210545707730764,-0.04733437282354913
2016-11-15 05:00:00,0.0,-0.04992474719081896,-0.03934068171257721
2016-11-16 05:00:00,-0.0018786558862845526,-0.0475666179942873,-0.03899940459608209
2016-11-17 05:00:00,0.0,-0.05023448258741192,-0.04007866194826215
2016-11-18 05:00:00,-0.0022376866918036864,-0.05260673104004965,-0.041407398339981305
2016-11-21 05:00:00,0.0,-0.04737325753480037,-0.03367098175588512
2016-11-22 05:00:00,0.0,-0.04638272923759712,-0.03276242318878009
2016-11-23 05:00:00,0.0,-0.04755174628985137,-0.03318748378585257
2016-11-25 05:00:00,0.0,-0.04486006433510148,-0.0313027626959852
2016-11-28 05:00:00,-0.004694613615564003,-0.04473608772375881,-0.03156792012662879
2016-11-29 05:00:00,-0.0027537976965514854,-0.042017500528340634,-0.03114676097632485
2016-11-30 05:00:00,-0.005146163447112939,-0.049604004379691036,-0.03429602580212321
2016-12-01 05:00:00,-0.008802980773116809,-0.055714020844337964,-0.03770703705585965
2016-12-02 05:00:00,-0.008306131897849678,-0.05266236876996411,-0.03461894488757211
2016-12-05 05:00:00,-0.002347626942366232,-0.0496590955137155,-0.030958456577358184
2016-12-06 05:00:00,0.0,-0.04813938171690857,-0.02976845284356011
2016-12-07 05:00:00,0.0,-0.03741541351061617,-0.020412339326793205
2016-12-08 05:00:00,0.0,-0.040542454723447974,-0.022249547533495173
2016-12-09 05:00:00,0.0,-0.041838938295493455,-0.021850533736041622
2016-12-12 05:00:00,-0.001147915296280555,-0.04178127571210777,-0.021347794580852897
2016-12-13 05:00:00,0.0,-0.03657662867043854,-0.016132010146767684
2016-12-14 05:00:00,-0.008254254708677133,-0.04565376599985338,-0.02524010945378785
2016-12-15 05:00:00,-0.004170951811156565,-0.04136821598350382,-0.02148022476991107
2016-12-16 05:00:00,-0.006118921672384925,-0.04337526333898689,-0.022863926202304596
2016-12-19 05:00:00,-0.003954709642345677,-0.03800934986019078,-0.01899634041253717
2016-12-20 05:00:00,-0.00011232449589426707,-0.037700081221421766,-0.017750544022248516
2016-12-21 05:00:00,-0.0028944380147818416,-0.03760780565655364,-0.01865581842010311
2016-12-22 05:00:00,-0.004616980474686949,-0.03929341858599,-0.02032558617351765
2016-12-23 05:00:00,-0.003159486461434491,-0.037666636406638254,-0.01867676002416141
2016-12-27 05:00:00,-0.0006863236869714129,-0.03747326904921,-0.01664810399904537
2016-12-28 05:00:00,-0.00894517101190484,-0.03943218724767383,-0.019305810631696563
2016-12-29 05:00:00,-0.009166083637925593,-0.038199177346761815,-0.01827024427670887
2016-12-30 05:00:00,-0.01278740047644944,-0.03972614624919846,-0.019791121671519862
2017-01-03 05:00:00,-0.005235660373070439,-0.03367448607286283,-0.01520918383993608
2017-01-04 05:00:00,0.0,-0.02873878056561563,-0.009802706500658509
2017-01-05 05:00:00,-0.0007944473165447663,-0.02312015907676246,-0.0051222659613957555
2017-01-06 05:00:00,0.0,-0.024611088686826044,-0.00585266086190428
2017-01-09 05:00:00,-0.0033010051410941044,-0.02341146658867821,-0.006935134094439355
2017-01-10 05:00:00,-0.0033010051410941044,-0.02366797677298116,-0.007576644378403108
2017-01-11 05:00:00,-0.0004841277690831314,-0.02069719895208788,-0.003804058013736511
2017-01-12 05:00:00,-0.0029929661455756484,-0.023037882603316073,-0.004504613189861617
2017-01-13 05:00:00,-0.0007041999499659557,-0.023551647999379144,-0.004742037679635436
2017-01-17 05:00:00,-0.00422543241623663,-0.021527235188333105,-0.003783171973884558
2017-01-18 05:00:00,-0.0020247106074093857,-0.02524257138220276,-0.007168229299108098
2017-01-19 05:00:00,-0.005721566414363277,-0.030083423042263746,-0.011733235009007581
2017-01-20 05:00:00,-0.0020687715868742407,-0.028720085970883158,-0.009013013984546125
2017-01-23 05:00:00,-0.00466549920585535,-0.026349539201052208,-0.007585829162801372
2017-01-24 05:00:00,0.0,-0.02527248495110268,-0.005557878015253426
2017-01-25 05:00:00,0.0,-0.025103684460108355,-0.004762640469513579
2017-01-26 05:00:00,-0.0010452877140039174,-0.024402323264772985,-0.003941051491869074
2017-01-27 05:00:00,-0.0026133344470785635,-0.023913058160573986,-0.004616347291226841
2017-01-30 05:00:00,-0.008799073052828232,-0.028720417030930423,-0.009787930126087474
2017-01-31 05:00:00,-0.008886058802366592,-0.026067882416284993,-0.007203702151603597
2017-02-01 05:00:00,-0.008494200668523355,-0.0282456279576776,-0.007738178440420018
2017-02-02 05:00:00,-0.007840924637788182,-0.028024644675008537,-0.007470877209616811
2017-02-03 05:00:00,-0.0010018332265906427,-0.02416813934141726,-0.0035534258851748213
2017-02-06 05:00:00,-0.002787843369144394,-0.022853145125615204,-0.003439860881646828
2017-02-07 05:00:00,-0.002744005008167738,-0.019954178617594076,-0.0016571146776752643
2017-02-08 05:00:00,-0.001437452946697615,-0.013852772202221919,0.0
2017-02-09 05:00:00,0.0,-0.014892418323237955,0.0
2017-02-10 05:00:00,0.0,-0.012788254420680989,0.0
2017-02-13 05:00:00,0.0,-0.010807116568573583,0.0
2017-02-14 05:00:00,0.0,-0.011295631044082932,0.0
2017-02-15 05:00:00,0.0,-0.010018533602515367,0.0
2017-02-16 05:00:00,-0.0008516979452337647,-0.008360805190713916,0.0
2017-02-17 05:00:00,0.0,-0.005068370089719942,0.0
2017-02-21 05:00:00,0.0,-0.0022080651214672065,0.0
2017-02-22 05:00:00,-0.0008877798431196071,-0.002074811616965433,-0.0005406095801863131
2017-02-23 05:00:00,-0.00021143648547083949,-0.00047497811921526356,0.0
2017-02-24 05:00:00,0.0,0.0,0.0
2017-02-27 05:00:00,0.0,-0.001422719283166396,-0.001087377245262422
2017-02-28 05:00:00,-0.0026994139562266373,-0.0015582081010724336,-0.0012107698450577464
2017-03-01 05:00:00,0.0,0.0,0.0
2017-03-02 05:00:00,-0.006297151084729613,-0.0052179500887771235,-0.006441320120915139
2017-03-03 05:00:00,-0.005671838961583742,-0.00380622136992248,-0.004778553926833129
2017-03-06 05:00:00,-0.00863286497036364,-0.00748928475738353,-0.008110136575837035
2017-03-07 05:00:00,-0.011593964484741592,-0.010471270723325099,-0.011234709327972547
2017-03-08 05:00:00,-0.013429105247226958,-0.013712741301288967,-0.016167683870928595
2017-03-09 05:00:00,-0.012177598933757583,-0.016110429937717052,-0.01861681561528028
2017-03-10 05:00:00,-0.008716293824221788,-0.01266116878628154,-0.016433564664268707
2017-03-13 04:00:00,-0.008216088229063723,-0.01485483168909929,-0.01813000453805802
2017-03-14 04:00:00,-0.012010961742835558,-0.015222539139289504,-0.01936407103155502
2017-03-15 04:00:00,-0.0034612316039379643,-0.005297614586047383,-0.009819138627137902
2017-03-16 04:00:00,-0.005421478894411358,-0.008486278080949816,-0.012624302876991123
2017-03-17 04:00:00,-0.007168118916768829,-0.007041734110802,-0.011475070095448014
2017-03-20 04:00:00,-0.008257324869605065,-0.005987939289183841,-0.010916862611396239
2017-03-21 04:00:00,-0.020990699630693443,-0.010341851644867228,-0.016599200984949047
2017-03-22 04:00:00,-0.018686960680238784,-0.007362870859881521,-0.014097980607203797
2017-03-23 04:00:00,-0.019734121430954432,-0.008558178355378643,-0.015344830476921478
2017-03-24 04:00:00,-0.020446096654275547,-0.007574346293839684,-0.014387973297284029
2017-03-27 04:00:00,-0.021451359214066823,-0.00637913156818215,-0.013781638530444673
2017-03-28 04:00:00,-0.014330504396884769,-0.004692061322435492,-0.01085316369497813
2017-03-29 04:00:00,-0.013409185230138343,-0.0017575689050229881,-0.007602809663673549
2017-03-30 04:00:00,-0.010267849989187616,-0.0030752948519097156,-0.007717522918228137
2017-03-31 04:00:00,-0.012571515434044223,-0.0033077972137059986,-0.008041425902380217
2017-04-03 04:00:00,-0.014288900228352719,-0.0003268004698165905,-0.006466388919935673
2017-04-04 04:00:00,-0.013660647881282184,-0.0021134343067743533,-0.006719458577042592
2017-04-05 04:00:00,-0.016592639178807378,-0.0026729785282892937,-0.007385321047283289
2017-04-06 04:00:00,-0.013828093633783456,-0.0015821908848148158,-0.0058935264430081125
2017-04-07 04:00:00,-0.014833503204770837,-0.003807451820702634,-0.007448571052753428
2017-04-10 04:00:00,-0.014247222554222616,-0.0016032382214221652,-0.004939941950615201
2017-04-11 04:00:00,-0.015419930866514941,0.0,-0.0026270680587161532
2017-04-12 04:00:00,-0.01973412143095421,-0.0004400579689268769,-0.0036117813557364764
2017-04-13 04:00:00,-0.026100882317096508,-0.003100820177162178,-0.006251567840591221
2017-04-17 04:00:00,-0.01747206015462932,0.0,-0.0024593457516562944
2017-04-18 04:00:00,-0.020404271968948784,0.0,-0.000716726181481997
2017-04-19 04:00:00,-0.022205306133909697,-0.0032844424559776986,-0.005199064268341602
2017-04-20 04:00:00,-0.014247222554222394,0.0,-0.0018892484141312949
2017-04-21 04:00:00,-0.017388410783976904,-0.0019119529571463012,-0.004787117803527252
2017-04-24 04:00:00,-0.006581985277416713,0.0,-2.653825331933035e-05
2017-04-25 04:00:00,-0.0008015050418225256,-0.0013243261556662445,0.0
2017-04-26 04:00:00,-0.0014297573888930604,0.0,0.0
2017-04-27 04:00:00,-0.0005917200648085652,0.0,-0.0001308631781239411
2017-04-28 04:00:00,-0.002769837948088494,-0.0004229362526251279,-0.0010443894250338204
2017-05-01 04:00:00,-0.00025675505420841294,-0.00223546149492293,-0.001822841422351562
2017-05-02 04:00:00,0.0,0.0,-0.001140572374055293
2017-05-03 04:00:00,-0.001214754623681813,-0.00046593507994430183,-0.002080151713924283
2017-05-04 04:00:00,-4.2040152755551397e-05,-0.0017316562006182146,-0.0052427911842023445
2017-05-05 04:00:00,0.0,0.0,-0.001226876659013998
2017-05-08 04:00:00,-0.0001667028576105567,-0.002276610182139094,-0.0033716402689509817
2017-05-09 04:00:00,-0.0010847033545710039,-0.0028593409911970014,-0.004429944236094774
2017-05-10 04:00:00,0.0,-0.002247775745141234,-0.002105910272227396
2017-05-11 04:00:00,-0.002042693247260252,-0.0034706367836958574,-0.002917727703881323
2017-05-12 04:00:00,-0.0037101501611085386,-0.001459058707840799,-0.0016581063037421906
2017-05-15 04:00:00,0.0,0.0,0.0
2017-05-16 04:00:00,-0.0009154893628767757,0.0,0.0
2017-05-17 04:00:00,-0.018643163848277355,-0.004819771564260611,-0.005597057617751644
2017-05-18 04:00:00,-0.014689967438637486,-0.0019621945885517356,-0.0031230945987539283
2017-05-19 04:00:00,-0.008281176754369901,0.0,0.0
2017-05-22 04:00:00,-0.0032457661720692865,0.0,0.0
2017-05-23 04:00:00,-0.0010402956265300745,-0.0013636692079168622,-0.0010204573290565344
2017-05-24 04:00:00,0.0,0.0,0.0
2017-05-25 04:00:00,0.0,0.0,0.0
2017-05-26 04:00:00,-0.00020687519589623893,0.0,0.0
2017-05-30 04:00:00,-0.0010755332552965235,0.0,0.0
2017-05-31 04:00:00,-0.001323638314796094,0.0,-0.000484367594702273
2017-06-01 04:00:00,0.0,0.0,0.0
2017-06-02 04:00:00,0.0,0.0,0.0
2017-06-05 04:00:00,-0.0007368969014897031,-0.0029257716669415235,-0.002859652613567465
2017-06-06 04:00:00,-0.003931434449272575,-0.002665931924493603,-0.0024475710673902418
2017-06-07 04:00:00,-0.0020885812891147104,-0.0034659033425148422,-0.004152491940353387
2017-06-08 04:00:00,-0.0015971250312010188,-0.004224468990476127,-0.004647458228904666
2017-06-09 04:00:00,-0.0031124604716584736,-0.0057384549113079775,-0.005449879990805595
2017-06-12 04:00:00,-0.0033172219338982734,-0.005988849836977228,-0.00657124091684036
2017-06-13 04:00:00,0.0,-0.003008598907875637,-0.0031886550426216687
2017-06-14 04:00:00,-0.001267921345964318,0.0,-0.0010795719333899223
2017-06-15 04:00:00,-0.0031895731498907676,-0.0017878417595276197,-0.0022791856444227543
2017-06-16 04:00:00,-0.002971782596661976,-0.0008653581802378074,-0.001129213927567152
2017-06-19 04:00:00,0.0,0.0,0.0
2017-06-20 04:00:00,-0.006743917162312707,-0.0004639977970846143,-0.0023574413891759294
2017-06-21 04:00:00,-0.006989319228400959,0.0,-0.0029713559013943014
2017-06-22 04:00:00,-0.0074388661196821415,0.0,-0.002440513427985791
2017-06-23 04:00:00,-0.006253398547373723,0.0,-0.0014310525331964197
2017-06-26 04:00:00,-0.005599635451590257,0.0,0.0
2017-06-27 04:00:00,-0.013610678116288355,-0.009106470952468304,-0.006883040786281991
2017-06-28 04:00:00,-0.004782128219795401,-0.005097033499160686,-0.0018979198881627912
2017-06-29 04:00:00,-0.013528877427592234,-0.013678831956579152,-0.009246065892323463
2017-06-30 04:00:00,-0.011689789518119387,-0.013487803826430889,-0.006796000416004144
2017-07-03 04:00:00,-0.01001401746880104,-0.013754909245877633,-0.005714061203103138
2017-07-05 04:00:00,-0.007725025771499583,-0.012291399560803495,-0.005760892519176886
2017-07-06 04:00:00,-0.016798906354771215,-0.02097954136544511,-0.013614702567574244
2017-07-07 04:00:00,-0.010422664015734107,-0.019517328408175882,-0.012509920678489106
2017-07-10 04:00:00,-0.009359754717850888,-0.01831001575859048,-0.011023074169496438
2017-07-11 04:00:00,-0.01009560401956855,-0.018076547657207787,-0.009989318965090477
2017-07-12 04:00:00,-0.00265680927919576,-0.010937678835182152,-0.003954725638813383
2017-07-13 04:00:00,-0.0009810372298771908,-0.012429783965001828,-0.004899932276581698
2017-07-14 04:00:00,0.0,-0.009185155445295523,-0.0006437397248121313
2017-07-17 04:00:00,-0.00012203798311338776,-0.00816518067551486,-0.00023434214807127596
2017-07-18 04:00:00,0.0,-0.004385326177862581,0.0
2017-07-19 04:00:00,0.0,-0.0009915470016546024,0.0
2017-07-20 04:00:00,0.0,0.0,0.0
2017-07-21 04:00:00,-0.0008903569703863079,0.0,-0.0006289841574451671
2017-07-24 04:00:00,-0.0011331237741071254,-0.0017051890901959021,-0.0017359999403073756
2017-07-25 04:00:00,0.0,-0.005448124176520408,-0.0030760735299449893
2017-07-26 04:00:00,0.0,-0.0047800781884761445,-0.0016144490118717991
2017-07-27 04:00:00,-0.0009294707514914125,-0.007296947230627793,-0.0030393641500726654
2017-07-28 04:00:00,-0.002101525675879512,-0.005642071905987978,-0.0014319488143663683
2017-07-31 04:00:00,-0.0026674377789592807,-0.005498884812971561,-0.0008079066946791169
2017-08-01 04:00:00,-0.0004445141463202962,-0.00137594448821321,0.0
2017-08-02 04:00:00,0.0,-0.0008608658841812167,0.0
2017-08-03 04:00:00,-0.0019399597045660633,0.0,0.0
2017-08-04 04:00:00,-0.00012139304732616818,-0.0023035896435954495,-0.0012515232717036362
2017-08-07 04:00:00,0.0,-0.0007431677006418669,0.0
2017-08-08 04:00:00,-0.0024609901705529014,-0.0036568371826096735,-0.002488686210878832
2017-08-09 04:00:00,-0.0025014312915920822,-0.001506458784388487,-0.00020880899678443754
2017-08-10 04:00:00,-0.016581423265368267,-0.006552291615531836,-0.007652064820073079
2017-08-11 04:00:00,-0.015129206563523456,-0.005483326023292712,-0.006294573994339081
2017-08-14 04:00:00,-0.0053657758488161456,-0.0016131058879260696,-0.0027906498590777318
2017-08-15 04:00:00,-0.005486817392274856,-0.0033687543137556064,-0.004600523349920893
2017-08-16 04:00:00,-0.0037521469373884564,-0.0008617360920440964,-0.0027352433740089888
2017-08-17 04:00:00,-0.019284426067924132,-0.0072196729114656355,-0.009552617846267597
2017-08-18 04:00:00,-0.020817384102017833,-0.008244653033551486,-0.008785545461084565
2017-08-21 04:00:00,-0.020050975539885885,-0.006807726526582902,-0.008794346181151713
2017-08-22 04:00:00,-0.009803519561173424,-0.002109853978048859,-0.0034527565189429454
2017-08-23 04:00:00,-0.013353672258109905,-0.0015415429680600834,-0.0026817404378738363
2017-08-24 04:00:00,-0.01565325021907993,-0.004412268403071962,-0.005248227945461759
2017-08-25 04:00:00,-0.013353672258109905,-0.0014784047980904713,-0.00290247560618484
2017-08-28 04:00:00,-0.013313442501814876,-0.00170487834827171,-0.0029985659509658147
2017-08-29 04:00:00,-0.012184050219136155,0.0,-0.0013500319336346989
2017-08-30 04:00:00,-0.007504012055117859,0.0,0.0
2017-08-31 04:00:00,-0.0015330989439232834,0.0,0.0
2017-09-01 04:00:00,-0.00012097108854403071,-0.002211046447081033,-0.0013137058692515025
2017-09-05 04:00:00,-0.0073020882695808975,-0.0001816098500726504,-0.0006679765026853524
2017-09-06 04:00:00,-0.0039133477822275164,-0.0005875148551724996,0.0
2017-09-07 04:00:00,-0.004034389325686227,0.0,0.0
2017-09-08 04:00:00,-0.005204645458892099,-0.0015714652675474783,-0.002466694014980453
2017-09-11 04:00:00,0.0,0.0,0.0
2017-09-12 04:00:00,0.0,-8.022329858314858e-05,0.0
2017-09-13 04:00:00,0.0,-0.0013696143103486547,-0.000434284552128017
2017-09-14 04:00:00,-0.00031992626129007107,0.0,0.0
2017-09-15 04:00:00,0.0,0.0,0.0
2017-09-18 04:00:00,0.0,-0.0010254214680460727,-0.0005803892788638354
2017-09-19 04:00:00,0.0,-0.00140755761906608,-0.0009127506826176468
2017-09-20 04:00:00,0.0,-0.000906122917233243,0.0
2017-09-21 04:00:00,-0.0026795110111307308,-0.002734654888465249,-0.002163672023589913
2017-09-22 04:00:00,-0.0024795101633162675,-0.001473408192725345,-0.0007974024101803368
2017-09-25 04:00:00,-0.004519060157238908,-0.00019797679891297992,0.0
2017-09-26 04:00:00,-0.003919266092788587,-0.000560869371053152,-0.0010747116703085924
2017-09-27 04:00:00,-3.9958473763923585e-05,-0.004249361128977003,-0.00364178335462062
2017-09-28 04:00:00,0.0,-0.004712817013646009,-0.0038103076574138584
2017-09-29 04:00:00,0.0,-0.001718233417642434,-0.0015518980865092402
2017-10-02 04:00:00,0.0,0.0,-0.0003442549223446889
2017-10-03 04:00:00,0.0,0.0,0.0
2017-10-04 04:00:00,0.0,0.0,0.0
2017-10-05 04:00:00,0.0,0.0,0.0
2017-10-06 04:00:00,-0.0011388195745131169,-0.001812853411353177,-0.003081843165958942
2017-10-09 04:00:00,-0.002788193889065149,-0.001542061277293283,-0.00306046764091239
2017-10-10 04:00:00,-0.00015715150578843318,0.0,0.0
2017-10-11 04:00:00,0.0,0.0,0.0
2017-10-12 04:00:00,-0.0014901845024082316,0.0,0.0
2017-10-13 04:00:00,-0.0002744054593809553,0.0,0.0
2017-10-16 04:00:00,0.0,0.0,0.0
2017-10-17 04:00:00,0.0,0.0,0.0
2017-10-18 04:00:00,0.0,-0.0020495345553736,-0.0014544667681501977
2017-10-19 04:00:00,0.0,-0.00118354694012468,-0.001211943024926554
2017-10-20 04:00:00,0.0,-0.0023316321425972397,-0.0007850083876198566
2017-10-23 04:00:00,-0.003889390350599986,-0.003951514124587274,-0.002584753848461907
2017-10-24 04:00:00,-0.0021392120040808482,-0.005371408026035196,-0.002365281387887719
2017-10-25 04:00:00,-0.007078776950093624,-0.01022726315014666,-0.006632329837884865
2017-10-26 04:00:00,-0.005795019950140645,-0.010780947957004794,-0.006415796989781453
2017-10-27 04:00:00,0.0,-0.0033103913527986473,0.0
2017-10-30 04:00:00,-0.0037251107759234126,-0.00172071226350623,0.0
2017-10-31 04:00:00,-0.002172936332527242,-0.0006593099988502216,0.0
2017-11-01 04:00:00,-0.0008538004605885829,0.0,0.0
2017-11-02 04:00:00,-0.0004655377017772633,0.0,0.0
2017-11-03 04:00:00,0.0,0.0,0.0
2017-11-06 05:00:00,0.0,0.0,0.0
2017-11-07 05:00:00,-0.0006952982011602105,0.0,0.0
2017-11-08 05:00:00,0.0,0.0,0.0
2017-11-09 05:00:00,-0.00362779067527752,-0.00331615224709525,-0.0028483639930929616
2017-11-10 05:00:00,-0.003936494582960748,-0.009513360111814695,-0.007726857914458596
2017-11-13 05:00:00,-0.003010449925718084,-0.008130732545404973,-0.006852165995186121
2017-11-14 05:00:00,-0.0053260310294709345,-0.00683302211727177,-0.007559985207209907
2017-11-15 05:00:00,-0.010304527049249446,-0.005500414845879931,-0.007429399070385645
2017-11-16 05:00:00,-0.0018913228113341951,-0.0038853136345575745,-0.005262841350890168
2017-11-17 05:00:00,-0.004824244664646704,-0.0026879562668196133,-0.0031941046458200395
2017-11-20 05:00:00,-0.0031263396394862752,-0.0018248918269455627,-0.0030860511977294225
2017-11-21 05:00:00,0.0,0.0,0.0
2017-11-22 05:00:00,-0.0008844780616956704,0.0,0.0
2017-11-24 05:00:00,0.0,0.0,0.0
2017-11-27 05:00:00,-0.0004991771153021185,-0.0008673896371507173,-0.0009079131179841049
2017-11-28 05:00:00,0.0,0.0,0.0
2017-11-29 05:00:00,-0.0006086427669546035,-0.004308760360972608,-0.003996057071110171
2017-11-30 05:00:00,0.0,-0.00041095772037946787,-0.00019342343088024627
2017-12-01 05:00:00,-0.0020754420666683204,0.0,0.0
2017-12-04 05:00:00,-0.003282504641728634,-0.000536057008073132,-0.001810464840071968
2017-12-05 05:00:00,-0.00686743065439277,-0.000703755385575322,-0.0024746113320007757
2017-12-06 05:00:00,-0.006678777947501824,0.0,-0.0029989943293617927
2017-12-07 05:00:00,-0.0035466971186365326,-0.0012406204740877946,-0.003140209924664239
2017-12-08 05:00:00,0.0,0.0,0.0
2017-12-11 05:00:00,0.0,0.0,0.0
2017-12-12 05:00:00,0.0,0.0,0.0
2017-12-13 05:00:00,-0.0001122973257993154,0.0,0.0
2017-12-14 05:00:00,-0.004198057047823056,-0.0007551885618548582,-0.000862662945733117
2017-12-15 05:00:00,0.0,0.0,0.0
2017-12-18 05:00:00,0.0,0.0,0.0
2017-12-19 05:00:00,-0.0038403997548334123,-0.0074938485781174125,-0.005442208541474591
2017-12-20 05:00:00,-0.004362487839002727,-0.01220205130592511,-0.008500444953418729
2017-12-21 05:00:00,-0.002311653129808078,-0.008678173360143315,-0.0054797997407189936
2017-12-22 05:00:00,-0.0025728583300863583,-0.0082928506977471,-0.004797310674918509
2017-12-26 05:00:00,-0.003765751279531604,-0.007828034229085845,-0.0031516395209721937
2017-12-27 05:00:00,-0.0032810518962903545,-0.0023690676531755717,0.0
2017-12-28 05:00:00,-0.0012302816503733105,-0.0014838965961980755,0.0
2017-12-29 05:00:00,-0.004996226319737174,-0.003112148444539997,-0.0014866539429060355
2018-01-02 05:00:00,0.0,-0.0031376118886762283,0.0
2018-01-03 05:00:00,0.0,0.0,0.0
2018-01-04 05:00:00,0.0,0.0,0.0
2018-01-05 05:00:00,0.0,0.0,0.0
2018-01-08 05:00:00,0.0,0.0,0.0
2018-01-09 05:00:00,0.0,-0.0039908787596817374,-0.001995011393255197
2018-01-10 05:00:00,-0.0015299683936679243,-0.005387550487406911,-0.0029174288897093614
2018-01-11 05:00:00,0.0,0.0,0.0
2018-01-12 05:00:00,0.0,0.0,0.0
2018-01-16 05:00:00,-0.003418307556730893,-0.00038058589364176054,-0.0012695961768618425
2018-01-17 05:00:00,0.0,0.0,0.0
2018-01-18 05:00:00,-0.0016807991559091295,-0.004724347517222949,-0.00379538051130357
2018-01-19 05:00:00,0.0,-0.004099293498519563,-0.0028230542402727377
2018-01-22 05:00:00,0.0,0.0,0.0
2018-01-23 05:00:00,0.0,0.0,0.0
2018-01-24 05:00:00,-0.00038790363170193576,-0.002399056959169421,-0.0008011602587124633
2018-01-25 05:00:00,0.0,0.0,0.0
2018-01-26 05:00:00,0.0,0.0,0.0
2018-01-29 05:00:00,-0.006630143964617363,-0.006761569987636107,-0.006355526200122474
2018-01-30 05:00:00,-0.016818907602036193,-0.015204757354023268,-0.01491250440178793
2018-01-31 05:00:00,-0.016330123012397113,-0.012586442883100402,-0.01275937682745576
2018-02-01 05:00:00,-0.01744723289222261,-0.018983357387683086,-0.01674292303930114
2018-02-02 05:00:00,-0.03883713911037456,-0.035438577649965164,-0.03391748159255581
2018-02-05 05:00:00,-0.07903541842211126,-0.055996739432489506,-0.05633080623405862
2018-02-06 05:00:00,-0.060890120053868735,-0.04718333070899117,-0.0474949028875018
2018-02-07 05:00:00,-0.06598477335254027,-0.053906724982006216,-0.054392636384427484
2018-02-08 05:00:00,-0.10101877983753293,-0.07561308379358056,-0.07695627296820007
2018-02-09 05:00:00,-0.08751482356004447,-0.06961805337139715,-0.07174001023870324
2018-02-12 05:00:00,-0.07411541723242587,-0.059780060748229724,-0.0617581837995006
2018-02-13 05:00:00,-0.07181218123350719,-0.05669399975055733,-0.0589249915162281
2018-02-14 05:00:00,-0.05928531150425298,-0.05324134308116857,-0.05298957613404065
2018-02-15 05:00:00,-0.047281493168749744,-0.044705174762902145,-0.04460104599154491
2018-02-16 05:00:00,-0.04700271341205742,-0.042466408149932744,-0.04270657220364471
2018-02-20 05:00:00,-0.05296942067804966,-0.047741252591127936,-0.04727187941994915
2018-02-21 05:00:00,-0.057680080652473875,-0.05525618430028412,-0.05373634755391332
2018-02-22 05:00:00,-0.056458782796061646,-0.05338859206464708,-0.05129439310031669
2018-02-23 05:00:00,-0.04141951683926881,-0.04097249241414469,-0.039070453243935654
2018-02-26 05:00:00,-0.030287873128847065,-0.0341605171221564,-0.03176454583526611
2018-02-27 05:00:00,-0.04239648272974195,-0.04195246117319462,-0.04040761857142916
2018-02-28 05:00:00,-0.05209700473744616,-0.04533979467393279,-0.04543966277685518
2018-03-01 05:00:00,-0.06588010274491007,-0.051061771325235816,-0.05164019098126149
2018-03-02 05:00:00,-0.06106501347837723,-0.051212662244256135,-0.05102001647103238
2018-03-05 05:00:00,-0.05021281314233317,-0.045659056232306594,-0.04463807491458216
2018-03-06 05:00:00,-0.04780520818018619,-0.04385195528963515,-0.0425753997555528
2018-03-07 05:00:00,-0.04815409009599492,-0.04448305379562412,-0.04412840463807943
2018-03-08 05:00:00,-0.04354822138696235,-0.039506461614483235,-0.040276248845386164
2018-03-09 05:00:00,-0.026903724578390187,-0.03200240707738933,-0.03121742483989709
2018-03-12 04:00:00,-0.02812472079040018,-0.030498125719553237,-0.030444987894716613
2018-03-13 04:00:00,-0.034405922510328146,-0.032295559673137575,-0.03302440550403141
2018-03-14 04:00:00,-0.03936049214852799,-0.031864918661810404,-0.03344591675804731
2018-03-15 04:00:00,-0.04040756019811753,-0.03249806146079237,-0.03413628649520262
2018-03-16 04:00:00,-0.03936700766761969,-0.033252396961413355,-0.034194444355835296
2018-03-19 04:00:00,-0.05236468398013028,-0.04232706168817324,-0.0435924028298591
2018-03-20 04:00:00,-0.05075317892478126,-0.04288975276648899,-0.04313346284335995
2018-03-21 04:00:00,-0.052574809470837924,-0.043573238107805445,-0.04219626221417683
2018-03-22 04:00:00,-0.0762576354493466,-0.05412689598252174,-0.05444927421911405
2018-03-23 04:00:00,-0.0959469308556824,-0.06650666491690249,-0.06591031601898711
2018-03-26 04:00:00,-0.07121293446371135,-0.05261228278470009,-0.051594449929629915
2018-03-27 04:00:00,-0.08701330957662445,-0.0582303733834002,-0.05862385829766803
2018-03-28 04:00:00,-0.08971085513835231,-0.058903670622109994,-0.05993575082607039
2018-03-29 04:00:00,-0.0780794469820445,-0.04985791857155886,-0.05051925549633396
2018-04-02 04:00:00,-0.09797886787908783,-0.061413233786811405,-0.06353995140899305
2018-04-03 04:00:00,-0.08641774286853787,-0.057090824964773024,-0.058001942100482706
2018-04-04 04:00:00,-0.07664313699560565,-0.051817396370664404,-0.05293045562450327
2018-04-05 04:00:00,-0.06935607185145487,-0.050155866475491195,-0.05011285744270111
2018-04-06 04:00:00,-0.09009617569797002,-0.05870175738304573,-0.06037438844992471
2018-04-09 04:00:00,-0.08561205066974353,-0.05529653687000147,-0.05595096988928572
2018-04-10 04:00:00,-0.07107254915883698,-0.04696911207846022,-0.04584193327731745
2018-04-11 04:00:00,-0.07594241704884463,-0.04861307857884012,-0.04710675631943695
2018-04-12 04:00:00,-0.06833995251755087,-0.04670397019319683,-0.04488092506960695
2018-04-13 04:00:00,-0.07107254915883698,-0.04749641092079082,-0.04584138678277405
2018-04-16 04:00:00,-0.06343545585014843,-0.04267186346052565,-0.04137092344811899
2018-04-17 04:00:00,-0.05341555274918963,-0.03548172385447079,-0.034376997955802624
2018-04-18 04:00:00,-0.05271483280242861,-0.03813920631946577,-0.03447387479998998
2018-04-19 04:00:00,-0.05796996092317375,-0.04447507761154612,-0.04043199134605446
2018-04-20 04:00:00,-0.06595786667184644,-0.0520913608339344,-0.04755336894704554
2018-04-23 04:00:00,-0.06609819164784014,-0.052080554591556694,-0.04762120760041644
2018-04-24 04:00:00,-0.0786749533612503,-0.0614678913210529,-0.057109571082403776
2018-04-25 04:00:00,-0.07639802075422042,-0.06259063392669906,-0.057443175389719436
2018-04-26 04:00:00,-0.06700879576978702,-0.05424869226846896,-0.04922753776250355
2018-04-27 04:00:00,-0.06613288075411561,-0.050797943800222733,-0.046546211385866454
2018-04-30 04:00:00,-0.07331479265959173,-0.054507287579741215,-0.0500041953731345
2018-05-01 04:00:00,-0.07166817619580401,-0.054861450176591164,-0.050558879462251904
2018-05-02 04:00:00,-0.077904493228656,-0.059085930366718276,-0.05469838164197682
2018-05-03 04:00:00,-0.0799363699231811,-0.05864362117411981,-0.054082013702322906
2018-05-04 04:00:00,-0.06802473411704946,-0.05076067161862119,-0.04565812654901702
2018-05-07 04:00:00,-0.06487176583658727,-0.04944011607055143,-0.04423205039820732
2018-05-08 04:00:00,-0.06487176583658727,-0.04979217399079239,-0.044227251957459024
2018-05-09 04:00:00,-0.05583293098997433,-0.04655493148596401,-0.03953683539099129
2018-05-10 04:00:00,-0.047004583607351824,-0.03813509206658616,-0.03134517758407629
2018-05-11 04:00:00,-0.04409636959499197,-0.0354033945173271,-0.029431140078406415
2018-05-14 04:00:00,-0.04364106753401864,-0.037166408730263556,-0.029986195366422885
2018-05-15 04:00:00,-0.05022747306028885,-0.045528903291514156,-0.03719911410675625
2018-05-16 04:00:00,-0.04623382183035485,-0.04458611371124488,-0.03534429366891134
2018-05-17 04:00:00,-0.047039514029148966,-0.047000807765025576,-0.037188592599166514
2018-05-18 04:00:00,-0.04942196184813619,-0.045150138377607174,-0.036094290449626976
2018-05-21 04:00:00,-0.042274739048935195,-0.040647046443798684,-0.030854316247677205
2018-05-22 04:00:00,-0.04493759550438792,-0.04283649381361698,-0.03281136829341924
2018-05-23 04:00:00,-0.042309910786254346,-0.038477047686091725,-0.028580161169674878
2018-05-24 04:00:00,-0.044271685321663035,-0.03659343711848373,-0.02808458976385697
2018-05-25 04:00:00,-0.04654873858645403,-0.03557191005337257,-0.029093769407436465
2018-05-29 04:00:00,-0.05751483984884176,-0.03377784082470492,-0.03033016383254772
2018-05-30 04:00:00,-0.044937595504387695,-0.028633974970489473,-0.023268044831261214
2018-05-31 04:00:00,-0.050788169675458295,-0.032844234115369964,-0.02761079872178751
2018-06-01 04:00:00,-0.04146904685014097,-0.029191178778130378,-0.02407136977356905
2018-06-04 04:00:00,-0.03691487999167886,-0.029231906725151857,-0.024550850554626247
2018-06-05 04:00:00,-0.03621397905827628,-0.027897835831698026,-0.023273670968117943
2018-06-06 04:00:00,-0.028156091808248185,-0.026172169024673342,-0.020417808954589667
2018-06-07 04:00:00,-0.028261064060281282,-0.022462367301366082,-0.017249444879425258
2018-06-08 04:00:00,-0.02538862507404549,-0.02190284641376694,-0.01644684911556793
2018-06-11 04:00:00,-0.024092036774795544,-0.0218422692849507,-0.01625998467519707
2018-06-12 04:00:00,-0.02283086152838676,-0.02098555635999866,-0.015478230602899323
2018-06-13 04:00:00,-0.025948718400410242,-0.023056577095226904,-0.01712491380102321
2018-06-14 04:00:00,-0.02349659072447008,-0.018337506208482734,-0.014291147564438722
2018-06-15 04:00:00,-0.024742080461954474,-0.018729611012663572,-0.01716968648692274
2018-06-18 04:00:00,-0.02674813639563467,-0.020299330646127656,-0.017798446210127272
2018-06-19 04:00:00,-0.03047857272003973,-0.020271636941511795,-0.019357244228268677
2018-06-20 04:00:00,-0.02882465646171417,-0.022702752780050184,-0.021045118976326105
2018-06-21 04:00:00,-0.03491256444858837,-0.02432465082528834,-0.02392314434143772
2018-06-22 04:00:00,-0.03315289166278357,-0.023289632646013914,-0.02093773095642204
2018-06-25 04:00:00,-0.04631472285907701,-0.030392124966994283,-0.029400085116603192
2018-06-26 04:00:00,-0.04420309138455902,-0.028558233358465412,-0.02674324626415925
2018-06-27 04:00:00,-0.052121136289637215,-0.029724771712792086,-0.028325769450273097
2018-06-28 04:00:00,-0.046701672298468,-0.026301026656982196,-0.024976493163783586
2018-06-29 04:00:00,-0.04532919026757576,-0.02679920398361202,-0.024024477249806386
2018-07-02 04:00:00,-0.04328808325433742,-0.02585524607483436,-0.025043992706765272
2018-07-03 04:00:00,-0.04666644023226818,-0.025832074090513024,-0.025655630473958246
2018-07-05 04:00:00,-0.03888902194758592,-0.019945769969519578,-0.01948427083154558
2018-07-06 04:00:00,-0.030760127605234278,-0.01369063568651907,-0.01309568397838401
2018-07-09 04:00:00,-0.022032469124130927,-0.0109008930304344,-0.009160681253472691
2018-07-10 04:00:00,-0.018513726841325906,-0.008798190272460205,-0.007271817233450939
2018-07-11 04:00:00,-0.02569250164501735,-0.01161996883453531,-0.013936986724183753
2018-07-12 04:00:00,-0.016859629596359005,-0.006276003711384259,-0.008072670196405896
2018-07-13 04:00:00,-0.016085308415414,-0.004799785588643801,-0.00667527063667217
2018-07-16 04:00:00,-0.016965144808316457,-0.0069881056374676565,-0.010546467261859038
2018-07-17 04:00:00,-0.012988385664916668,-0.0053252825315006636,-0.008584706845490508
2018-07-18 04:00:00,-0.010912106914359065,-0.005668106862368294,-0.007637123772208265
2018-07-19 04:00:00,-0.014642301923242229,-0.005397343072481742,-0.00811370535599909
2018-07-20 04:00:00,-0.01576846113513941,-0.010960496163685107,-0.011737054759472731
2018-07-23 04:00:00,-0.01393886717685966,-0.014738682448732665,-0.013942867938174452
2018-07-24 04:00:00,-0.008976635770838959,-0.010408955000696496,-0.009426590837119497
2018-07-25 04:00:00,-0.0005305925038104897,-0.005977025883459719,-0.0034998916910349287
2018-07-26 04:00:00,-0.002888607126203868,-0.008149587033832728,-0.005486024506219711
2018-07-27 04:00:00,-0.009645019437663382,-0.011516710762686011,-0.00943091460900436
2018-07-30 04:00:00,-0.014818220938718318,-0.01597168121102055,-0.01298108193271108
2018-07-31 04:00:00,-0.00996192704681842,-0.010912287218974637,-0.009014104431500969
2018-08-01 04:00:00,-0.011616024291785543,-0.015126988745426062,-0.013865745142101815
2018-08-02 04:00:00,-0.00623124940689157,-0.011342164497925022,-0.00963754530253036
2018-08-03 04:00:00,-0.0019733576804605857,-0.006833750815968376,-0.005266417078017893
2018-08-06 04:00:00,0.0,-0.004415520938040762,-0.0027288357542532005
2018-08-07 04:00:00,0.0,-0.004512525001675982,-0.001553509511448059
2018-08-08 04:00:00,-0.00042044364608440077,-0.004360905827977657,-0.002712999170210284
2018-08-09 04:00:00,-0.0017858049724963632,-0.0018242767725803466,-0.001419717958046185
2018-08-10 04:00:00,-0.0084738243815774,-0.00293706639319935,-0.003258219260173334
2018-08-13 04:00:00,-0.012185482160139038,-0.006003043801776631,-0.006643096859815234
2018-08-14 04:00:00,-0.005882609300640662,-0.0030892208411080757,-0.0033325936687363944
2018-08-15 04:00:00,-0.01330580479961252,-0.005232240858846882,-0.008227567203191843
2018-08-16 04:00:00,-0.00532217785006317,-0.0004357040428104586,-0.002661072448378987
2018-08-17 04:00:00,-0.0018211020689979929,0.0,0.0
2018-08-20 04:00:00,0.0,0.0,0.0
2018-08-21 04:00:00,0.0,0.0,0.0
2018-08-22 04:00:00,-0.0005933092557143249,0.0,0.0
2018-08-23 04:00:00,-0.0019202624689989012,-0.00017289422977651014,-0.000504179943542904
2018-08-24 04:00:00,0.0,0.0,0.0
2018-08-27 04:00:00,0.0,0.0,0.0
2018-08-28 04:00:00,0.0,-0.0021116624074185575,-0.0019166121905928035
2018-08-29 04:00:00,0.0,0.0,0.0
2018-08-30 04:00:00,-0.004048402029835363,-0.0015697230124446238,-0.0019570514547576634
2018-08-31 04:00:00,-0.004013819405063512,-0.002470817159304306,-0.00251244988337751
2018-09-04 04:00:00,-0.005729541054456999,-0.005808959110912393,-0.005847603485198194
2018-09-05 04:00:00,-0.008405459867157905,-0.008474717333515458,-0.008650918773156935
2018-09-06 04:00:00,-0.01139026974329671,-0.00880770701948208,-0.009924248030120153
2018-09-07 04:00:00,-0.013311311023776029,-0.013329067990386356,-0.013368585628142582
2018-09-10 04:00:00,-0.011596353956222716,-0.010842478442164905,-0.010901308029011125
2018-09-11 04:00:00,-0.008336765129515977,-0.011896421177338024,-0.010225419049521567
2018-09-12 04:00:00,-0.008096451175744535,-0.010820050511299417,-0.008697393683651189
2018-09-13 04:00:00,-0.0022303440418314224,-0.006711291723162094,-0.005806119116163577
2018-09-14 04:00:00,-0.0020587248257020185,-0.008510102792878671,-0.007762551162375453
2018-09-17 04:00:00,-0.007341985341437263,-0.011659566327042903,-0.011029778004362334
2018-09-18 04:00:00,-0.0019555650912637113,-0.012576729025182254,-0.009992089539005877
2018-09-19 04:00:00,-0.0008919729375673757,-0.014302118054561386,-0.010503229192444064
2018-09-20 04:00:00,0.0,-0.007683610122838469,-0.0043174501790724795
2018-09-21 04:00:00,-0.0009136215922544988,-0.008397076151951954,-0.004762581198333615
2018-09-24 04:00:00,-0.0042324632653580885,-0.011389624343497107,-0.0060316397494845075
2018-09-25 04:00:00,-0.005156595651847895,-0.01234646623100466,-0.006667538471381462
2018-09-26 04:00:00,-0.00813348615249565,-0.011343257093963777,-0.006803369301179973
2018-09-27 04:00:00,-0.005361672926039285,-0.009416148026915372,-0.0044864058637843485
2018-09-28 04:00:00,-0.0052591342889437565,-0.010399722448673931,-0.004205098549077579
2018-10-01 04:00:00,-0.0018029515711652788,-0.01124288335239032,-0.002438364329666931
2018-10-02 04:00:00,-0.0023846656387889187,-0.009170973095679047,-0.0006309011715746049
2018-10-03 04:00:00,-0.0018376371921418055,-0.015729813146168725,-0.004585405264140752
2018-10-04 04:00:00,-0.009638865460198986,-0.02312219003716831,-0.01243322147007897
2018-10-05 04:00:00,-0.015181907980098774,-0.029761447822845177,-0.018511661688704883
2018-10-08 04:00:00,-0.015181907980098774,-0.031066078677307152,-0.019769638587806004
2018-10-09 04:00:00,-0.01661896712527222,-0.02799243202332158,-0.01695384053805382
2018-10-10 04:00:00,-0.04775556003497072,-0.04751761337686855,-0.03835836617466881
2018-10-11 04:00:00,-0.06873049225786587,-0.055472880282321,-0.049000337649035886
2018-10-12 04:00:00,-0.05579690155800332,-0.04891790199761503,-0.04131920632603936
2018-10-15 04:00:00,-0.0611001811827353,-0.0522892595356631,-0.04446124865370438
2018-10-16 04:00:00,-0.04057049788230871,-0.03899445053313344,-0.030847410479765247
2018-10-17 04:00:00,-0.04039887996976643,-0.041170662819962955,-0.03332840630155964
2018-10-18 04:00:00,-0.054256778236022596,-0.04961325298343111,-0.04288924336201161
2018-10-19 04:00:00,-0.05476999696121265,-0.05075659167261548,-0.04328844113784358
2018-10-22 04:00:00,-0.05901308780740866,-0.05381424045669092,-0.04613611655878491
2018-10-23 04:00:00,-0.0638033822801557,-0.05550437961041055,-0.050235856183925676
2018-10-24 04:00:00,-0.09216868750310947,-0.0698223767914764,-0.0660064590192978
2018-10-25 04:00:00,-0.07588162790246822,-0.061365477037169436,-0.05674550437924508
2018-10-26 04:00:00,-0.09213435224194089,-0.06900386745011977,-0.0642833195910435
2018-10-29 04:00:00,-0.09716446800315703,-0.07294081816195752,-0.06899331247905405
2018-10-30 04:00:00,-0.08378556998752495,-0.0665403051546033,-0.06258793560548659
2018-10-31 04:00:00,-0.07399984537453819,-0.06245550078555884,-0.05926379113795599
2018-11-01 04:00:00,-0.06414539184591272,-0.05612157638488591,-0.05366110196339413
2018-11-02 04:00:00,-0.06968843436581251,-0.06417019057689255,-0.06077885788923043
2018-11-05 05:00:00,-0.06455577996750061,-0.059601409311839104,-0.05661847601091896
2018-11-06 05:00:00,-0.058636626193880326,-0.05626533540251111,-0.053606403614482434
2018-11-07 05:00:00,-0.038483054147174234,-0.04363889601141124,-0.041297105844181226
2018-11-08 05:00:00,-0.04022807956344243,-0.044714219918217,-0.04294132612880852
2018-11-09 05:00:00,-0.04960329926823859,-0.0474602713813691,-0.04744601421522088
2018-11-12 05:00:00,-0.06736204524172851,-0.05565216309066323,-0.056492218704010555
2018-11-13 05:00:00,-0.0691067786914904,-0.05694367759408403,-0.060319972990837134
2018-11-14 05:00:00,-0.07547106460097663,-0.06058078697349922,-0.06317483351587272
2018-11-15 05:00:00,-0.0658221554929529,-0.05486279481784617,-0.05760668866937024
2018-11-16 05:00:00,-0.06339281897866389,-0.05120015781195819,-0.05391181732159789
2018-11-19 05:00:00,-0.07923486323004181,-0.059770187692637866,-0.06272133124135348
2018-11-20 05:00:00,-0.09627472927113712,-0.07007955020368606,-0.07587996729892998
2018-11-21 05:00:00,-0.09319530013339372,-0.06830754653200033,-0.07331829185398664
2018-11-23 05:00:00,-0.09925156137848368,-0.07165225787412022,-0.07944646427010205
2018-11-26 05:00:00,-0.08470952719411073,-0.06349821767266028,-0.07073184682975142
2018-11-27 05:00:00,-0.08163003966306592,-0.061183849759500086,-0.06890324419297855
2018-11-28 05:00:00,-0.06048436542714819,-0.05004260323216825,-0.05770430205969124
2018-11-29 05:00:00,-0.06253724032790875,-0.049793819504375,-0.057210564577580114
2018-11-30 05:00:00,-0.05682287186197321,-0.044896117293883986,-0.05313359455204547
2018-12-03 05:00:00,-0.044334179724771494,-0.03459551052018617,-0.041426672572429823
2018-12-04 05:00:00,-0.07530014740804991,-0.04689954982336342,-0.0551871490793342
2018-12-06 05:00:00,-0.07670281289875347,-0.046569742984650886,-0.05594175139926427
2018-12-07 05:00:00,-0.09815662858567009,-0.05915231267484389,-0.0674814430009405
2018-12-10 05:00:00,-0.09644576325066634,-0.05652414628472413,-0.06674730897455183
2018-12-11 05:00:00,-0.09624056918987245,-0.056458962118744904,-0.06612352088165974
2018-12-12 05:00:00,-0.091689804039088,-0.055290919074654,-0.06485156572267436
2018-12-13 05:00:00,-0.09199782870348416,-0.05637721779776539,-0.06449819221045427
2018-12-14 05:00:00,-0.10876388855474939,-0.06552081634787554,-0.07531893011998658
2018-12-17 05:00:00,-0.1262484195853001,-0.07434358153790577,-0.08566502121160147
2018-12-18 05:00:00,-0.12720642008654814,-0.07273502616066152,-0.08653982768633106
2018-12-19 05:00:00,-0.14027723504448275,-0.07616727067352902,-0.09076105151634306
2018-12-20 05:00:00,-0.15427159845589422,-0.08653168014018209,-0.10147969293349868
2018-12-21 05:00:00,-0.17160027776525566,-0.09782211587519285,-0.11335602776763942
2018-12-24 05:00:00,-0.19348900676030922,-0.11033138110359897,-0.1270716076047731
2018-12-26 05:00:00,-0.1527401173425068,-0.08717452594491071,-0.10147388796655732
2018-12-27 05:00:00,-0.1462353955433766,-0.08290873234265217,-0.09814507224042468
2018-12-28 05:00:00,-0.14733669320603304,-0.08053210905745456,-0.09730949188013249
2018-12-31 05:00:00,-0.13986836514872913,-0.07430237249353111,-0.09128658006489543
2019-01-02 05:00:00,-0.13897354619949565,-0.07177424800908028,-0.0890326243252263
2019-01-03 05:00:00,-0.15952010516400006,-0.08083913391110198,-0.09821327452760453
2019-01-04 05:00:00,-0.13136770191761282,-0.06662234842677883,-0.08199023664821503
2019-01-07 05:00:00,-0.12451869321397446,-0.06330739697214982,-0.07777920816674011
2019-01-08 05:00:00,-0.1162933543985224,-0.059011727482715326,-0.07238286167391828
2019-01-09 05:00:00,-0.11216337137695853,-0.056962147057428636,-0.06837551881427717
2019-01-10 05:00:00,-0.10903121308813457,-0.05739282471046803,-0.06844345380974637
2019-01-11 05:00:00,-0.10868715975683163,-0.05570322718595888,-0.06744018960817322
2019-01-14 05:00:00,-0.11412521112098095,-0.06056570743639955,-0.07268651690110595
2019-01-15 05:00:00,-0.10397219264277113,-0.055477853185042614,-0.06659308535371211
2019-01-16 05:00:00,-0.10180404936522991,-0.053728946774263764,-0.0644703200687079
2019-01-17 05:00:00,-0.09498960949596558,-0.049326912804908085,-0.06008083174697709
2019-01-18 05:00:00,-0.08294418090898781,-0.04372826720789014,-0.05307630012476805
2019-01-22 05:00:00,-0.09533383800717243,-0.048888432405188476,-0.05949699290297916
2019-01-23 05:00:00,-0.09344084396539143,-0.04785227300847139,-0.05855508918069763
2019-01-24 05:00:00,-0.09295904083630457,-0.04504807431398883,-0.05615647928491485
2019-01-25 05:00:00,-0.08528405888567403,-0.04202931285983935,-0.05223268731674857
2019-01-28 05:00:00,-0.09223613176611978,-0.04677909077444897,-0.058117510254842686
2019-01-29 05:00:00,-0.09344084396539143,-0.04560658729190514,-0.056515085401488974
2019-01-30 05:00:00,-0.07908923033658177,-0.03682513272265164,-0.04709384430826502
2019-01-31 05:00:00,-0.07100164131891362,-0.028436713468885433,-0.04010298250195965
2019-02-01 05:00:00,-0.07055388148448904,-0.030502867106657616,-0.04069871181919016
2019-02-04 05:00:00,-0.06401505799739537,-0.028141871597085144,-0.03787300178426911
2019-02-05 05:00:00,-0.06009143690265184,-0.023921884598775645,-0.034564513373023464
2019-02-06 05:00:00,-0.06133054275639349,-0.024500208236592047,-0.03506066961539078
2019-02-07 05:00:00,-0.07027861546212655,-0.027500709179762883,-0.03959310277462158
2019-02-08 05:00:00,-0.06914309932490426,-0.025127694820097357,-0.03753534825448812
2019-02-11 05:00:00,-0.0686267273614436,-0.02633292471809512,-0.03890689262801761
2019-02-12 05:00:00,-0.05664973572359788,-0.019811140794048332,-0.03166316649922174
2019-02-13 05:00:00,-0.05358700707002828,-0.019385382646747162,-0.030313513915770418
2019-02-14 05:00:00,-0.055686246252027005,-0.01845542398274891,-0.029697488885511825
2019-02-15 05:00:00,-0.045395828335841104,-0.011425352531303723,-0.021097821776732473
2019-02-19 05:00:00,-0.0437437066619526,-0.00939386532710107,-0.019088876511731634
2019-02-20 05:00:00,-0.041816552538906704,-0.009330122596131973,-0.018437515592334197
2019-02-21 05:00:00,-0.04522350970368316,-0.014985645882842569,-0.02285695210144556
2019-02-22 05:00:00,-0.03930412235685754,-0.008974195096008608,-0.01723214456588451
2019-02-25 05:00:00,-0.03799599562097056,-0.009338317587232026,-0.018768140689430335
2019-02-26 05:00:00,-0.03868445264338405,-0.007802240998992294,-0.017299040126425025
2019-02-27 05:00:00,-0.03909776043003743,-0.012554517947253818,-0.02039867932421524
2019-02-28 05:00:00,-0.04088716475529941,-0.015002446203345232,-0.02273858329793399
2019-03-01 05:00:00,-0.03489875652632868,-0.01495412155857323,-0.02288952950850276
2019-03-04 05:00:00,-0.03840936180092547,-0.01401596966428642,-0.022415130146005047
2019-03-05 05:00:00,-0.0397170797837032,-0.013995980586725909,-0.022105642194304442
2019-03-06 05:00:00,-0.0455332277738173,-0.016131106874865964,-0.025135416913834585
2019-03-07 05:00:00,-0.05351804458118459,-0.01851744085354534,-0.028378590229135137
2019-03-08 05:00:00,-0.055410980229664286,-0.018041337956280046,-0.028378154328112526
2019-03-11 04:00:00,-0.04171296282238768,-0.010660395558877322,-0.02066400065809182
2019-03-12 04:00:00,-0.03809941015758589,-0.005646868713165443,-0.015767704858773657
2019-03-13 04:00:00,-0.031732438156239606,-0.0024474490571205765,-0.011795948767227782
2019-03-14 04:00:00,-0.03235199108311049,-0.005712430881523511,-0.014749197060861197
2019-03-15 04:00:00,-0.027571331505079177,-0.00013464310598809703,-0.009873733382340988
2019-03-18 04:00:00,-0.02404560236544384,0.0,-0.007392941409104403
2019-03-19 04:00:00,-0.023803503738223597,-0.0007386948073918598,-0.0076577791602568945
2019-03-20 04:00:00,-0.026741387513598114,0.0,-0.005593139386773749
2019-03-21 04:00:00,-0.015749023722396616,0.0,0.0
2019-03-22 04:00:00,-0.03469233620620704,-0.005333809126049749,-0.007757968463327436
2019-03-25 04:00:00,-0.03541804815485461,-0.005145149363343204,-0.007355222782520543
2019-03-26 04:00:00,-0.028228139358184023,-0.0009822102008107958,-0.002943974706134056
2019-03-27 04:00:00,-0.03330940765134538,-0.00043911504393179257,-0.003879263302966729
2019-03-28 04:00:00,-0.029645286387611547,0.0,-0.0008838715038611555
2019-03-29 04:00:00,-0.02352677788332802,0.0,0.0
2019-04-01 04:00:00,-0.011946685514468203,0.0,0.0
2019-04-02 04:00:00,-0.011462371473425215,0.0,0.0
2019-04-03 04:00:00,-0.009907124286405722,-0.002523112770812186,-0.001532044467363658
2019-04-04 04:00:00,-0.007279776087383616,0.0,0.0
2019-04-05 04:00:00,-0.0024745913228032546,0.0,0.0
2019-04-08 04:00:00,-0.0017145441129871042,-0.0009617767224655571,-0.00023598662052293218
2019-04-09 04:00:00,-0.006830614813727709,-0.002772752316562599,-0.002548547362427378
2019-04-10 04:00:00,-0.003442869045081509,0.0,0.0
2019-04-11 04:00:00,-0.0037193029334704475,-0.002515855976163217,-0.002418105801436976
2019-04-12 04:00:00,0.0,-0.0013086071806800437,-0.00019342535779243164
2019-04-15 04:00:00,-0.000654945948038721,-0.0006915728376039043,-1.2259075130360841e-05
2019-04-16 04:00:00,-1.1102230246251565e-16,-0.002801317674413273,-0.0018658894950094318
2019-04-17 04:00:00,-0.0024468780618723818,-0.004102110435815098,-0.00357796812937361
2019-04-18 04:00:00,-0.0004822730874269876,-0.0008400532280038453,-0.0005274821616121361
2019-04-22 04:00:00,0.0,-0.0022418993934152365,-0.0009566977614162697
2019-04-23 04:00:00,0.0,0.0,0.0
2019-04-24 04:00:00,-0.0022194006764557628,0.0,0.0
2019-04-25 04:00:00,-0.002834119294170434,-0.0009522400767193462,-0.0009912178792000903
2019-04-26 04:00:00,0.0,0.0,0.0
2019-04-29 04:00:00,0.0,-0.0016115312509527024,-0.0009110701759638129
2019-04-30 04:00:00,0.0,0.0,0.0
2019-05-01 04:00:00,-0.007516819396167884,-0.0028600779178333813,-0.003583333277360601
2019-05-02 04:00:00,-0.0096593605469536,-0.006051085608970719,-0.007415683798928208
2019-05-03 04:00:00,0.0,0.0,-0.0006787660338043455
2019-05-06 04:00:00,-0.004115226810297634,-0.0013692946869301448,-0.0020070731222630034
2019-05-07 04:00:00,-0.02074618949415863,-0.008315186673170882,-0.01096684307905238
2019-05-08 04:00:00,-0.02210651813319564,-0.010855916480704164,-0.012947553894192776
2019-05-09 04:00:00,-0.025065138128682274,-0.011029776735902108,-0.01402729711886519
2019-05-10 04:00:00,-0.020168000989079005,-0.008587520181224884,-0.011269382960993668
2019-05-13 04:00:00,-0.044791109869144474,-0.020420520535931685,-0.024351271321900292
2019-05-14 04:00:00,-0.03615281044195562,-0.01625849941698443,-0.01860627934843595
2019-05-15 04:00:00,-0.030507142098787465,-0.010384164789209338,-0.01248029190194988
2019-05-16 04:00:00,-0.02152821472579025,-0.006203122433081076,-0.007422403337169703
2019-05-17 04:00:00,-0.027854162290803175,-0.009172700951885271,-0.011537054946202274
2019-05-20 04:00:00,-0.034282258023744405,-0.013921512820445847,-0.01563538692877342
2019-05-21 04:00:00,-0.025575534261345734,-0.009214830438738497,-0.010718647534713521
2019-05-22 04:00:00,-0.028568510052344842,-0.00876764478755887,-0.012263439728643077
2019-05-23 04:00:00,-0.04043815014608676,-0.011575064192062556,-0.018241447248048326
2019-05-24 04:00:00,-0.038261095772927245,-0.009888792034542626,-0.015314144313739342
2019-05-28 04:00:00,-0.04720606950855344,-0.012562837760672796,-0.01786344991492006
2019-05-29 04:00:00,-0.053599751994819145,-0.015341485840715263,-0.02129874515560326
2019-05-30 04:00:00,-0.05101513907088129,-0.010341418150520476,-0.018167859419498833
2019-05-31 04:00:00,-0.0638029636527172,-0.013387087844401568,-0.025009032297650613
2019-06-03 04:00:00,-0.06618345259428748,-0.012252568899158267,-0.02486224039556728
2019-06-04 04:00:00,-0.04591353324193226,-0.0038927318539215827,-0.014915402627467933
2019-06-05 04:00:00,-0.03764912598396597,-0.0009676495531362184,-0.013478947701190513
2019-06-06 04:00:00,-0.03139131549834728,0.0,-0.006949157941970929
2019-06-07 04:00:00,-0.021698499973112573,0.0,0.0
2019-06-10 04:00:00,-0.01720880648196177,-0.0010116257459189537,-0.00033400062168942313
2019-06-11 04:00:00,-0.017446884101700255,-0.000911615514064601,0.0
2019-06-12 04:00:00,-0.01918144961693835,-0.0016639932721493889,-0.0022084514454467907
2019-06-13 04:00:00,-0.015134359886035065,0.0,0.0
2019-06-14 04:00:00,-0.016222484914473312,0.0,0.0
2019-06-17 04:00:00,-0.015848592745250634,0.0,0.0
2019-06-18 04:00:00,-0.0055434627240764645,0.0,0.0
2019-06-19 04:00:00,-0.0032987308808271054,0.0,0.0
2019-06-20 04:00:00,0.0,0.0,0.0
2019-06-21 04:00:00,-0.001453316586753517,-0.00526663554732365,-0.003912552064578745
2019-06-24 04:00:00,-0.0026760803182657167,-0.0030306646052680186,-0.0019721272784308796
2019-06-25 04:00:00,-0.012458190170363648,-0.007663131665138212,-0.0066020933777248825
2019-06-26 04:00:00,-0.013442750208942145,-0.010796983612209377,-0.008601202152088372
2019-06-27 04:00:00,-0.009944490317750687,-0.005903897525060708,-0.0043959273730227455
2019-06-28 04:00:00,-0.004850060139010015,-0.0031040976419060007,-0.0025889312410267706
2019-07-01 04:00:00,0.0,0.0,0.0
2019-07-02 04:00:00,0.0,0.0,0.0
2019-07-03 04:00:00,0.0,0.0,0.0
2019-07-05 04:00:00,-0.0011376976469765765,-0.005987827850011507,-0.004469331102443963
2019-07-08 04:00:00,-0.006626348969483997,-0.008724391757232719,-0.007472758058526541
2019-07-09 04:00:00,-0.005387945220831636,-0.008132582888738416,-0.006525028384487652
2019-07-10 04:00:00,-0.0006358549503576727,-0.0074740331903097035,-0.003162722698378473
2019-07-11 04:00:00,0.0,-0.011378282221111036,-0.005690829182011803
2019-07-12 04:00:00,0.0,-0.008266445604989126,-0.0024275276395290257
2019-07-15 04:00:00,0.0,-0.005783697236447449,-0.0015607055196138475
2019-07-16 04:00:00,-0.003224952871619946,-0.008891839431138138,-0.005452891037185159
2019-07-17 04:00:00,-0.01000844359021047,-0.008657974271780944,-0.0071778630225851625
2019-07-18 04:00:00,-0.006383948928408323,-0.006450490231335038,-0.005675520500233788
2019-07-19 04:00:00,-0.011903528208891068,-0.010695244611491184,-0.009111618868443583
2019-07-22 04:00:00,-0.009476429214307691,-0.008485985222225434,-0.007405330133672505
2019-07-23 04:00:00,-0.0023937852135328397,-0.006396439294265144,-0.004131881228276679
2019-07-24 04:00:00,0.0,-0.0018683948632393088,-0.0004727201389101987
2019-07-25 04:00:00,-0.004777169699553885,-0.006637966186380018,-0.00515705361742691
2019-07-26 04:00:00,0.0,-0.0017054125172299983,-0.0003237375757826344
2019-07-29 04:00:00,-0.0018211624892405798,-0.0026748122427657783,-0.0009379024505172806
2019-07-30 04:00:00,-0.004271421453002522,-0.003172971363449073,-0.001102171589880796
2019-07-31 04:00:00,-0.015165110271672666,-0.006510219770513581,-0.0058878349258200124
2019-08-01 04:00:00,-0.023741127969644782,-0.003808761187924503,-0.00790799347214377
2019-08-02 04:00:00,-0.031091793536125456,-0.004626574934673333,-0.009508078391565422
2019-08-05 04:00:00,-0.06022983673994642,-0.01570376555181885,-0.0230937814753015
2019-08-06 04:00:00,-0.0470515402677405,-0.004275122476589011,-0.013052460490775908
2019-08-07 04:00:00,-0.04648857072754309,-0.0037799358863034316,-0.01385289674485668
2019-08-08 04:00:00,-0.02778065985329159,0.0,-0.0010747821175415284
2019-08-09 04:00:00,-0.03440292721895921,-0.004885193397362708,-0.00487912754629094
2019-08-12 04:00:00,-0.04615737943189602,-0.0038544122961738925,-0.00665530923186286
2019-08-13 04:00:00,-0.03132334913106527,0.0,0.0
2019-08-14 04:00:00,-0.05996499502823416,-0.008728864088101473,-0.012495975995721609
2019-08-15 04:00:00,-0.05748178392211534,-0.002748759146000257,-0.008428763383376281
2019-08-16 04:00:00,-0.0435749779242911,0.0,-0.0021001344002484768
2019-08-19 04:00:00,-0.03205163600707306,0.0,0.0
2019-08-20 04:00:00,-0.03946898513190422,-0.0004600293766319208,-0.0012260156428230973
2019-08-21 04:00:00,-0.03165454042671234,0.0,0.0
2019-08-22 04:00:00,-0.031952556930392007,-0.0028409181472577316,-0.0026438272817073116
2019-08-23 04:00:00,-0.05681917868121056,-0.011654636786079475,-0.013833660348260501
2019-08-26 04:00:00,-0.04638904635164098,-0.006694675852018439,-0.008552654575370022
2019-08-27 04:00:00,-0.05013078438121865,-0.0029109958473213515,-0.005633835779446206
2019-08-28 04:00:00,-0.04344205610681107,0.0,-0.000181011343410864
2019-08-29 04:00:00,-0.031224158729579066,0.0,0.0
2019-08-30 04:00:00,-0.03165454042671234,-0.00015782940292263792,-0.0017775864806733876
2019-09-03 04:00:00,-0.03731663134701657,-0.00314855619745813,-0.005430999403993275
2019-09-04 04:00:00,-0.026389990385989548,0.0,0.0
2019-09-05 04:00:00,-0.013873631205856718,0.0,0.0
2019-09-06 04:00:00,-0.013112169537881635,0.0,0.0
2019-09-09 04:00:00,-0.012615326932008508,-0.006804111895344023,-0.004101632758057638
2019-09-10 04:00:00,-0.012847216501364112,-0.013907521896459052,-0.009348241503889021
2019-09-11 04:00:00,-0.005827519580919982,-0.010401183383344947,-0.0063628202850828375
2019-09-12 04:00:00,-0.002384132029437769,-0.010937917128721608,-0.006643768040559106
2019-09-13 04:00:00,-0.0030462919711214953,-0.019781769507098645,-0.013404354821691333
2019-09-16 04:00:00,-0.006125536084599759,-0.016601650889238817,-0.007086127737874426
2019-09-17 04:00:00,-0.0036092615113186843,-0.012974442264293007,-0.00584999716635326
2019-09-18 04:00:00,-0.003013117179153868,-0.010944546850244707,-0.004869574522876063
2019-09-19 04:00:00,-0.0030793554382831934,-0.009793918207469665,-0.0034936083235774795
2019-09-20 04:00:00,-0.007789730598424027,-0.007368791386149098,-0.0022405348231097078
2019-09-23 04:00:00,-0.008022399441416361,-0.0075922901135863086,-0.0021862928517358826
2019-09-24 04:00:00,-0.015806118500356625,-0.007479541401603229,-0.0044329582859296
2019-09-25 04:00:00,-0.009985167082947055,-0.009764569820536861,-0.005852866612152119
2019-09-26 04:00:00,-0.012047236450769216,-0.008454044832029828,-0.005176691629365626
2019-09-27 04:00:00,-0.017369786715031865,-0.010684316212231315,-0.008050263050066175
2019-09-30 04:00:00,-0.012812594486928175,-0.006960897950171074,-0.005539751320843278
2019-10-01 04:00:00,-0.02455513494570205,-0.01285245830070525,-0.011805214940690312
2019-10-02 04:00:00,-0.041785543004549286,-0.02235021471572962,-0.022409154335427006
2019-10-03 04:00:00,-0.03393536303686906,-0.013976976082268333,-0.015059490371744921
2019-10-04 04:00:00,-0.020862379830438704,-0.003059404484858974,-0.00408673512422475
2019-10-07 04:00:00,-0.025086933540426903,-0.008945206501693725,-0.00927385577629014
2019-10-08 04:00:00,-0.04022232008909521,-0.0171089788846176,-0.017767929448796682
2019-10-09 04:00:00,-0.031108046957693203,-0.013729478649340932,-0.013573422896835607
2019-10-10 04:00:00,-0.024555134945702273,-0.015603122436343542,-0.01332096574932018
2019-10-11 04:00:00,-0.014442389635927477,-0.014353222415149025,-0.009671602223447096
2019-10-14 04:00:00,-0.01554038619020226,-0.012148689722861872,-0.008629223691605126
2019-10-15 04:00:00,-0.00579378816492615,-0.01105719054985721,-0.006595975095172957
2019-10-16 04:00:00,-0.007390408521958047,-0.011528946857726097,-0.00705980793160621
2019-10-17 04:00:00,-0.004463234092464297,-0.010740703709927746,-0.00563478176890464
2019-10-18 04:00:00,-0.00882070961993231,-0.013338703093692228,-0.008311357693597254
2019-10-21 04:00:00,-0.002101478348883523,-0.01229441603893977,-0.006645803652243987
2019-10-22 04:00:00,-0.005361068646882239,-0.011920215172263271,-0.006719815851904065
2019-10-23 04:00:00,-0.0024672916589663085,-0.009798170253154215,-0.003448894277876202
2019-10-24 04:00:00,-0.00083727386035648,-0.00962252868688196,-0.0025557059159397877
2019-10-25 04:00:00,0.0,-0.00912414623348512,-0.0009881537594195189
2019-10-28 04:00:00,0.0,-0.009378625130256446,-0.0007199264324819765
2019-10-29 04:00:00,-0.00029670895808375786,-0.00929516824395793,-0.0008940437717175342
2019-10-30 04:00:00,0.0,-0.0016726407656911801,0.0
2019-10-31 04:00:00,-0.002663226175608102,0.0,0.0
2019-11-01 04:00:00,0.0,0.0,0.0
2019-11-04 05:00:00,0.0,-0.0028540351103236716,-0.0008972624311984756
2019-11-05 05:00:00,-0.0011059012904975907,-0.008001350264541851,-0.004676680158914093
2019-11-06 05:00:00,-0.0008782317425573005,-0.005464413123470124,-0.0038078862579684625
2019-11-07 05:00:00,0.0,-0.010573695586027165,-0.007184670969451301
2019-11-08 05:00:00,0.0,-0.01077470029253158,-0.006713570165435612
2019-11-11 05:00:00,-0.0019102440928837616,-0.01164432042336061,-0.008289382692807767
2019-11-12 05:00:00,0.0,-0.008578657364296527,-0.0056047868057799155
2019-11-13 05:00:00,0.0,-0.005812909705180447,-0.003283788059252668
2019-11-14 05:00:00,0.0,-0.0008364379926939502,0.0
2019-11-15 05:00:00,0.0,0.0,0.0
2019-11-18 05:00:00,0.0,0.0,-4.006679892265552e-05
2019-11-19 05:00:00,-0.00028841688198721904,0.0,0.0
2019-11-20 05:00:00,-0.004006195224657394,0.0,0.0
2019-11-21 05:00:00,-0.00560863041130244,-0.003468914142226276,-0.0019386237258091077
2019-11-22 05:00:00,-0.003397505821430502,-0.0016259743982283137,-0.0002852985353481996
2019-11-25 05:00:00,0.0,0.0,0.0
2019-11-26 05:00:00,0.0,0.0,0.0
2019-11-27 05:00:00,0.0,0.0,0.0
2019-11-29 05:00:00,-0.003708934317078416,-0.003078154929330168,-0.004849582363552818
2019-12-02 05:00:00,-0.012172025896239114,-0.013476048118522543,-0.01403216719172451
2019-12-03 05:00:00,-0.018796827775412805,-0.009171862259891306,-0.011733213558155375
2019-12-04 05:00:00,-0.01274242717252938,-0.009460969342648728,-0.009484561967913696
2019-12-05 05:00:00,-0.010967468244709844,-0.010319547586874145,-0.009670128803302425
2019-12-06 05:00:00,-0.0019336571441727068,-0.007086793865718977,-0.0052510806670009735
2019-12-09 05:00:00,-0.005071765858179256,-0.008098769947191276,-0.0066075770126015065
2019-12-10 05:00:00,-0.00618095606552338,-0.008733533476765754,-0.0068061611493916985
2019-12-11 05:00:00,-0.0033601377025272994,-0.003928625809594299,-0.0032148759599445187
2019-12-12 05:00:00,0.0,-0.00533492159649962,-0.00208998414886985
2019-12-13 05:00:00,0.0,-0.00037486447731327477,0.0
2019-12-16 05:00:00,0.0,0.0,0.0
2019-12-17 05:00:00,0.0,-0.0004200019830502555,0.0
2019-12-18 05:00:00,0.0,-0.003665810283580484,-0.002363674507391389
2019-12-19 05:00:00,0.0,-0.0005779983065161698,0.0
2019-12-20 05:00:00,0.0,0.0,0.0
2019-12-23 05:00:00,0.0,0.0,0.0
2019-12-24 05:00:00,0.0,0.0,0.0
2019-12-26 05:00:00,0.0,0.0,0.0
2019-12-27 05:00:00,-0.00024770422424391647,0.0,0.0
2019-12-30 05:00:00,-0.005759690396532013,-0.00476439761555858,-0.004586873787098544
2019-12-31 05:00:00,-0.0033443163997626257,-0.007212649657679426,-0.006680848064671396
2020-01-02 05:00:00,0.0,0.0,0.0
2020-01-03 05:00:00,-0.0075720151278334535,0.0,0.0
2020-01-06 05:00:00,-0.0037859563081452663,0.0,0.0
2020-01-07 05:00:00,-0.006587289245237327,-0.003653490329585285,-0.003223680721675115
2020-01-08 05:00:00,-0.0012924655348506287,-0.003101967062478117,-0.003491482198575757
2020-01-09 05:00:00,0.0,0.0,0.0
2020-01-10 05:00:00,-0.0028774175078463138,0.0,0.0
2020-01-13 05:00:00,0.0,0.0,0.0
2020-01-14 05:00:00,-0.0015247546429616454,0.0,0.0
2020-01-15 05:00:00,0.0,0.0,0.0
2020-01-16 05:00:00,0.0,0.0,0.0
2020-01-17 05:00:00,0.0,-0.0015516302608103993,-0.00037874452130171044
2020-01-21 05:00:00,-0.001958445952419563,0.0,0.0
2020-01-22 05:00:00,-0.0018379555272951542,0.0,-0.00021298126488589197
2020-01-23 05:00:00,-0.0006930456759036696,0.0,0.0
2020-01-24 05:00:00,-0.009580142535859038,-0.0021005790280000936,-0.004408769035506133
2020-01-27 05:00:00,-0.025456085353370628,-0.005489390393367377,-0.011183241833637614
2020-01-28 05:00:00,-0.015243694142128783,-0.0023517482351690377,-0.006822440157915333
2020-01-29 05:00:00,-0.016056929267906694,0.0,-0.004867259130493573
2020-01-30 05:00:00,-0.012863682189398262,0.0,-0.0037606820153247567
2020-01-31 05:00:00,-0.030787761583860096,-0.007242647211650133,-0.012698903592006316
2020-02-03 05:00:00,-0.023588232951231913,-0.003139547336584725,-0.010366738579314139
2020-02-04 05:00:00,-0.008706311059726968,0.0,-0.005176518565356059
2020-02-05 05:00:00,0.0,0.0,-1.9774496363256233e-05
2020-02-06 05:00:00,0.0,0.0,0.0
2020-02-07 05:00:00,-0.0053298831835111304,0.0,-2.069735570264797e-06
2020-02-10 05:00:00,0.0,0.0,0.0
2020-02-11 05:00:00,0.0,-0.0009762632880310207,-0.00012501870216397037
2020-02-12 05:00:00,0.0,0.0,0.0
2020-02-13 05:00:00,-0.001066637136007742,0.0,0.0
2020-02-14 05:00:00,0.0,0.0,0.0
2020-02-18 05:00:00,-0.0025768334759098677,0.0,0.0
2020-02-19 05:00:00,0.0,0.0,0.0
2020-02-20 05:00:00,-0.0041084816325575035,0.0,-0.0005176596421713198
2020-02-21 05:00:00,-0.014364429014069757,-0.0024428969813091728,-0.004296923730414681
2020-02-24 05:00:00,-0.04705323731914768,-0.01633649077477961,-0.021537471709207945
2020-02-25 05:00:00,-0.07592983926033148,-0.03212585823363956,-0.03958632095215242
2020-02-26 05:00:00,-0.07932863827260284,-0.03631232763597625,-0.04417672622452762
2020-02-27 05:00:00,-0.12067764158192862,-0.058099093349947895,-0.06845070671819242
2020-02-28 05:00:00,-0.12437192842028866,-0.05196482937684732,-0.06610186129022277
2020-03-02 05:00:00,-0.086451646941066,-0.03012144477708445,-0.04176988770849743
2020-03-03 05:00:00,-0.11260871752082358,-0.040759849696837214,-0.05356180535880295
2020-03-04 05:00:00,-0.07530923608128803,-0.020642705485785284,-0.03264026390836228
2020-03-05 05:00:00,-0.1060474506989586,-0.030424791560317854,-0.04574986246377544
2020-03-06 05:00:00,-0.12082538549497313,-0.0198574817582976,-0.04342529218545432
2020-03-09 04:00:00,-0.1894839308070272,-0.05515751191474805,-0.08791556317882199
2020-03-10 04:00:00,-0.1475440010606851,-0.045195475362469484,-0.07073645657598315
2020-03-11 04:00:00,-0.18909975726098338,-0.08717650425416523,-0.10985658328106818
2020-03-12 04:00:00,-0.26668455473715114,-0.13731574830977733,-0.16286796077678345
2020-03-13 04:00:00,-0.20399605451898029,-0.10086693513474221,-0.12469811783290097
2020-03-16 04:00:00,-0.2910977845204735,-0.13660539236213276,-0.17043474007287518
2020-03-17 04:00:00,-0.2528227109462686,-0.131665258167734,-0.16146848175522233
2020-03-18 04:00:00,-0.2906545035661796,-0.17763885824320969,-0.20390398158714662
2020-03-19 04:00:00,-0.289147141617905,-0.16763463779869037,-0.194696010747756
2020-03-20 04:00:00,-0.3197807248034862,-0.16412077498383304,-0.19822562493168783
2020-03-23 04:00:00,-0.33717277208626306,-0.16316548926739183,-0.19966065149052836
2020-03-24 04:00:00,-0.27711851335566573,-0.12390441866102786,-0.15888685614330778
2020-03-25 04:00:00,-0.26629673926920006,-0.11683115068409744,-0.15049195236387558
2020-03-26 04:00:00,-0.22345597521760718,-0.08415162887010075,-0.11977155561265695
2020-03-27 04:00:00,-0.24658601811058845,-0.09074063660592069,-0.128761101782233
2020-03-30 04:00:00,-0.22211811028349782,-0.07601580083699289,-0.1141639726909578
2020-03-31 04:00:00,-0.23371295611749843,-0.08727948683659037,-0.12533237916741147
2020-04-01 04:00:00,-0.2681994958202054,-0.10681035620173107,-0.14776240419900055
2020-04-02 04:00:00,-0.2513128882399486,-0.09217695021633954,-0.1327032599621949
2020-04-03 04:00:00,-0.2621346131112534,-0.0991860865340417,-0.13742593794439995
2020-04-06 04:00:00,-0.2125749460774089,-0.06382418369862175,-0.10288679160277736
2020-04-07 04:00:00,-0.21177190229688114,-0.06717298881500222,-0.10453119019961787
2020-04-08 04:00:00,-0.18531245376850813,-0.051099913178672685,-0.08868264550447513
2020-04-09 04:00:00,-0.17291530238139352,-0.04174636064008297,-0.07962807723272258
2020-04-13 04:00:00,-0.1804665321649127,-0.050495218185968915,-0.08559842812317542
2020-04-14 04:00:00,-0.15629642527647325,-0.033785898570101947,-0.0702621013154866
2020-04-15 04:00:00,-0.17422324449767101,-0.035866220676124216,-0.07664035483322607
2020-04-16 04:00:00,-0.17023947408285323,-0.028695617597368384,-0.07106422301014803
2020-04-17 04:00:00,-0.1478231494533523,-0.018159409417126682,-0.0593346495486724
2020-04-20 04:00:00,-0.16283682487011364,-0.02537889699924656,-0.06857037786076237
2020-04-21 04:00:00,-0.1882558648969025,-0.03822555423374441,-0.08640865338621573
2020-04-22 04:00:00,-0.17023947408285323,-0.029348402885324254,-0.07576446066976872
2020-04-23 04:00:00,-0.17029882756690773,-0.027328912336110345,-0.07458725557465762
2020-04-24 04:00:00,-0.15873434748718696,-0.018281519601623164,-0.06739180998408278
2020-04-27 04:00:00,-0.1466041883479956,-0.017097612820541674,-0.06627439699034121
2020-04-28 04:00:00,-0.15052870370908078,-0.015283818266315086,-0.06553728552174509
2020-04-29 04:00:00,-0.12829083325303037,-0.0018607629138512882,-0.050625017472288536
2020-04-30 04:00:00,-0.1364071022989285,-0.012098827936423917,-0.05747981752889164
2020-05-01 04:00:00,-0.15926931628625118,-0.024406769905630066,-0.07124004580770849
2020-05-04 04:00:00,-0.15695029790429005,-0.024627753739201563,-0.06989145198494051
2020-05-05 04:00:00,-0.14916101438746132,-0.02171816229622303,-0.06413001092601933
2020-05-06 04:00:00,-0.1549288343851758,-0.03201130646608763,-0.07431007419408242
2020-05-07 04:00:00,-0.14473145304514334,-0.018534322908623113,-0.062376728922765134
2020-05-08 04:00:00,-0.13058012567780297,-0.013894768381391809,-0.05476847164656973
2020-05-11 04:00:00,-0.13040157307403066,-0.016852088668029452,-0.058125718478760136
2020-05-12 04:00:00,-0.14773407001210948,-0.02457292694072577,-0.06725289714039151
2020-05-13 04:00:00,-0.16280700048260333,-0.032193855462627985,-0.07612485946806957
2020-05-14 04:00:00,-0.1527881717463433,-0.02145581530170193,-0.06516803042836006
2020-05-15 04:00:00,-0.1488933823424461,-0.019763609838141627,-0.06238370075279476
2020-05-18 04:00:00,-0.1229690994737811,-0.010457469559417176,-0.04874475144575796
2020-05-19 04:00:00,-0.13197724566564484,-0.01507490248143839,-0.053787141110043346
2020-05-20 04:00:00,-0.1172312022938985,-0.0038559726981041154,-0.041645491786011735
2020-05-21 04:00:00,-0.12332571252971691,-0.006987069345701036,-0.045307072261431824
2020-05-22 04:00:00,-0.12166096049685993,-0.0034660658725702564,-0.04323445850926988
2020-05-26 04:00:00,-0.11083953091652066,-0.0014448658675941806,-0.03901685767838836
2020-05-27 04:00:00,-0.0976097082220122,0.0,-0.032202562753049335
2020-05-28 04:00:00,-0.0992743618245473,-0.0025790696404557334,-0.03383831422154693
2020-05-29 04:00:00,-0.09526047173125407,0.0,-0.02751638071758611
2020-06-01 04:00:00,-0.09160408056679292,-0.00026812481382321174,-0.02654452439212429
2020-06-02 04:00:00,-0.08408252752530088,0.0,-0.021702124613731
2020-06-03 04:00:00,-0.07189311333237669,0.0,-0.0177929682878053
2020-06-04 04:00:00,-0.07433113397341207,-0.007367885940301244,-0.02278770444113576
2020-06-05 04:00:00,-0.05060657193666818,0.0,-0.007907130571419896
2020-06-08 04:00:00,-0.039130876007224535,0.0,-0.0002122260769511497
2020-06-09 04:00:00,-0.046295815992780875,0.0,-0.0009518543070866636
2020-06-10 04:00:00,-0.05161745134170803,0.0,0.0
2020-06-11 04:00:00,-0.10629067202416287,-0.027029183239347554,-0.03215546732147512
2020-06-12 04:00:00,-0.09558785098161049,-0.023790124567131476,-0.0275957523015824
2020-06-15 04:00:00,-0.08714459640664296,-0.018105511736361768,-0.021096581150703786
2020-06-16 04:00:00,-0.06957429181105934,-0.012788255495399414,-0.013486880357965303
2020-06-17 04:00:00,-0.07343905996680278,-0.013618820438719426,-0.015208406626713411
2020-06-18 04:00:00,-0.07308215161990161,-0.009213282338499718,-0.011285777535035901
2020-06-19 04:00:00,-0.07837947467934048,-0.012293240433755237,-0.013630041274041771
2020-06-22 04:00:00,-0.07246706053887986,-0.008442644853798753,-0.008756863244771651
2020-06-23 04:00:00,-0.06819705474822402,-0.008414588448260707,-0.008528661941508475
2020-06-24 04:00:00,-0.0919662057207501,-0.01933707210255331,-0.022991953919198616
2020-06-25 04:00:00,-0.0822316437538918,-0.011898303441933433,-0.014973643384586066
2020-06-26 04:00:00,-0.1040300228230383,-0.021749000017576514,-0.02705914941873655
2020-06-29 04:00:00,-0.09086132535837699,-0.014353578554546775,-0.017782845248310197
2020-06-30 04:00:00,-0.07921583712380253,-0.008692871939076752,-0.011183758110432707
2020-07-01 04:00:00,-0.07276579656558846,-0.005296582605765154,-0.006800693932048629
2020-07-02 04:00:00,-0.06765972362143602,-0.0015963193935311093,-0.0028091266293305273
2020-07-06 04:00:00,-0.05326704510500535,0.0,0.0
2020-07-07 04:00:00,-0.06303143145937362,-0.0005657580296941633,-0.0018917667594000598
2020-07-08 04:00:00,-0.05586471972802465,0.0,0.0
2020-07-09 04:00:00,-0.06123940902041003,0.0,0.0
2020-07-10 04:00:00,-0.05165446114271044,0.0,0.0
2020-07-13 04:00:00,-0.059866109170447324,-0.003872785005422763,-0.005230285142052815
2020-07-14 04:00:00,-0.04768279765747596,0.0,0.0
2020-07-15 04:00:00,-0.03893352321198573,0.0,0.0
2020-07-16 04:00:00,-0.042099042361555705,-7.662253893592208e-05,-0.0013364547690027928
2020-07-17 04:00:00,-0.03932192926186773,0.0,-6.861708189753735e-05
2020-07-20 04:00:00,-0.03155813919838901,0.0,0.0
2020-07-21 04:00:00,-0.02949759884151426,0.0,0.0
2020-07-22 04:00:00,-0.023973590750935525,0.0,0.0
2020-07-23 04:00:00,-0.035619374276475324,-0.002486677061009135,-0.003887159176546917
2020-07-24 04:00:00,-0.04183022915267909,-0.006364646056224554,-0.007599160333085941
2020-07-27 04:00:00,-0.034842562176711556,-0.0034921074237962424,-0.0034386627817148963
2020-07-28 04:00:00,-0.040964140751029166,-0.004526417874052391,-0.005698350194101143
2020-07-29 04:00:00,-0.02916933371826136,0.0,0.0
2020-07-30 04:00:00,-0.032632998312608796,0.0,-0.0013161540031529917
2020-07-31 04:00:00,-0.024988702659813455,0.0,0.0
2020-08-03 04:00:00,-0.018210298548024695,0.0,0.0
2020-08-04 04:00:00,-0.014418073539458787,0.0,0.0
2020-08-05 04:00:00,-0.008296790256106745,0.0,0.0
2020-08-06 04:00:00,-0.0016675080818675525,0.0,0.0
2020-08-07 04:00:00,-0.0009508369087327662,-0.002235912488851688,-0.002917576525189425
2020-08-10 04:00:00,0.0,-0.0022320887937525846,-0.0019377446163427736
2020-08-11 04:00:00,-0.008254596741539832,-0.011917035965326006,-0.01202242371560358
2020-08-12 04:00:00,0.0,-0.007246460571251001,-0.005392136567636041
2020-08-13 04:00:00,-0.001807485017890187,-0.012567668172767,-0.00913150757767156
2020-08-14 04:00:00,-0.0017779838302232065,-0.014093229904187154,-0.010275267762581919
2020-08-17 04:00:00,0.0,-0.011223128542910632,-0.005998186732692812
2020-08-18 04:00:00,0.0,-0.0071131356480039765,-0.0023557800341693635
2020-08-19 04:00:00,-0.004163518938107513,-0.012076118310386463,-0.0070147240251183796
2020-08-20 04:00:00,-0.0010628542137609553,-0.006658308537685342,-0.002614443932111299
2020-08-21 04:00:00,0.0,-0.002163464571653617,0.0
2020-08-24 04:00:00,0.0,0.0,0.0
2020-08-25 04:00:00,0.0,-0.0009620223084338964,0.0
2020-08-26 04:00:00,0.0,0.0,0.0
2020-08-27 04:00:00,0.0,-0.00549192170183288,-0.004161137635585677
2020-08-28 04:00:00,0.0,-0.001933470117552738,0.0
2020-08-31 04:00:00,-0.0036223953279506116,-0.0014512134357429485,-0.0002547744724147316
2020-09-01 04:00:00,0.0,0.0,0.0
2020-09-02 04:00:00,0.0,0.0,0.0
2020-09-03 04:00:00,-0.03441430791528988,-0.019512206111652164,-0.02069315610076794
2020-09-04 04:00:00,-0.04229809987629374,-0.031762627366219154,-0.03195552397613732
2020-09-08 04:00:00,-0.06846525606035814,-0.04525576411716736,-0.048398321594143145
2020-09-09 04:00:00,-0.05007001794405663,-0.034969878982981095,-0.03699984501089204
2020-09-10 04:00:00,-0.06656422925338301,-0.043061727394410165,-0.0465315980740616
2020-09-11 04:00:00,-0.06608899558992032,-0.041953222637648224,-0.04496053114578069
2020-09-14 04:00:00,-0.05378802790838966,-0.034405152529058625,-0.03735632596274119
2020-09-15 04:00:00,-0.04900749241764113,-0.03241742258274993,-0.034618603221587496
2020-09-16 04:00:00,-0.052781623634843844,-0.03587720559379948,-0.035997220691005305
2020-09-17 04:00:00,-0.06111281901568688,-0.03978635833391264,-0.03910674206413656
2020-09-18 04:00:00,-0.07192219622275431,-0.04761337726168424,-0.04620936547205334
2020-09-21 04:00:00,-0.08225081057888395,-0.0520396467094002,-0.05346981097763692
2020-09-22 04:00:00,-0.07290445637766008,-0.046546976546743224,-0.04834412689939749
2020-09-23 04:00:00,-0.09440442541421024,-0.059302907109205716,-0.0622981703318054
2020-09-24 04:00:00,-0.09199065862206779,-0.056357456941715456,-0.059284739299668265
2020-09-25 04:00:00,-0.07731103448886012,-0.04720403711421983,-0.05015971438142408
2020-09-28 04:00:00,-0.0619858777179646,-0.03879361482707577,-0.0406982302342388
2020-09-29 04:00:00,-0.06709410971972218,-0.04149069538256245,-0.04460245894984349
2020-09-30 04:00:00,-0.06002080448940561,-0.04080517492544389,-0.041893344259396836
2020-10-01 04:00:00,-0.0539862492793628,-0.0364776253844592,-0.038902515727805675
2020-10-02 04:00:00,-0.06296823002599472,-0.043405651620786245,-0.046646297197289854
2020-10-05 04:00:00,-0.04635173152034988,-0.04070402784562288,-0.039621619967231125
2020-10-06 04:00:00,-0.05990874628991538,-0.04681841611190196,-0.04589308518640933
2020-10-07 04:00:00,-0.043544839498746324,-0.03964406194221215,-0.037652309476995605
2020-10-08 04:00:00,-0.035068318640439466,-0.032462967906390916,-0.030026079862811694
2020-10-09 04:00:00,-0.026451172114022592,-0.02735131680163383,-0.024591639758825945
2020-10-12 04:00:00,-0.010789195672784468,-0.016723367285179314,-0.01526793848268948
2020-10-13 04:00:00,-0.01724470635591191,-0.017756892480356612,-0.01678437901413876
2020-10-14 04:00:00,-0.023420071540314114,-0.020561568448994594,-0.01914784922653867
2020-10-15 04:00:00,-0.02462672455357373,-0.021964149263780763,-0.020088544629557892
2020-10-16 04:00:00,-0.025216135938392004,-0.023406653604195027,-0.021921436519695248
2020-10-19 04:00:00,-0.040036293586585225,-0.03379176463606837,-0.03187894694271487
2020-10-20 04:00:00,-0.03619083585095717,-0.03514719059002591,-0.031222305440301135
2020-10-21 04:00:00,-0.03801546771765496,-0.03757619775122767,-0.03412006097646181
2020-10-22 04:00:00,-0.03273877980416395,-0.03841118793593634,-0.033663792045640295
2020-10-23 04:00:00,-0.029454626750356816,-0.03410099824972235,-0.030646339242324183
2020-10-26 04:00:00,-0.0473902050812498,-0.04121646289119951,-0.040078033555300485
2020-10-27 04:00:00,-0.05067417382880779,-0.04062660912877836,-0.03947048838366796
2020-10-28 04:00:00,-0.08312128899367344,-0.059942488266074845,-0.06145396228209454
2020-10-29 04:00:00,-0.07380230427044976,-0.05785993751448448,-0.059635946755955294
2020-10-30 04:00:00,-0.08345801651089135,-0.06747083247815333,-0.06830103971038048
2020-11-02 05:00:00,-0.0731850626420083,-0.05840568387435252,-0.05824780171138366
2020-11-03 05:00:00,-0.056821340157088285,-0.05061572950276971,-0.049325310868816086
2020-11-04 05:00:00,-0.0357417736748753,-0.029647196813663346,-0.02936349787873105
2020-11-05 05:00:00,-0.016936269847940166,-0.017617955995162027,-0.01705488156196333
2020-11-06 05:00:00,-0.01716066270629424,-0.022501245226802524,-0.021126559606564954
2020-11-09 05:00:00,-0.004810485256237396,-0.02334838383377269,-0.01872309641654446
2020-11-10 05:00:00,-0.006270282902720359,-0.026460781085825502,-0.01936173135000585
2020-11-11 05:00:00,0.0,-0.02071595773277901,-0.014001445027339132
2020-11-12 05:00:00,-0.009700955551531942,-0.019750063199280965,-0.015509054928194876
2020-11-13 05:00:00,0.0,-0.012127219311986792,-0.008163205587204514
2020-11-16 05:00:00,0.0,-0.005677982051277897,-0.0005582474361934819
2020-11-17 05:00:00,-0.005378026130120284,-0.006290026768454249,-0.001529101430880142
2020-11-18 05:00:00,-0.01734803030732479,-0.012314272736717147,-0.007723570369201682
2020-11-19 05:00:00,-0.013211031405459539,-0.007785334846159397,-0.00368445155136754
2020-11-20 05:00:00,-0.019968540118231237,-0.008341688456025453,-0.004611385957043468
2020-11-23 05:00:00,-0.014093740885286588,-0.006592357155469464,-0.0021066640363618383
2020-11-24 05:00:00,0.0,-0.0009424945553803132,0.0
2020-11-25 05:00:00,-0.0015418866553316146,-0.0030968768021750748,-0.0009871493725647218
2020-11-27 05:00:00,0.0,0.0,0.0
2020-11-30 05:00:00,-0.004427280606985273,-0.003155527365351629,-0.0036013707743554058
2020-12-01 05:00:00,0.0,-0.0024930663172250123,-0.0017559300102067965
2020-12-02 05:00:00,0.0,-0.0044004464737004145,-0.0024416190081193445
2020-12-03 05:00:00,-0.0002727401216293668,-0.0013519923139082568,-4.8675400026731985e-05
2020-12-04 05:00:00,0.0,-0.0020468822293269184,0.0
2020-12-07 05:00:00,-0.002054858544720206,0.0,0.0
2020-12-08 05:00:00,0.0,0.0,0.0
2020-12-09 05:00:00,-0.008969063277289524,-0.0067032062654083235,-0.006301648685130834
2020-12-10 05:00:00,-0.009292972725972848,-0.0033766397915540036,-0.0023712944123525093
2020-12-11 05:00:00,-0.010454416929288723,-0.0026665148662874394,-0.0022930433134107364
2020-12-14 05:00:00,-0.014885022788963198,-0.006451371704959019,-0.005522568113352722
2020-12-15 05:00:00,-0.0015668631764624852,0.0,0.0
2020-12-16 05:00:00,0.0,-0.00012276316503734286,0.0
2020-12-17 05:00:00,0.0,0.0,0.0
2020-12-18 05:00:00,-0.003992836708060832,-0.0035946521697881595,-0.002953394264131215
2020-12-21 05:00:00,-0.007554108361725098,-0.0041514427255719966,-0.00492409222061474
2020-12-22 05:00:00,-0.009226654473829421,-0.0031027603352871136,-0.005484732110613066
2020-12-23 05:00:00,-0.00833635861053883,-0.005320508583725347,-0.005765147479501187
2020-12-24 05:00:00,-0.0044786450709503045,-0.001424131330771794,-0.0019908662628330687
2020-12-28 05:00:00,0.0,0.0,0.0
2020-12-29 05:00:00,-0.0019077666252752534,-0.0016531687950932517,-0.0012503789630974316
2020-12-30 05:00:00,-0.0004835737762288739,0.0,0.0
2020-12-31 05:00:00,0.0,0.0,0.0
2021-01-04 05:00:00,-0.013614107151273314,-0.008650075269689528,-0.009073886763088401
2021-01-05 05:00:00,-0.0068205631909413755,-0.007498597748472946,-0.00440799763400157
2021-01-06 05:00:00,-0.0008827156407853476,-0.012087899099803678,-0.006835371285150327
2021-01-07 05:00:00,0.0,-0.006764331707695637,-0.00014615263472328444
2021-01-08 05:00:00,0.0,-0.0046512754004067736,0.0
2021-01-11 05:00:00,-0.006740759484683556,-0.009334675480487165,-0.005261858376337303
2021-01-12 05:00:00,-0.006531190643420115,-0.009524029423879532,-0.003466337071538539
2021-01-13 05:00:00,-0.0038554149921812275,-0.0034612675505952817,0.0
2021-01-14 05:00:00,-0.007344170260449423,-0.00928947534423219,-0.004001402453969738
2021-01-15 05:00:00,-0.014583127358774983,-0.012052276597987466,-0.008585929410344306
2021-01-19 05:00:00,-0.006845629653613905,-0.0061223870945753545,-0.0026312160755268543
2021-01-20 05:00:00,0.0,0.0,0.0
2021-01-21 05:00:00,0.0,-0.002260550305562492,-0.001623749550091369
2021-01-22 05:00:00,-0.003539549085899374,-0.0030876633722953795,-0.0044656146765633675
2021-01-25 05:00:00,0.0,0.0,0.0
2021-01-26 05:00:00,-0.0015609240486660347,-0.0016914129891208995,-0.0013059710949161474
2021-01-27 05:00:00,-0.02596323676435841,-0.015315446275512734,-0.015450666491940157
2021-01-28 05:00:00,-0.017586144458064945,-0.012411589509718435,-0.012455165283175806
2021-01-29 05:00:00,-0.03725363438111928,-0.02665097568989061,-0.025969576063156863
2021-02-01 05:00:00,-0.02122832892164428,-0.016478348105139484,-0.01404322102649902
2021-02-02 05:00:00,-0.007388385170362666,-0.010670617386287273,-0.006821090326563639
2021-02-03 05:00:00,-0.006607795570915398,-0.013715117923106868,-0.008295881107467595
2021-02-04 05:00:00,0.0,-0.008043719515108183,-0.0018232445530648178
2021-02-05 05:00:00,0.0,-0.00902359229342764,-0.001467753515300152
2021-02-08 05:00:00,0.0,-0.0029889482984173377,0.0
2021-02-09 05:00:00,-0.0006658027611433637,-0.0030920958503628526,0.0
2021-02-10 05:00:00,-0.0011012158330290234,-0.0006996258325249194,0.0
2021-02-11 05:00:00,0.0,-0.0019193694326578026,-0.0008589290672419425
2021-02-12 05:00:00,0.0,-0.003919583253330972,-0.00038074146914690576
2021-02-16 05:00:00,-0.0008657690023723408,-0.010503762619184731,-0.0041187050599514885
2021-02-17 05:00:00,-0.0006365458764316934,-0.007854141432582562,-0.0017833439942513962
2021-02-18 05:00:00,-0.004890037844713091,-0.011993676343957538,-0.005905293533216449
2021-02-19 05:00:00,-0.006647304126216058,-0.018293536994655746,-0.01098277124493141
2021-02-22 05:00:00,-0.01428801948221714,-0.025811905184814132,-0.015589534240764924
2021-02-23 05:00:00,-0.013090946877186593,-0.026225502891997876,-0.01525741042041251
2021-02-24 05:00:00,-0.002215712533384373,-0.022342585111016278,-0.00917597379937396
2021-02-25 05:00:00,-0.02625807942826941,-0.042863236436510244,-0.029159994814772716
2021-02-26 05:00:00,-0.03127550971130044,-0.033165565492452975,-0.024578064145150513
2021-03-01 05:00:00,-0.007793419755919406,-0.024211696176642206,-0.015072597327862813
2021-03-02 05:00:00,-0.015535799273480144,-0.028752472275323293,-0.019247327364206757
2021-03-03 05:00:00,-0.02857587243837123,-0.040684952760305815,-0.029644224225321092
2021-03-04 05:00:00,-0.04059705588581386,-0.05028284382185366,-0.03722134864826865
2021-03-05 05:00:00,-0.022947208240509,-0.03905986397368444,-0.02405169085029346
2021-03-08 05:00:00,-0.027811684334526965,-0.04491905915380534,-0.030592049012847622
2021-03-09 05:00:00,-0.01393132065492697,-0.03144322197210547,-0.018257459457502567
2021-03-10 05:00:00,-0.007793419755919406,-0.02704957406480668,-0.013370284019490253
2021-03-11 05:00:00,0.0,-0.023938042524935255,-0.008015321328588176
2021-03-12 05:00:00,0.0,-0.03143473471838476,-0.01398265445326985
2021-03-15 04:00:00,0.0,-0.025690819609766713,-0.009054660594166264
2021-03-16 04:00:00,-0.001261478851384612,-0.027994633413670367,-0.011399098278511599
2021-03-17 04:00:00,0.0,-0.02891525961629615,-0.011595695000586659
2021-03-18 04:00:00,-0.01454970394479671,-0.041325965705875434,-0.0279145296510378
2021-03-19 04:00:00,-0.016373025441408173,-0.04001373949892861,-0.0250616043978249
2021-03-22 04:00:00,-0.008518818741796275,-0.031111393486436767,-0.017286912311658686
2021-03-23 04:00:00,-0.016322578786893804,-0.032188506530645644,-0.022015744492040357
2021-03-24 04:00:00,-0.02132305198145079,-0.03305690184107002,-0.020844394415012957
2021-03-25 04:00:00,-0.015817453884104382,-0.03284309914893446,-0.02207581479214371
2021-03-26 04:00:00,0.0,-0.02484568328518344,-0.01131869025971144
2021-03-29 04:00:00,-0.0005051033709109198,-0.02845206543733747,-0.01401799470092746
2021-03-30 04:00:00,-0.003156608049000864,-0.02796225828298149,-0.015623096963536809
2021-03-31 04:00:00,0.0,-0.027767763408368396,-0.014340611768917655
2021-04-01 04:00:00,0.0,-0.015013656244787899,-0.0013847213841733375
2021-04-05 04:00:00,0.0,-0.008250410300606803,0.0
2021-04-06 04:00:00,-0.0005902726183830698,-0.005907014712330683,0.0
2021-04-07 04:00:00,0.0,-0.007986115992941967,-0.0010955980354253603
2021-04-08 04:00:00,0.0,-0.001885066054751916,0.0
2021-04-09 04:00:00,0.0,0.0,0.0
2021-04-12 04:00:00,0.0,0.0,0.0
2021-04-13 04:00:00,0.0,0.0,0.0
2021-04-14 04:00:00,-0.0034149998271505444,-0.003319898785210662,-0.0007039827726773584
2021-04-15 04:00:00,0.0,0.0,0.0
2021-04-16 04:00:00,0.0,-0.0011012741814377947,-0.0004963101266457492
2021-04-19 04:00:00,-0.004912918883734352,-0.005193503563702739,-0.0041892980580464645
2021-04-20 04:00:00,-0.012198580009473048,-0.007729491537253774,-0.007357940800265528
2021-04-21 04:00:00,-0.002852163781143724,-0.001299577758105297,-0.001523522208092265
2021-04-22 04:00:00,-0.011958986381507719,-0.005028937881202289,-0.00488253450987286
2021-04-23 04:00:00,-0.0012462304807924207,0.0,0.0
2021-04-26 04:00:00,0.0,0.0,0.0
2021-04-27 04:00:00,-0.00021535992222065925,-0.0036183676440301182,-0.001901478152897984
2021-04-28 04:00:00,-0.0005028186010108682,-0.003531476740968431,-0.0017120591576829103
2021-04-29 04:00:00,0.0,-0.00089928925041316,0.0
2021-04-30 04:00:00,-0.0065704280238347845,-0.003913539811933875,-0.004078846458573593
2021-05-03 04:00:00,-0.004427760549055582,-0.002385764146650482,-0.001498866042959679
2021-05-04 04:00:00,-0.010569670592705527,-0.0033703339759931783,-0.0016181728865503064
2021-05-05 04:00:00,-0.010260383629092873,-0.0025261390567080655,-0.0005570655493712939
2021-05-06 04:00:00,-0.0023567713171600557,0.0,0.0
2021-05-07 04:00:00,0.0,0.0,0.0
2021-05-10 04:00:00,-0.009902610435566506,-0.009992241825521497,-0.00967363060475257
2021-05-11 04:00:00,-0.01873892247741249,-0.0175349773201936,-0.015593407543857518
2021-05-12 04:00:00,-0.03958566205759373,-0.03418754342413288,-0.03134924934387451
2021-05-13 04:00:00,-0.028048981948655904,-0.026628573957189983,-0.02660011890375147
2021-05-14 04:00:00,-0.013124355419417366,-0.014019771027580896,-0.01410160353976464
2021-05-17 04:00:00,-0.0156351318804151,-0.016359271852550372,-0.015000631239417195
2021-05-18 04:00:00,-0.02411642283251092,-0.022450870853208515,-0.021324229892963342
2021-05-19 04:00:00,-0.026675060366708303,-0.0249345189623833,-0.02557884556793033
2021-05-20 04:00:00,-0.016203829503418032,-0.015431149753906026,-0.01790251264474041
2021-05-21 04:00:00,-0.01700928504820054,-0.014652016611443774,-0.01651166488040956
2021-05-24 04:00:00,-0.006988565835222005,-0.007164924160342867,-0.008048410060788935
2021-05-25 04:00:00,-0.009191641912713822,-0.004807944311343015,-0.006935817355376073
2021-05-26 04:00:00,-0.007225478147560471,-0.004308006674035414,-0.0061036225527290044
2021-05-27 04:00:00,-0.006704255621360233,-0.005596507004534734,-0.005420950243231637
2021-05-28 04:00:00,-0.004927451876462929,-0.005160205244481353,-0.00514661121032145
2021-06-01 04:00:00,-0.005803849882972001,-0.005775368701513184,-0.0039743578995851125
2021-06-02 04:00:00,-0.004240413890209904,-0.00391641688836486,-0.0018165008135835325
2021-06-03 04:00:00,-0.007936137889295924,-0.007630210708574059,-0.006002682736694354
2021-06-04 04:00:00,0.0,0.0,0.0
2021-06-07 04:00:00,-0.0009702448729039803,-0.0018114348803113245,-0.0013468582032550858
2021-06-08 04:00:00,-0.0007571194792216351,0.0,0.0
2021-06-09 04:00:00,-0.0022479948362587043,0.0,0.0
2021-06-10 04:00:00,0.0,0.0,0.0
2021-06-11 04:00:00,0.0,0.0,0.0
2021-06-14 04:00:00,0.0,-0.0017202887658356314,-0.0015266818783835623
2021-06-15 04:00:00,-0.0018340265368737008,-0.003299549700577442,-0.003404039872560216
2021-06-16 04:00:00,-0.007407137799873009,-0.00697776751945578,-0.007573140620865448
2021-06-17 04:00:00,-0.007736243460030767,-0.0012282327983234032,-0.0058831778649268696
2021-06-18 04:00:00,-0.021122453358180415,-0.0017995219471265145,-0.007296472864402492
2021-06-21 04:00:00,-0.007108835510002742,0.0,-0.0025296406118946457
2021-06-22 04:00:00,-0.0018005412811137322,0.0,0.0
2021-06-23 04:00:00,-0.003003788354793646,-0.0017535074647729854,-0.0008603307643254565
2021-06-24 04:00:00,0.0,0.0,0.0
2021-06-25 04:00:00,0.0,-0.0020220088685625193,-0.0014031722227457744
2021-06-28 04:00:00,0.0,0.0,0.0
2021-06-29 04:00:00,0.0,0.0,0.0
2021-06-30 04:00:00,0.0,0.0,0.0
2021-07-01 04:00:00,0.0,0.0,0.0
2021-07-02 04:00:00,0.0,0.0,0.0
2021-07-06 04:00:00,-0.0018214441102049062,0.0,-0.0002945640524306681
2021-07-07 04:00:00,0.0,0.0,0.0
2021-07-08 04:00:00,-0.00814811076909272,-0.003321641792276453,-0.0028596764619077675
2021-07-09 04:00:00,0.0,-0.00254448232615756,0.0
2021-07-12 04:00:00,0.0,-0.0009181000408841067,0.0
2021-07-13 04:00:00,-0.00340889694310198,-0.006020027524041627,-0.0035057925636462484
2021-07-14 04:00:00,-0.0019217309117487424,-0.0006127862934801609,-0.00019754087410694954
2021-07-15 04:00:00,-0.005330702164850987,0.0,0.0
2021-07-16 04:00:00,-0.013132509071950516,-0.0054606795272266195,-0.005272052480925216
2021-07-19 04:00:00,-0.027706483525212877,-0.0055494298857597935,-0.01151685629232646
2021-07-20 04:00:00,-0.013773135582533347,-0.0008333059502322326,-0.004414564774312346
2021-07-21 04:00:00,-0.0057883774552671685,-0.0010422917212988825,-0.0013737407040511629
2021-07-22 04:00:00,-0.003706211253372227,0.0,0.0
2021-07-23 04:00:00,0.0,0.0,0.0
2021-07-26 04:00:00,0.0,0.0,0.0
2021-07-27 04:00:00,-0.0045577370434575215,0.0,-0.00010336504184649264
2021-07-28 04:00:00,-0.004965883806022364,-0.00021936669278255216,0.0
2021-07-29 04:00:00,-0.0008391238204008555,0.0,0.0
2021-07-30 04:00:00,-0.005691518965089237,-0.0010321765637272273,-0.0020635488095819277
2021-08-02 04:00:00,-0.007777618784000739,0.0,-0.0017243492195477828
2021-08-03 04:00:00,0.0,0.0,0.0
2021-08-04 04:00:00,-0.00491899437001464,-0.002128679789981325,-0.003948943609754618
2021-08-05 04:00:00,0.0,-0.00037161798811868874,-0.00021093217033429923
2021-08-06 04:00:00,0.0,-0.006058512065830857,-0.005063444551823504
2021-08-09 04:00:00,-0.000813728538515468,-0.007969554379766652,-0.008032706937692757
2021-08-10 04:00:00,0.0,-0.009061525266692572,-0.006866806417273996
2021-08-11 04:00:00,0.0,-0.007827426996241504,-0.004684135286217028
2021-08-12 04:00:00,0.0,-0.0066936887869496475,-0.003745638315686861
2021-08-13 04:00:00,0.0,0.0,0.0
2021-08-16 04:00:00,0.0,0.0,0.0
2021-08-17 04:00:00,-0.006555250205989238,-0.004094191927491386,-0.005158025424422008
2021-08-18 04:00:00,-0.017428372096031097,-0.00929619868066811,-0.011852175431509404
2021-08-19 04:00:00,-0.015907114565770097,-0.005457118645069925,-0.010132855382956163
2021-08-20 04:00:00,-0.008076580402002986,-0.00044455210517280186,-0.007531734860913741
2021-08-23 04:00:00,0.0,0.0,0.0
2021-08-24 04:00:00,0.0,-0.002158451143279949,0.0
2021-08-25 04:00:00,0.0,-0.004217547813791245,-0.0003353046320780928
2021-08-26 04:00:00,-0.005903320892938657,-0.006641268513523202,-0.0038300673426778786
2021-08-27 04:00:00,0.0,0.0,0.0
2021-08-30 04:00:00,0.0,0.0,0.0
2021-08-31 04:00:00,-0.0014815145721409628,-0.003611845603792574,-0.0033981556371780464
2021-09-01 04:00:00,-0.0009508324326436002,-0.002626368393072287,-0.0030470809422256107
2021-09-02 04:00:00,0.0,0.0,0.0
2021-09-03 04:00:00,-0.00024274095605392176,-0.003783456638919991,-0.002770419639485655
2021-09-07 04:00:00,-0.0038171319930286884,-0.009281884558555276,-0.008568192775026628
2021-09-08 04:00:00,-0.005030980110148575,-0.007309241202033467,-0.006542545766264007
2021-09-09 04:00:00,-0.009289589602230142,-0.005053753127537641,-0.006209942765140863
2021-09-10 04:00:00,-0.017100946266884742,-0.013269237003683765,-0.012239658111581897
2021-09-13 04:00:00,-0.01458545621181051,-0.009360435899166908,-0.00816050343619723
2021-09-14 04:00:00,-0.019903396696343556,-0.007764209067635974,-0.007815612442471198
2021-09-15 04:00:00,-0.011716784157493665,-0.004183641936808646,-0.0022589996048727468
2021-09-16 04:00:00,-0.013283527600155276,-0.006955810900650117,-0.005284151347642596
2021-09-17 04:00:00,-0.022895195105103627,-0.014667915335024984,-0.013340133906710738
2021-09-20 04:00:00,-0.039187721536060316,-0.01963764804220336,-0.020702786671391027
2021-09-21 04:00:00,-0.0400951154671495,-0.02053071531334638,-0.021409064666743638
2021-09-22 04:00:00,-0.030731635718568073,-0.012461230599189133,-0.012815596517386063
2021-09-23 04:00:00,-0.018954936757631158,-0.014188272753119735,-0.010794831343843736
2021-09-24 04:00:00,-0.017338885438451968,-0.01706782591609446,-0.01226855080696121
2021-09-27 04:00:00,-0.020150222752631786,-0.020200315214157105,-0.013714470361196995
2021-09-28 04:00:00,-0.039896092250449655,-0.038152219508650775,-0.031030467140434892
2021-09-29 04:00:00,-0.038280040931270576,-0.03651318580231533,-0.029450692702308823
2021-09-30 04:00:00,-0.050034522680404425,-0.043632399263903054,-0.03597931053592707
2021-10-01 04:00:00,-0.03874488233692919,-0.03359347123346468,-0.02538155131742781
2021-10-04 04:00:00,-0.05114136983874418,-0.042055363223509556,-0.0320944872404586
2021-10-05 04:00:00,-0.04126861426089823,-0.039775090553565096,-0.027644810426547872
2021-10-06 04:00:00,-0.037283993158245154,-0.03521376374864338,-0.0251919230816946
2021-10-07 04:00:00,-0.028960565595744114,-0.034244767630356776,-0.021968439938625073
2021-10-08 04:00:00,-0.030731635718568073,-0.03800534751994733,-0.024765514141436795
2021-10-11 04:00:00,-0.03774869122705338,-0.04316025220213926,-0.029094406006430984
2021-10-12 04:00:00,-0.04011740434737765,-0.038028649397903735,-0.025547629291934992
2021-10-13 04:00:00,-0.036664132948941774,-0.032209723191732986,-0.02004834260598143
2021-10-14 04:00:00,-0.02046004535464585,-0.02100396353985179,-0.00805275454293275
2021-10-15 04:00:00,-0.013000222315454613,-0.018812461888673693,-0.004423765540642055
2021-10-18 04:00:00,-0.010078013947535158,-0.01522912118524311,-0.0018517034302155677
2021-10-19 04:00:00,-0.002440883224471002,-0.01610442329554207,-0.0011304107999848823
2021-10-20 04:00:00,0.0,-0.016442654354404507,0.0
2021-10-21 04:00:00,0.0,-0.015371749016089509,-0.0003031255725237658
2021-10-22 04:00:00,-0.0010361733490820146,-0.01164645099724504,0.0
2021-10-25 04:00:00,0.0,-0.009069731872693776,0.0
2021-10-26 04:00:00,0.0,-0.0052570714543296315,0.0
2021-10-27 04:00:00,-0.004430249015738852,-0.000661691271497955,0.0
2021-10-28 04:00:00,0.0,0.0,0.0
2021-10-29 04:00:00,0.0,0.0,0.0
2021-11-01 04:00:00,0.0,-0.0018479105681030727,-0.00037852585953390694
2021-11-02 04:00:00,0.0,0.0,0.0
2021-11-03 04:00:00,0.0,-0.0004705329605177999,-0.0019869734811807094
2021-11-04 04:00:00,0.0,0.0,0.0
2021-11-05 04:00:00,0.0,0.0,0.0
2021-11-08 05:00:00,0.0,-0.00023781670762290652,0.0
2021-11-09 05:00:00,-0.0033053680212288272,0.0,0.0
2021-11-10 05:00:00,-0.011323724809729874,-0.012140302488490295,-0.011568954604008308
2021-11-11 05:00:00,-0.011003785897763851,-0.012535083576845296,-0.011118195068963832
2021-11-12 05:00:00,-0.003539971478902726,-0.00979866769108706,-0.00808238270594308
2021-11-15 05:00:00,-0.003198698703363534,-0.01456872665513742,-0.011568667106204966
2021-11-16 05:00:00,0.0,-0.013231091216286295,-0.010114542816877514
2021-11-17 05:00:00,-0.0024291424795893635,-0.011541208771201461,-0.01008639051347937
2021-11-18 05:00:00,0.0,-0.008040025463469824,-0.006624229167036311
2021-11-19 05:00:00,-0.0017884408466710688,-0.004915335189766168,-0.006137737023955814
2021-11-22 05:00:00,-0.004598473732395747,-0.011264365992145642,-0.010598324809871107
2021-11-23 05:00:00,-0.0032785784721155453,-0.016196359351964285,-0.012312696681141988
2021-11-24 05:00:00,-0.0006175593489352593,-0.008302145373759173,-0.0063427007724263795
2021-11-26 05:00:00,-0.02290683393518944,-0.011549036658775935,-0.01803153555081327
2021-11-29 05:00:00,-0.010921151111327854,-0.007452241201016507,-0.013172266806554811
2021-11-30 05:00:00,-0.030166395714799843,-0.013004315367364683,-0.022902257635929457
2021-12-01 05:00:00,-0.04093860198761756,-0.0171466409973573,-0.02845848897258363
2021-12-02 05:00:00,-0.026249236063232817,-0.007624089602196071,-0.01831137116423387
2021-12-03 05:00:00,-0.03472234331792157,-0.008068674086912586,-0.01982174560840444
2021-12-06 05:00:00,-0.023290051566894898,-0.006469605221918084,-0.01518631016881311
2021-12-07 05:00:00,-0.00308703858029713,0.0,-0.0038619278884856056
2021-12-08 05:00:00,-0.0004472480597368378,-0.005325261999134079,-0.006109348517601365
2021-12-09 05:00:00,-0.00719580704771694,-0.007129025271471856,-0.009977239339619692
2021-12-10 05:00:00,0.0,-0.002479380852193902,-0.003969198202963153
2021-12-13 05:00:00,-0.008858370000772386,-0.001884248763334928,-0.005336936327207109
2021-12-14 05:00:00,-0.01567732039259373,-0.0069558693401508,-0.011038984025522502
2021-12-15 05:00:00,-0.00029738813574042844,-0.0014682284660002543,-0.004129070958608705
2021-12-16 05:00:00,-0.00911332324295322,-0.006596109140812101,-0.008688962410579593
2021-12-17 05:00:00,-0.019659185218406816,-0.008436901112334416,-0.01282294632396741
2021-12-20 05:00:00,-0.0300835197110082,-0.017734658590728314,-0.022029968302220926
2021-12-21 05:00:00,-0.012858873167192697,-0.008764370157265056,-0.010661417362341385
2021-12-22 05:00:00,-0.002988668232791869,-0.0009830293601463813,-0.002183665603813778
2021-12-23 05:00:00,0.0,-0.0007208747883921118,-0.0005219062651549145
2021-12-27 05:00:00,0.0,0.0,0.0
2021-12-28 05:00:00,-0.0008172054844229892,-0.002075704845385107,-0.0018705733015527137
2021-12-29 05:00:00,0.0,-0.00567042036484966,-0.003897613372639941
2021-12-30 05:00:00,-0.0027646102856259125,-0.003984311287199782,-0.00351863582690759
2021-12-31 05:00:00,-0.005277800225352625,-0.004709097472956336,-0.004916412093278422
2022-01-03 05:00:00,0.0,-0.0117020746413935,-0.008912724434007702
2022-01-04 05:00:00,-0.00033497568218376905,-0.0135445423211914,-0.0091604865269721
2022-01-05 05:00:00,-0.019530635585966016,-0.02705135812940762,-0.022611977976033537
2022-01-06 05:00:00,-0.0204516836411317,-0.026592362235658085,-0.02156692461189913
2022-01-07 05:00:00,-0.02432429968302252,-0.03170023886387585,-0.0258132220902485
2022-01-10 05:00:00,-0.025538518995518733,-0.03147039470075963,-0.026234444296774462
2022-01-11 05:00:00,-0.01666281151978677,-0.023596419333069885,-0.017078965963937542
2022-01-12 05:00:00,-0.01400441479039205,-0.023508998444814133,-0.015839326217723992
2022-01-13 05:00:00,-0.02758997490721482,-0.02811311989905796,-0.022395253529942316
2022-01-14 05:00:00,-0.027192258820041615,-0.03374836477194765,-0.025313424804682683
2022-01-18 05:00:00,-0.04442020673267377,-0.04945542483049514,-0.039024969848321045
2022-01-19 05:00:00,-0.054342713215229765,-0.052745002101639904,-0.0424906364364348
2022-01-20 05:00:00,-0.064809082433396,-0.056698785100879,-0.047424794563522776
2022-01-21 05:00:00,-0.08316757327339808,-0.06331684265177728,-0.0551554539212622
2022-01-24 05:00:00,-0.07927422385763006,-0.0640083778779883,-0.05529142673752441
2022-01-25 05:00:00,-0.0905151568054261,-0.07146933468998284,-0.061808923314013664
2022-01-26 05:00:00,-0.09279684096320373,-0.077358709623502,-0.06641328931660961
2022-01-27 05:00:00,-0.09727666796447232,-0.07331534965511999,-0.06357392466885303
2022-01-28 05:00:00,-0.0748570697259312,-0.05937709378470035,-0.04943793095289839
2022-01-31 05:00:00,-0.05819439327698406,-0.05115754933133976,-0.040299662439399864
2022-02-01 05:00:00,-0.05183066574053097,-0.048570562442095566,-0.036979275877891404
2022-02-02 05:00:00,-0.042619982582615346,-0.041736017046279605,-0.030002640214742304
2022-02-03 05:00:00,-0.06512312213544302,-0.05824263401785801,-0.045739535412515964
2022-02-04 05:00:00,-0.060727174125559835,-0.06113915802757086,-0.04650935808902734
2022-02-07 05:00:00,-0.06374155005269444,-0.0627037580821671,-0.04795127138430655
2022-02-08 05:00:00,-0.05603812239376582,-0.060583259820522595,-0.04599306907429568
2022-02-09 05:00:00,-0.04222226649544181,-0.05162649106714612,-0.03610925930793951
2022-02-10 05:00:00,-0.05942927842793744,-0.06787825187300811,-0.05159991910976691
2022-02-11 05:00:00,-0.07797626062458773,-0.0733779044475601,-0.05718699562373175
2022-02-14 05:00:00,-0.08099050148088283,-0.0798065878284493,-0.062065941722183826
2022-02-15 05:00:00,-0.06616992114226694,-0.07508156736756244,-0.057717964937211375
2022-02-16 05:00:00,-0.06512312213544291,-0.07226673299766773,-0.055285161525906346
2022-02-17 05:00:00,-0.08509348083969481,-0.08139722925262194,-0.0645016278861067
2022-02-18 05:00:00,-0.0910174177224422,-0.081097693453134,-0.06481679875062984
2022-02-22 05:00:00,-0.10077236882848672,-0.08605741210372508,-0.06877654780417641
2022-02-23 05:00:00,-0.11672349209447253,-0.10082284895726945,-0.08166641034330868
2022-02-24 05:00:00,-0.10343103569956058,-0.09246692571516302,-0.07280594247233207
2022-02-25 05:00:00,-0.08364910081653687,-0.08018730984287403,-0.061728791611947
2022-02-28 05:00:00,-0.08599359291472397,-0.07353487365751676,-0.05540031143981694
2022-03-01 05:00:00,-0.09991399364289089,-0.07771619100573401,-0.05695666446247827
2022-03-02 05:00:00,-0.08335606463004608,-0.08014706069076494,-0.05314225143323459
2022-03-03 05:00:00,-0.08791936541018142,-0.07914700586849621,-0.052043244313285
2022-03-04 05:00:00,-0.09532995948887846,-0.07727701572680268,-0.04776838512546
2022-03-07 05:00:00,-0.12199861619924846,-0.09641375272041242,-0.06471050517415133
2022-03-08 05:00:00,-0.12865531238677275,-0.10415996030770747,-0.07019495330169057
2022-03-09 05:00:00,-0.10529400025460856,-0.09326047054074793,-0.0653578718069775
2022-03-10 05:00:00,-0.10933410413759126,-0.100928028582973,-0.07303984237802996
2022-03-11 05:00:00,-0.12065905114761255,-0.10658346319854495,-0.07758337329643905
2022-03-14 04:00:00,-0.12708545155363538,-0.11884523004324243,-0.09078880561774405
2022-03-15 04:00:00,-0.10788979164985313,-0.10783442254112352,-0.08150473723726259
2022-03-16 04:00:00,-0.08810792430224945,-0.09246453340612482,-0.06736648505405374
2022-03-17 04:00:00,-0.07669923337168227,-0.08835786218592279,-0.0579753473783543
2022-03-18 04:00:00,-0.06658647961156339,-0.07791337695126221,-0.04789080869445994
2022-03-21 04:00:00,-0.06685952531379502,-0.08661613691262482,-0.05111149806588222
2022-03-22 04:00:00,-0.055940331105902796,-0.08488413583538024,-0.048310275027175886
2022-03-23 04:00:00,-0.06809825998367691,-0.08393336591560774,-0.04704313276931049
2022-03-24 04:00:00,-0.0540504874537765,-0.07851799669484494,-0.0416081742709723
2022-03-25 04:00:00,-0.049430929668951684,-0.08093148188586397,-0.04207777534765422
2022-03-28 04:00:00,-0.04266948604532528,-0.07386598914125309,-0.03969438228574962
2022-03-29 04:00:00,-0.030826474830055628,-0.0641937761599265,-0.030020954716480586
2022-03-30 04:00:00,-0.036810855913519624,-0.06474042841132555,-0.02959627667120146
2022-03-31 04:00:00,-0.05163575851900237,-0.0724688318048412,-0.03964173501494983
2022-04-01 04:00:00,-0.04894805141741654,-0.06947948987568797,-0.03628563992001288
2022-04-04 04:00:00,-0.040800713444174797,-0.0672831424713981,-0.03150419534300508
2022-04-05 04:00:00,-0.05291650021999672,-0.08278106281214592,-0.04620561047630134
2022-04-06 04:00:00,-0.06238692460244444,-0.09125365368762761,-0.05499962308175299
2022-04-07 04:00:00,-0.05766241677525796,-0.09124423521708236,-0.05395464349293155
2022-04-08 04:00:00,-0.060182028216973826,-0.09663916298289221,-0.05736329320810096
2022-04-11 04:00:00,-0.07624559795691843,-0.11162160053608683,-0.07228155864856811
2022-04-12 04:00:00,-0.07966842810297403,-0.11408723437692891,-0.07196264414271658
2022-04-13 04:00:00,-0.0691272971750948,-0.10727876506822986,-0.06297868050017241
2022-04-14 04:00:00,-0.08071833373910886,-0.12110625816623088,-0.074908542162886
2022-04-18 04:00:00,-0.08034033799451556,-0.12263638342053684,-0.07500591444641092
2022-04-19 04:00:00,-0.06549470201515584,-0.1167674974688141,-0.07050147413609842
2022-04-20 04:00:00,-0.06618761542225371,-0.11005005812142654,-0.06520217096257086
2022-04-21 04:00:00,-0.08015144142534891,-0.1206684050434711,-0.07579892954135858
2022-04-22 04:00:00,-0.10539131879453367,-0.13735912339994083,-0.09452922050039814
2022-04-25 04:00:00,-0.10020466608968948,-0.1309074346511171,-0.08932978276847925
2022-04-26 04:00:00,-0.1262634104238899,-0.142509588172411,-0.10115346890295251
2022-04-27 04:00:00,-0.12380667445800331,-0.14546221206249643,-0.10247052916426924
2022-04-28 04:00:00,-0.10167457450152984,-0.13200193584044617,-0.08771638722806963
2022-04-29 04:00:00,-0.13487262313311021,-0.15575252007734863,-0.11218585072987963
2022-05-02 04:00:00,-0.12966516951896911,-0.15855704605508192,-0.11224173211219102
2022-05-03 04:00:00,-0.12567564966541278,-0.1539736601043964,-0.1092433046182697
2022-05-04 04:00:00,-0.09904981041119287,-0.13665061683319968,-0.08871559650366856
2022-05-05 04:00:00,-0.13107206738414046,-0.16452392867960597,-0.11612067514281355
2022-05-06 04:00:00,-0.13625872008898465,-0.17244048064485507,-0.12309966122247329
2022-05-09 04:00:00,-0.16391339392836313,-0.1854261244950678,-0.1415971536872066
2022-05-10 04:00:00,-0.1619813406388647,-0.18134158253220245,-0.1385796915016433
2022-05-11 04:00:00,-0.17529432780139442,-0.18283376281376285,-0.13969331933857831
2022-05-12 04:00:00,-0.17615520179752264,-0.183955353184311,-0.1403072273015935
2022-05-13 04:00:00,-0.15645896936221904,-0.17707416297183043,-0.13060581354176493
2022-05-16 04:00:00,-0.159881664437435,-0.1794182493377272,-0.1315655311058308
2022-05-17 04:00:00,-0.14260016093690542,-0.17325667061108907,-0.1249402021470809
2022-05-18 04:00:00,-0.17716323547338464,-0.18620346088052198,-0.14240322220318546
2022-05-19 04:00:00,-0.1822027960339151,-0.18841418656962727,-0.1438496651395491
2022-05-20 04:00:00,-0.18184573626945844,-0.18451694717007727,-0.1405875086391205
2022-05-23 04:00:00,-0.16653802294786046,-0.180729627371493,-0.13453657106455974
2022-05-24 04:00:00,-0.17290053484675727,-0.17801574652708352,-0.13343885702879787
2022-05-25 04:00:00,-0.16559313488950722,-0.17235821782692307,-0.12720152466779944
2022-05-26 04:00:00,-0.14892039566301074,-0.16393377571345613,-0.11696809770191674
2022-05-27 04:00:00,-0.1280273005180983,-0.15080258884615994,-0.10226729414598401
2022-05-31 04:00:00,-0.13291997154057444,-0.16084996719917866,-0.11160821994522463
2022-06-01 04:00:00,-0.13993338981545644,-0.1653061657345074,-0.11579250338552027
2022-06-02 04:00:00,-0.12355469980674794,-0.1555964595565188,-0.10353597265881731
2022-06-03 04:00:00,-0.13793846105012908,-0.16463738403114248,-0.11209356352460065
2022-06-06 04:00:00,-0.13531376449521215,-0.1692742142869711,-0.11499811002378968
2022-06-07 04:00:00,-0.12701946944849618,-0.16090436136151853,-0.10644740615237958
2022-06-08 04:00:00,-0.13651055966940107,-0.16935186894044496,-0.1138528207012579
2022-06-09 04:00:00,-0.157046865191536,-0.1800983008818916,-0.12546706643539596
2022-06-10 04:00:00,-0.18148901418210095,-0.19639672161037647,-0.14316839923173585
2022-06-13 04:00:00,-0.21256618049043596,-0.22478984412459824,-0.17171724850131898
2022-06-14 04:00:00,-0.21493910500035673,-0.23010271899558532,-0.1772635706553748
2022-06-15 04:00:00,-0.2037470001610725,-0.21777186378588276,-0.16556566786611449
2022-06-16 04:00:00,-0.23009972617764096,-0.23082084300430172,-0.17978130843183582
2022-06-17 04:00:00,-0.22844004323617617,-0.2288345539067067,-0.18085391105662518
2022-06-21 04:00:00,-0.20901705910936363,-0.22241587312095168,-0.17284739091613133
2022-06-22 04:00:00,-0.2104511737487127,-0.21470817820856603,-0.16839908982548024
2022-06-23 04:00:00,-0.20271168217561364,-0.20750905770784323,-0.16332502895093237
2022-06-24 04:00:00,-0.1773628026388795,-0.1967793264599863,-0.15004612708046283
2022-06-27 04:00:00,-0.18050488804484677,-0.2013603227664782,-0.15435284156816909
2022-06-28 04:00:00,-0.1972493498871657,-0.20966275811310642,-0.1625283612959979
2022-06-29 04:00:00,-0.19790316028620203,-0.2051146954492451,-0.1604534015074811
2022-06-30 04:00:00,-0.20441958540681182,-0.2061971740081877,-0.1649298864780545
2022-07-01 04:00:00,-0.19600514484828024,-0.19789992946712942,-0.15665111866981918
2022-07-05 04:00:00,-0.19448681354044672,-0.19447027019582874,-0.15937833278892732
2022-07-06 04:00:00,-0.19176635176026025,-0.1982481237376137,-0.16315491544232008
2022-07-07 04:00:00,-0.17966123558076597,-0.19386554039294512,-0.15437421510522775
2022-07-08 04:00:00,-0.18033611703077845,-0.1978348594872682,-0.15611610638210704
2022-07-11 04:00:00,-0.18969970037911021,-0.1978000245943332,-0.15769650272386004
2022-07-12 04:00:00,-0.19686993589875645,-0.20015247696947325,-0.1644868864611272
2022-07-13 04:00:00,-0.20108779300663993,-0.19900426725277864,-0.1637746204639271
2022-07-14 04:00:00,-0.20302788301109387,-0.20278542470461725,-0.16780976031440675
2022-07-15 04:00:00,-0.18780161740576884,-0.19185216297110297,-0.1557892326542023
2022-07-18 04:00:00,-0.19450788459142265,-0.19922371544195816,-0.16102750839807978
2022-07-19 04:00:00,-0.1727441228145118,-0.1879697524263505,-0.14845569377862877
2022-07-20 04:00:00,-0.16747197026820715,-0.1840122938783071,-0.14459555104363075
2022-07-21 04:00:00,-0.15899418148590794,-0.1733879488168244,-0.13637146557515056
2022-07-22 04:00:00,-0.16679708881819477,-0.1724310162484628,-0.1378520781479412
2022-07-25 04:00:00,-0.16578473287546613,-0.17506673154187913,-0.13819561871705655
2022-07-26 04:00:00,-0.17565449419516233,-0.18066969506997177,-0.14394502731832048
2022-07-27 04:00:00,-0.15424914289110414,-0.16974590537899792,-0.13009511285076847
2022-07-28 04:00:00,-0.14364142203930685,-0.16085403406994137,-0.12140412666822775
2022-07-29 04:00:00,-0.13115675680056393,-0.15442600171581788,-0.11402946119612423
2022-08-01 04:00:00,-0.13372965368849798,-0.14778259559759588,-0.11100082350965135
2022-08-02 04:00:00,-0.13944477105323905,-0.1583691699306331,-0.12061500515193035
2022-08-03 04:00:00,-0.12596895599358326,-0.1451610251258174,-0.10895910155137178
2022-08-04 04:00:00,-0.12655928309801223,-0.1456219839517917,-0.11036327955529601
2022-08-05 04:00:00,-0.128035674910153,-0.15462335200576838,-0.11793925444715536
2022-08-08 04:00:00,-0.129047895782042,-0.14975396252815298,-0.11321831306319585
2022-08-09 04:00:00,-0.1325065197005889,-0.15310170865207473,-0.11562538348646956
2022-08-10 04:00:00,-0.11428546343986978,-0.14464113713673465,-0.10499323008069694
2022-08-11 04:00:00,-0.11428546343986978,-0.15261625844680382,-0.10951258800455932
2022-08-12 04:00:00,-0.09929131707238059,-0.14057196059309518,-0.09823392505853379
2022-08-15 04:00:00,-0.09557990807754058,-0.13874460727580795,-0.09734456739049502
2022-08-16 04:00:00,-0.09380825141005567,-0.13630011709637324,-0.0961736283250515
2022-08-17 04:00:00,-0.10024025725592167,-0.14358422317978403,-0.1024980810378554
2022-08-18 04:00:00,-0.09762521826603543,-0.14158318616207788,-0.0991656765119906
2022-08-19 04:00:00,-0.10975154056734537,-0.15403356783290012,-0.11081541495651326
2022-08-22 04:00:00,-0.12828866259270555,-0.16574010218138713,-0.12203329425022691
2022-08-23 04:00:00,-0.13039745607580777,-0.168787391306493,-0.12331559199475173
2022-08-24 04:00:00,-0.12761384867811298,-0.16962447222720256,-0.12263467939013994
2022-08-25 04:00:00,-0.11529788691801834,-0.15796176512548066,-0.11277412859480729
2022-08-26 04:00:00,-0.14524397001562483,-0.17252415023627632,-0.12841875477456888
2022-08-29 04:00:00,-0.15089607683369688,-0.17854558769282458,-0.1327636006106061
2022-08-30 04:00:00,-0.16021731547381712,-0.1831397303697342,-0.1402364974686754
2022-08-31 04:00:00,-0.16660738182399026,-0.18999306646993142,-0.14842781252317228
2022-09-01 04:00:00,-0.16399214022784458,-0.19439981514291826,-0.1533226379249084
2022-09-02 04:00:00,-0.17280747103827976,-0.19767370217831726,-0.15667059549419105
2022-09-06 04:00:00,-0.175928485393271,-0.20743914396499052,-0.1653454661973075
2022-09-07 04:00:00,-0.16112411355540612,-0.1938822269426037,-0.1543766448397692
2022-09-08 04:00:00,-0.1556410478930812,-0.19402828671586825,-0.1533185959326513
2022-09-09 04:00:00,-0.14252357577085817,-0.18579974824320689,-0.14246195992860688
2022-09-12 04:00:00,-0.13330789499187756,-0.18322556441824145,-0.13786399556030637
2022-09-13 04:00:00,-0.17099373980426247,-0.20377427692341277,-0.160190026892853
2022-09-14 04:00:00,-0.1678302456702202,-0.20085676105930428,-0.1570406937249137
2022-09-15 04:00:00,-0.1772784508995553,-0.2065078978923146,-0.16540512704468457
2022-09-16 04:00:00,-0.1835547200673736,-0.21278566437630697,-0.17161318267559278
2022-09-19 04:00:00,-0.17722313939074308,-0.20838748698569431,-0.1669120373835431
2022-09-20 04:00:00,-0.1866676977074091,-0.21699661025147743,-0.17524174508577506
2022-09-21 04:00:00,-0.20085520102086574,-0.21994454363668914,-0.1802248608317344
2022-09-22 04:00:00,-0.20756788407140014,-0.23184765473926494,-0.19040808823795674
2022-09-23 04:00:00,-0.22084507746143844,-0.23831472589527647,-0.2002914098514358
2022-09-26 04:00:00,-0.2285527598518141,-0.24865821487088902,-0.21148815007760757
2022-09-27 04:00:00,-0.23052216022845917,-0.2577225335724713,-0.21808401288134704
2022-09-28 04:00:00,-0.21538152953543432,-0.23901809096949933,-0.1988212645388855
2022-09-29 04:00:00,-0.23177143042382897,-0.25013127627248033,-0.21060013666982014
2022-09-30 04:00:00,-0.24365097830120763,-0.2609612627719916,-0.2219600403189037
2022-10-03 04:00:00,-0.2236823755178704,-0.2445570454309155,-0.20416923766480743
2022-10-04 04:00:00,-0.19962693434105205,-0.23135589541384627,-0.18789178264142536
2022-10-05 04:00:00,-0.2014904391794584,-0.23536948895631238,-0.18990042899137816
2022-10-06 04:00:00,-0.209727801867287,-0.24180222306522625,-0.1957583037462194
2022-10-07 04:00:00,-0.23177143042382886,-0.25743579093798485,-0.21071626013968914
2022-10-10 04:00:00,-0.2376372193101326,-0.26545522695038415,-0.2188939245605369
2022-10-11 04:00:00,-0.24246512386502517,-0.2669458686653502,-0.2219493118465864
2022-10-12 04:00:00,-0.2449638668620242,-0.26695791186660667,-0.22234386089533364
2022-10-13 04:00:00,-0.2250376763223182,-0.2581555226248452,-0.21118727264874015
2022-10-14 04:00:00,-0.24269812106331812,-0.27074727780338104,-0.2254919726926673
2022-10-17 04:00:00,-0.22323778984935883,-0.26092387910680237,-0.21486647555268024
2022-10-18 04:00:00,-0.21411105321824853,-0.25502031645825074,-0.2096233484417659
2022-10-19 04:00:00,-0.2196802940762319,-0.26361315864266466,-0.2173326728018885
2022-10-20 04:00:00,-0.2262234632230805,-0.27235294498729357,-0.2252208580418682
2022-10-21 04:00:00,-0.20741950875410986,-0.2669887241898299,-0.21801931680148534
2022-10-24 04:00:00,-0.19772121986527336,-0.2640304204308004,-0.2139970679443619
2022-10-25 04:00:00,-0.18490995333640148,-0.2484086273641023,-0.19916046639942164
2022-10-26 04:00:00,-0.19105081398753077,-0.24747460681265743,-0.19781889201192948
2022-10-27 04:00:00,-0.19537058204388502,-0.24673386937020592,-0.19774368836965417
2022-10-28 04:00:00,-0.17622793744464194,-0.23805263571087798,-0.18888652897273972
2022-10-31 04:00:00,-0.182178348211949,-0.24352740748706891,-0.1947134794605937
2022-11-01 04:00:00,-0.18575698257147177,-0.24268568935194978,-0.19335182779161797
2022-11-02 04:00:00,-0.20619144468055572,-0.25540393274427253,-0.20582091601929087
2022-11-03 04:00:00,-0.21436505393209782,-0.261611478494026,-0.21207494300627316
2022-11-04 04:00:00,-0.2030573959895441,-0.26019703735655886,-0.20657559678139092
2022-11-07 05:00:00,-0.1954340653384926,-0.2589032781557651,-0.20508305203191823
2022-11-08 05:00:00,-0.19109322623116243,-0.25326273055915527,-0.20086746622804397
2022-11-09 05:00:00,-0.20775853656148147,-0.26151155191304165,-0.21179978234423102
2022-11-10 05:00:00,-0.16422149051346857,-0.2257966782096077,-0.17600037937506197
2022-11-11 05:00:00,-0.15613223300125068,-0.22243542945526262,-0.17054749964722948
2022-11-14 05:00:00,-0.16331091044837132,-0.22716669494686292,-0.1766281967270672
2022-11-15 05:00:00,-0.1561745101740425,-0.21820989970953253,-0.16745899969576794
2022-11-16 05:00:00,-0.16261218899517116,-0.2149498313811823,-0.16673442956687134
2022-11-17 05:00:00,-0.1651744828221975,-0.21970473415174563,-0.1722924805907674
2022-11-18 05:00:00,-0.16138385477993777,-0.21972559132666603,-0.17233327020705236
2022-11-21 05:00:00,-0.16443328158994608,-0.22011230485449262,-0.17338842661768472
2022-11-22 05:00:00,-0.1531889718711602,-0.20938809185877738,-0.16233754552577806
2022-11-23 05:00:00,-0.14785266067605007,-0.20088292886485248,-0.155944713843727
2022-11-25 05:00:00,-0.14804338070155143,-0.20207391173068456,-0.15765988442766177
2022-11-28 05:00:00,-0.1616379905646267,-0.20881373713962292,-0.16552259052510743
2022-11-29 05:00:00,-0.16307784571465833,-0.21334012306926142,-0.1682330508069717
2022-11-30 05:00:00,-0.1367143140309227,-0.19615771541182125,-0.14880875980247132
2022-12-01 05:00:00,-0.13734948465409558,-0.18624087161897618,-0.1414610748593671
2022-12-02 05:00:00,-0.1383448892064557,-0.18271081003281464,-0.1397304989223105
2022-12-05 05:00:00,-0.15384548368698836,-0.19611139406724154,-0.15485949928454135
2022-12-06 05:00:00,-0.1660425831082436,-0.19892249314707244,-0.16025202060460164
2022-12-07 05:00:00,-0.1674612321364597,-0.19218991436071353,-0.15559210816016944
2022-12-08 05:00:00,-0.16093926911142675,-0.1892784754716761,-0.15245850590311438
2022-12-09 05:00:00,-0.1672072314226103,-0.20134848581183185,-0.1627654125326613
2022-12-12 05:00:00,-0.15520064942059697,-0.1934183788677134,-0.15380987813309066
2022-12-13 05:00:00,-0.14880551791393914,-0.18663954320311538,-0.1461154133159167
2022-12-14 05:00:00,-0.1542477921827079,-0.18837021505271578,-0.14763696445039043
2022-12-15 05:00:00,-0.17493618747022133,-0.19901568459580654,-0.16018162216616383
2022-12-16 05:00:00,-0.18467702367352867,-0.20826864199627493,-0.1700089761276019
2022-12-19 05:00:00,-0.19159075966879313,-0.21761889448130367,-0.17857179767041165
2022-12-20 05:00:00,-0.19048452949254924,-0.22253367415938752,-0.18189626909445777
2022-12-21 05:00:00,-0.17838029127351218,-0.2147768693893114,-0.1728864863267039
2022-12-22 05:00:00,-0.1901016711977307,-0.22155877675915692,-0.18106549894580548
2022-12-23 05:00:00,-0.18544287533400494,-0.22343699714709897,-0.1803444420167526
2022-12-27 05:00:00,-0.1886550625057195,-0.23141644711682385,-0.18641055408889096
2022-12-28 05:00:00,-0.19873830328738795,-0.23895881760255466,-0.19483604179645675
2022-12-29 05:00:00,-0.1843154390359456,-0.22728402455299457,-0.18349707786237124
2022-12-30 05:00:00,-0.18646394334588723,-0.23194365383026194,-0.1867771418787929
2023-01-03 05:00:00,-0.18988893462537615,-0.22802066081034222,-0.18612188292696885
2023-01-04 05:00:00,-0.1836346820044108,-0.22021436423326246,-0.18046146243622185
2023-01-05 05:00:00,-0.19295213866102257,-0.22425034836056268,-0.18546199399190177
2023-01-06 05:00:00,-0.1744450023620514,-0.20786808585783967,-0.1693087132155302
2023-01-09 05:00:00,-0.1749127526795523,-0.20645040039540863,-0.16728039290226582
2023-01-10 05:00:00,-0.16912658805318703,-0.20836470802174023,-0.16791103869686563
2023-01-11 05:00:00,-0.1586179416622292,-0.19721122369777855,-0.1560440465072067
2023-01-12 05:00:00,-0.15555460255574316,-0.18913722905418517,-0.14852392526870128
2023-01-13 05:00:00,-0.15227852687690258,-0.19028977363760247,-0.14810371668762323
2023-01-17 05:00:00,-0.15383150385509103,-0.1932733104785831,-0.15010785419949624
2023-01-18 05:00:00,-0.16719082031560017,-0.19309587532823502,-0.15289972391896733
2023-01-19 05:00:00,-0.17325354248602642,-0.19864077942738323,-0.15733284803119407
2023-01-20 05:00:00,-0.15785202246633312,-0.19488008219904585,-0.1515054063625373
2023-01-23 05:00:00,-0.1477474404920095,-0.19060013667183917,-0.14639250047211716
2023-01-24 05:00:00,-0.1486622752885539,-0.1864656453070379,-0.1437348742788097
2023-01-25 05:00:00,-0.14834310289460229,-0.18549363763592452,-0.14315908287875512
2023-01-26 05:00:00,-0.13898303138809986,-0.1816381389640822,-0.13832669308198098
2023-01-27 05:00:00,-0.13700471633604194,-0.18133619227529973,-0.1387544215619374
2023-01-30 05:00:00,-0.1478325351209514,-0.1886960316280729,-0.14729491825761587
2023-01-31 05:00:00,-0.13530282375720548,-0.17894415958549637,-0.13626237226217275
2023-02-01 05:00:00,-0.12611307657942628,-0.1697605694022576,-0.12927201210918915
2023-02-02 05:00:00,-0.11339196983598077,-0.16207935262881268,-0.12197123235945495
2023-02-03 05:00:00,-0.1228157947787698,-0.17243575835083336,-0.13372160903814467
2023-02-06 05:00:00,-0.1281765537958458,-0.17792114774007173,-0.1385653799149389
2023-02-07 05:00:00,-0.11677427873015922,-0.17410926383178416,-0.13224263030612604
2023-02-08 05:00:00,-0.1264321139025384,-0.17795556670546808,-0.1365170940100049
2023-02-09 05:00:00,-0.13400519820126244,-0.18534641496256243,-0.14414099769335287
2023-02-10 05:00:00,-0.13198433583473335,-0.18785213412634982,-0.14460279229661688
2023-02-13 05:00:00,-0.12179465923146782,-0.1793982254702169,-0.1365942653418858
2023-02-14 05:00:00,-0.12219885871894143,-0.18038045957420012,-0.1371444969821375
2023-02-15 05:00:00,-0.11934818864939012,-0.1818405990274221,-0.13879799617664434
2023-02-16 05:00:00,-0.13147383559650205,-0.19323640197273828,-0.14982330837625557
2023-02-17 05:00:00,-0.13364361356367926,-0.19193612097039447,-0.14975104459809085
2023-02-21 05:00:00,-0.1510235161708503,-0.20794517657419953,-0.16483622434327772
2023-02-22 05:00:00,-0.1521934322479609,-0.20569651329129346,-0.16431473670368457
2023-02-23 05:00:00,-0.147683687055723,-0.2000566294568703,-0.15855946701047707
2023-02-24 05:00:00,-0.1567884071399801,-0.209343839000812,-0.1675179147933057
2023-02-27 05:00:00,-0.15391646341319332,-0.20685104924903497,-0.16505377872927773
2023-02-28 05:00:00,-0.1570436910268057,-0.20716868443879255,-0.16552074831335406
2023-03-01 05:00:00,-0.16027721939117545,-0.21240035289616277,-0.1686908041624945
2023-03-02 05:00:00,-0.15374634169072954,-0.21151861464510002,-0.16733252332358273
2023-03-03 05:00:00,-0.14017442372870537,-0.19629061735244502,-0.15195439797697863
2023-03-06 05:00:00,-0.13957869379069288,-0.19844911287646616,-0.15399048048948372
2023-03-07 05:00:00,-0.15276788852873813,-0.2038551251934888,-0.16195301246508642
2023-03-08 05:00:00,-0.15138510080843337,-0.20276228199279311,-0.16134207276980161
2023-03-09 05:00:00,-0.16704183717953247,-0.21080464782992137,-0.1710339412880837
2023-03-10 05:00:00,-0.17906104830504743,-0.20675077788586016,-0.16874967340816294
2023-03-13 04:00:00,-0.18023123452383716,-0.20670796221021315,-0.16942053353525965
2023-03-14 04:00:00,-0.1666802525419494,-0.20405722029242368,-0.16633899742720581
2023-03-15 04:00:00,-0.17189209595837718,-0.20089608249939783,-0.16657662936354523
2023-03-16 04:00:00,-0.15736286342075745,-0.19498436644561246,-0.15950181937692276
2023-03-17 04:00:00,-0.1672155382792453,-0.19579904426203543,-0.1618725234486561
2023-03-20 04:00:00,-0.15920779601872004,-0.19398915697111474,-0.15891638647993345
2023-03-21 04:00:00,-0.1481676458739748,-0.19040929247931182,-0.1541625517487356
2023-03-22 04:00:00,-0.16268843648412012,-0.1943718952382314,-0.15920825470976263
2023-03-23 04:00:00,-0.1604248518188477,-0.19306513619896026,-0.15806465399923209
2023-03-24 04:00:00,-0.15491564994906215,-0.1885230737659519,-0.1532763486821781
2023-03-27 04:00:00,-0.15333552373211612,-0.1952375016860184,-0.1567076575689682
2023-03-28 04:00:00,-0.15523590290973055,-0.19573517847821964,-0.15698611289253883
2023-03-29 04:00:00,-0.14295742330762218,-0.18936771487421167,-0.15068056244846584
2023-03-30 04:00:00,-0.1379390688689075,-0.18502773245476167,-0.14590592051700568
2023-03-31 04:00:00,-0.12578870395815056,-0.17325200862707857,-0.1340455557040342
2023-04-03 04:00:00,-0.12245751937675708,-0.1698066328532274,-0.12942144013735257
2023-04-04 04:00:00,-0.12732621532520594,-0.17091924751815935,-0.1311292410673005
2023-04-05 04:00:00,-0.12961107364771396,-0.1687544559984795,-0.12944448047932644
2023-04-06 04:00:00,-0.1262157979529348,-0.16594890832202214,-0.12698334170657932
2023-04-10 04:00:00,-0.12531892757805574,-0.17081473007415304,-0.13066878834227513
2023-04-11 04:00:00,-0.1250841069234282,-0.16999782390964757,-0.1295229039696617
2023-04-12 04:00:00,-0.12865024723028873,-0.1723689721407915,-0.13123816190588056
2023-04-13 04:00:00,-0.11707636466290283,-0.16837460397502302,-0.1263625783744866
2023-04-14 04:00:00,-0.11923304075863961,-0.17263605817246375,-0.12993298719416468
2023-04-17 04:00:00,-0.11607258571848811,-0.17479165647767125,-0.1315203869649213
2023-04-18 04:00:00,-0.11549617091053699,-0.17329244431242496,-0.13007388680884358
2023-04-19 04:00:00,-0.11564555925912379,-0.1736935799494005,-0.1316236930261011
2023-04-20 04:00:00,-0.12047164035768199,-0.173573472779047,-0.13299716364182312
2023-04-21 04:00:00,-0.11978824944477517,-0.17504579799852915,-0.1342361937283979
2023-04-24 04:00:00,-0.11887003787724104,-0.17133708879328946,-0.13049101500003057
2023-04-25 04:00:00,-0.1328569609939061,-0.17435563776531415,-0.13616817376115464
2023-04-26 04:00:00,-0.13652980726404307,-0.17997377246281743,-0.14243929954157608
2023-04-27 04:00:00,-0.11933988179275556,-0.17343338259575358,-0.13463826837125414
2023-04-28 04:00:00,-0.11182332464040012,-0.1638672750930682,-0.1252033751428756
2023-05-01 04:00:00,-0.11272005994443945,-0.17401754573843387,-0.1340431915594883
2023-05-02 04:00:00,-0.12269247510222403,-0.17135433384649035,-0.13537374774946742
2023-05-03 04:00:00,-0.1287143383436743,-0.17291684118689288,-0.13858502047152743
2023-05-04 04:00:00,-0.13488545486287162,-0.17969988003535065,-0.1444547060404101
2023-05-05 04:00:00,-0.11887003787724082,-0.17167963846354628,-0.13387724183474348
2023-05-08 04:00:00,-0.11863508215177365,-0.17619051320254386,-0.13696842120357933
2023-05-09 04:00:00,-0.12250026929748714,-0.1795371852679971,-0.13990581698052484
2023-05-10 04:00:00,-0.11840032903256592,-0.17405234804549286,-0.13524886088508614
2023-05-11 04:00:00,-0.11993777286420138,-0.17142382249238342,-0.13489880285367106
2023-05-12 04:00:00,-0.12109087262178286,-0.17484902057330953,-0.13843245295063078
2023-05-15 04:00:00,-0.11805866734382242,-0.17655960498934442,-0.13833802256278194
2023-05-16 04:00:00,-0.12395234835850155,-0.18085077924162463,-0.1435089684376517
2023-05-17 04:00:00,-0.11331795101588527,-0.17584011051666026,-0.1370004682536674
2023-05-18 04:00:00,-0.10477634126187951,-0.17351880204705228,-0.13472010068827045
2023-05-19 04:00:00,-0.10607903197430713,-0.17657811338485085,-0.13742531216247011
2023-05-22 04:00:00,-0.10571602909290834,-0.1775504106856015,-0.13806071301302603
2023-05-23 04:00:00,-0.11575240029323897,-0.18214147084589605,-0.14277904909961758
2023-05-24 04:00:00,-0.1221586076087432,-0.1873157043016911,-0.14774049671022704
2023-05-25 04:00:00,-0.11455648307950739,-0.18390133046338697,-0.14529182579387545
2023-05-26 04:00:00,-0.10308937401081752,-0.17492307122513862,-0.13520984818968507
2023-05-30 04:00:00,-0.10274791492833335,-0.17143727536254705,-0.13442789379820297
2023-05-31 04:00:00,-0.1077232493046385,-0.1713049731718338,-0.1360145543155079
2023-06-01 04:00:00,-0.09924586573485805,-0.16528040030006075,-0.1286618333239593
2023-06-02 04:00:00,-0.08621970150019809,-0.1616964740627581,-0.12283828376414019
2023-06-05 04:00:00,-0.08797069232922561,-0.16328496790599512,-0.12456885508174476
2023-06-06 04:00:00,-0.08598488084557043,-0.16021922358174645,-0.12176123089841084
2023-06-07 04:00:00,-0.08914526835030223,-0.16694767948745504,-0.12714550578151118
2023-06-08 04:00:00,-0.08363599894509677,-0.160026826738778,-0.12076155948273903
2023-06-09 04:00:00,-0.08199164654392554,-0.159583353755112,-0.1207166298694815
2023-06-12 04:00:00,-0.073663651322732,-0.1540193590523612,-0.11635703845116419
2023-06-13 04:00:00,-0.067556355775241,-0.15401638464356882,-0.11429473932048684
2023-06-14 04:00:00,-0.06644607347380971,-0.15070375421987314,-0.11133989702357738
2023-06-15 04:00:00,-0.05487219090642381,-0.14112276962692105,-0.10028940374018536
2023-06-16 04:00:00,-0.05809146929721676,-0.14421235579301983,-0.10205084265125419
2023-06-20 04:00:00,-0.06297826473817081,-0.14450750697502646,-0.10378536860544585
2023-06-21 04:00:00,-0.06777935773140475,-0.14630945561109743,-0.10457992764076673
2023-06-22 04:00:00,-0.06441420283385424,-0.14858213456097613,-0.10755234219356358
2023-06-23 04:00:00,-0.0714871873489955,-0.1490487748215329,-0.10989456458402724
2023-06-26 04:00:00,-0.0752809895559855,-0.15077255028102643,-0.11167585423692927
2023-06-27 04:00:00,-0.06514297754886311,-0.14607308921625495,-0.10796093013658237
2023-06-28 04:00:00,-0.06467144524785373,-0.14435786533232786,-0.10682626076244028
2023-06-29 04:00:00,-0.060984821752078644,-0.14851158561188815,-0.1095104370232246
2023-06-30 04:00:00,-0.04990388021377712,-0.13846547244121887,-0.0993028595437001
2023-07-03 04:00:00,-0.04881081944439347,-0.1398243972362202,-0.10021294815137194
2023-07-05 04:00:00,-0.05022534881200191,-0.14386135254608978,-0.10302587108048189
2023-07-06 04:00:00,-0.05766275445235758,-0.15272721833208103,-0.11124237261773617
2023-07-07 04:00:00,-0.060041892220899507,-0.1560506507239836,-0.11345262987569515
2023-07-10 04:00:00,-0.05766275445235747,-0.15432606736219523,-0.11156440084786479
2023-07-11 04:00:00,-0.05166148951394489,-0.14935568375593256,-0.10575785146209327
2023-07-12 04:00:00,-0.044031135179234626,-0.14146167759171668,-0.0978021790092104
2023-07-13 04:00:00,-0.036443733371514186,-0.1337629880807707,-0.08939190391014229
2023-07-14 04:00:00,-0.03704378557639365,-0.1361270929614743,-0.09195303843496716
2023-07-17 04:00:00,-0.033700242013177784,-0.13415687069986482,-0.09065669653004171
2023-07-18 04:00:00,-0.026520146322241533,-0.12872460901997218,-0.08416216087965056
2023-07-19 04:00:00,-0.024355365976129306,-0.12362507121534672,-0.07933531530512883
2023-07-20 04:00:00,-0.030828230750971297,-0.13136994992384488,-0.0860839811553864
2023-07-21 04:00:00,-0.030828230750971297,-0.13126739255887732,-0.08550718424673209
2023-07-24 04:00:00,-0.026498670058746843,-0.13020275442424567,-0.08242151253612284
2023-07-25 04:00:00,-0.023840881148130322,-0.12943015144689995,-0.08109766046985512
2023-07-26 04:00:00,-0.02369095251618525,-0.12900563556477218,-0.08118849090147595
2023-07-27 04:00:00,-0.03016388482644694,-0.13924784752894914,-0.09043073901792076
2023-07-28 04:00:00,-0.02066874248035433,-0.13242331336531543,-0.08312780770722938
2023-07-31 04:00:00,-0.018804157075231087,-0.13059771864075498,-0.08104594652712305
2023-08-01 04:00:00,-0.02161180708237298,-0.13778911107515623,-0.0876253855745549
2023-08-02 04:00:00,-0.035222085162840866,-0.14867552371819848,-0.09954409356560734
2023-08-03 04:00:00,-0.03798691771383256,-0.15799576996112308,-0.10646824952974987
2023-08-04 04:00:00,-0.042337954669551925,-0.1543152150940691,-0.10399867594346879
2023-08-07 04:00:00,-0.03397889315525249,-0.15321536186885676,-0.1019149456969809
2023-08-08 04:00:00,-0.03817986640818716,-0.15149126426014747,-0.10123950898808842
2023-08-09 04:00:00,-0.044609846191459246,-0.1531396570908229,-0.1028248646841663
2023-08-10 04:00:00,-0.04426690132973965,-0.15853388177685523,-0.10753670588820208
2023-08-11 04:00:00,-0.04482427114930876,-0.15960290135497912,-0.10861102492213182
2023-08-14 04:00:00,-0.03955151078422581,-0.15755962402225987,-0.10668533747283626
2023-08-15 04:00:00,-0.05073976610458186,-0.16550165637145298,-0.11562815548494343
2023-08-16 04:00:00,-0.057705639443927925,-0.1717875338840611,-0.12196595837857171
2023-08-17 04:00:00,-0.06488580267028399,-0.1769862018558025,-0.12688283496672637
2023-08-18 04:00:00,-0.06443574663276941,-0.1755859390710749,-0.1250866956996961
2023-08-21 04:00:00,-0.0583485766403774,-0.17676338424733784,-0.1253873643111596
2023-08-22 04:00:00,-0.06089925437519883,-0.17557442796685518,-0.12475905906635276
2023-08-23 04:00:00,-0.05043977376985176,-0.1618941569191774,-0.11222261652088428
2023-08-24 04:00:00,-0.06359972567112582,-0.17107394103474838,-0.12128753719314367
2023-08-25 04:00:00,-0.05699827345699393,-0.16648473819155551,-0.11583716146158363
2023-08-28 04:00:00,-0.051018417246656234,-0.16296326405356654,-0.1123394440081219
2023-08-29 04:00:00,-0.03730116306123288,-0.1522263441839502,-0.10154728792730683
2023-08-30 04:00:00,-0.03333588842338331,-0.15048329091097867,-0.09949654718202561
2023-08-31 04:00:00,-0.034750552861831374,-0.1497104658471322,-0.0987121201863691
2023-09-01 04:00:00,-0.032950193640933545,-0.15405742785061627,-0.10085279427565719
2023-09-05 04:00:00,-0.03712962309495349,-0.16099593169651472,-0.10653318604589368
2023-09-06 04:00:00,-0.04360248786979548,-0.16355453313551882,-0.10926322752815743
2023-09-07 04:00:00,-0.04653886038706678,-0.16416759912743395,-0.11034079438537525
2023-09-08 04:00:00,-0.04510285475596332,-0.16213192173554913,-0.10833688133887587
2023-09-11 04:00:00,-0.038822871140056225,-0.1612406553870186,-0.10621216845247972
2023-09-12 04:00:00,-0.04409542889887985,-0.16206762418127552,-0.10728944579098743
2023-09-13 04:00:00,-0.0429808918660014,-0.16155254891262094,-0.10643947373833751
2023-09-14 04:00:00,-0.034729211669176085,-0.15963563059947106,-0.1030122363174234
2023-09-15 04:00:00,-0.0463590810995721,-0.16775917915049054,-0.11134681284329351
2023-09-18 04:00:00,-0.045799820288248694,-0.16556838879481028,-0.10954897666696062
2023-09-19 04:00:00,-0.04777854055282549,-0.16906989714829013,-0.11255861553361513
2023-09-20 04:00:00,-0.056532616737506536,-0.1726147201549344,-0.11735151336854133
2023-09-21 04:00:00,-0.07212654516819617,-0.1893168291048316,-0.13318185296999352
2023-09-22 04:00:00,-0.07421298442734614,-0.1878007842638889,-0.13218980109839507
2023-09-25 04:00:00,-0.07031997268867718,-0.1937464686622309,-0.13681910545691378
2023-09-26 04:00:00,-0.0839780658463598,-0.20197439539512596,-0.14543089403995035
2023-09-27 04:00:00,-0.08361242908358901,-0.20343556845411603,-0.14607698313624828
2023-09-28 04:00:00,-0.07829968774998719,-0.19969171860483714,-0.14242574172304423
2023-09-29 04:00:00,-0.08053666345986044,-0.2008209531226165,-0.14456319649788874
2023-10-02 04:00:00,-0.0809022326872113,-0.2063629845025513,-0.14971450762799687
2023-10-03 04:00:00,-0.09320549778838438,-0.21956623595119906,-0.16240868940223185
2023-10-04 04:00:00,-0.08660222211791813,-0.21175223253141506,-0.15754770192185497
2023-10-05 04:00:00,-0.0869463150817742,-0.2135021213407513,-0.15949001063069357
2023-10-06 04:00:00,-0.0761059347087828,-0.21171146290153586,-0.15624048527170242
2023-10-09 04:00:00,-0.07019084496602856,-0.20128298123867017,-0.14529473156013084
2023-10-10 04:00:00,-0.06535139185435102,-0.19923040938810954,-0.1431901070505266
2023-10-11 04:00:00,-0.06152280890616668,-0.19057240703185008,-0.1362081293466273
2023-10-12 04:00:00,-0.06724413952952879,-0.20231623591054593,-0.14643314221403603
2023-10-13 04:00:00,-0.07189017119891328,-0.19899124870452045,-0.1421460009436607
2023-10-16 04:00:00,-0.06212495470905999,-0.19909110911637762,-0.14114847548188136
2023-10-17 04:00:00,-0.062168042306889215,-0.20264389167025498,-0.14376904220210496
2023-10-18 04:00:00,-0.07466486392119498,-0.21182479828985035,-0.15211624028168214
2023-10-19 04:00:00,-0.0827951154332286,-0.22243454548945696,-0.16091412564910612
2023-10-20 04:00:00,-0.09406583150115422,-0.22640137440163433,-0.16630090046104928
2023-10-23 04:00:00,-0.09563596247597073,-0.2234882432101596,-0.16469385863323138
2023-10-24 04:00:00,-0.08881758649345695,-0.21588288971844483,-0.1585165110635749
2023-10-25 04:00:00,-0.1018950776471611,-0.22961739477239074,-0.17076935618086653
2023-10-26 04:00:00,-0.11264955296617307,-0.23042578173756945,-0.1736113396289043
2023-10-27 04:00:00,-0.1166716248920705,-0.23382659410914208,-0.17580668003465705
2023-10-30 04:00:00,-0.10611084115703084,-0.22971090803191607,-0.17232680638923692
2023-10-31 04:00:00,-0.10049689185114308,-0.22831232039400773,-0.17072281560237623
2023-11-01 04:00:00,-0.09090402575260681,-0.21668172366349092,-0.1598869672816099
2023-11-02 04:00:00,-0.07348164336638463,-0.20053176863225508,-0.14359149554638218
2023-11-03 04:00:00,-0.06502870761857005,-0.19398782171053552,-0.13761072162500076
2023-11-06 05:00:00,-0.06287790710435526,-0.19600261471540448,-0.13858051322179898
2023-11-07 05:00:00,-0.06021073077038741,-0.18988620055931205,-0.13514024300903293
2023-11-08 05:00:00,-0.05952254484267527,-0.18401039520024487,-0.13130350969564386
2023-11-09 05:00:00,-0.0668570265032632,-0.1953360926196065,-0.14158001226883854
2023-11-10 05:00:00,-0.05229544449956147,-0.1859995989684191,-0.13166986706880468
2023-11-13 05:00:00,-0.05319879827474083,-0.1872052401839811,-0.13149439711224287
2023-11-14 05:00:00,-0.03483017712176939,-0.17037429779427138,-0.11562096360283736
2023-11-15 05:00:00,-0.032786892995868455,-0.17397789092066562,-0.1188022948049684
2023-11-16 05:00:00,-0.031603875047317875,-0.16926577526736397,-0.11698331096492676
2023-11-17 05:00:00,-0.03039938083527216,-0.16708855082444773,-0.11381127182195894
2023-11-20 05:00:00,-0.022935636381196223,-0.1612065180319293,-0.10698427581983383
2023-11-21 05:00:00,-0.025065163238175425,-0.16245144791699562,-0.10775471834781436
2023-11-22 05:00:00,-0.021301076615895198,-0.1593273629407882,-0.10551015243182171
2023-11-24 05:00:00,-0.020698863277582302,-0.16297663841778054,-0.10893163861697619
2023-11-27 05:00:00,-0.022462550765531386,-0.158288490086253,-0.10602277380758462
2023-11-28 05:00:00,-0.02149476819986773,-0.1571246977087314,-0.10387640034069978
2023-11-29 05:00:00,-0.022182954127579868,-0.15324206346564573,-0.10024419333153645
2023-11-30 05:00:00,-0.0183328949159004,-0.15515414530893779,-0.10275346006347197
2023-12-01 05:00:00,-0.012525321561460134,-0.14579050172713537,-0.09491172042358675
2023-12-04 05:00:00,-0.017709002707833377,-0.14984050513016411,-0.0994512850594017
2023-12-05 05:00:00,-0.017902626756385986,-0.14263450317925985,-0.09455306318416545
2023-12-06 05:00:00,-0.02186026989179901,-0.14014020605201105,-0.09532748885867148
2023-12-07 05:00:00,-0.01439672804398262,-0.13817683574555772,-0.09258448744380554
2023-12-08 05:00:00,-0.010159420735198044,-0.1387746000508614,-0.09207510003031372
2023-12-11 05:00:00,-0.006309429058938387,-0.13749352910029256,-0.0908482856290248
2023-12-12 05:00:00,-0.0017709813132875674,-0.1341060331074151,-0.08893574219569045
2023-12-13 05:00:00,0.0,-0.11881526277792553,-0.07393534895726128
2023-12-14 05:00:00,0.0,-0.10794949287465316,-0.06338373157522781
2023-12-15 05:00:00,-0.0016465391578902588,-0.10843439368091268,-0.0638354800948252
2023-12-18 05:00:00,0.0,-0.1082668021932629,-0.062241915976111284
2023-12-19 05:00:00,0.0,-0.10309139391344135,-0.056590438736457305
2023-12-20 05:00:00,-0.013857245040514776,-0.10811793236792033,-0.06360739496666645
2023-12-21 05:00:00,-0.004506662095244196,-0.10530130511901337,-0.059889183028937976
2023-12-22 05:00:00,-0.0025061598622302395,-0.10585042721602556,-0.060207400368316955
2023-12-26 05:00:00,0.0,-0.1025681556539324,-0.056094733841045574
2023-12-27 05:00:00,0.0,-0.095233671819966,-0.05047343989970987
2023-12-28 05:00:00,0.0,-0.09765707231786747,-0.05313430826579013
2023-12-29 05:00:00,-0.0028949024708879723,-0.1024800174943794,-0.0578538980666522
2024-01-02 05:00:00,-0.008475107761773737,-0.10756324528040784,-0.06341622177667339
2024-01-03 05:00:00,-0.016572476935182268,-0.11044748458980935,-0.06563407167432955
2024-01-04 05:00:00,-0.01974028536779271,-0.11757315778065269,-0.07220544253914729
2024-01-05 05:00:00,-0.018397797963780382,-0.12022463152234697,-0.07364222603384063
2024-01-08 05:00:00,-0.004384404841299427,-0.10921681569621944,-0.06430503448806846
2024-01-09 05:00:00,-0.005894768773207826,-0.11229943317369195,-0.06626005504387911
2024-01-10 05:00:00,-0.00027270915453869726,-0.11094108932693725,-0.06503386504504716
2024-01-11 05:00:00,-0.0007132292345789493,-0.10917928223991069,-0.06302049088356765
2024-01-12 05:00:00,-2.0992766286531683e-05,-0.10950895622147605,-0.0628421659209567
2024-01-16 05:00:00,-0.003692102770612271,-0.11774411269726681,-0.07066543532490888
2024-01-17 05:00:00,-0.009230322528925194,-0.12124496151501785,-0.07433355691569887
2024-01-18 05:00:00,-0.0004195929161485701,-0.11982355554809465,-0.07138245397976273
2024-01-19 05:00:00,0.0,-0.1121140533867011,-0.06371466080522503
2024-01-22 05:00:00,0.0,-0.10887378485896815,-0.06047095790251533
2024-01-23 05:00:00,0.0,-0.11013890774581614,-0.06054854443072788
2024-01-24 05:00:00,0.0,-0.11164017801068438,-0.06077735838671472
2024-01-25 05:00:00,0.0,-0.10641918362163738,-0.05515644036893075
2024-01-26 05:00:00,-0.0012704752559132837,-0.10778501379099681,-0.0559998957652309
2024-01-29 05:00:00,0.0,-0.09943555104208224,-0.049046237563331485
2024-01-30 05:00:00,-0.0007733499126042487,-0.09658761109628422,-0.046264838831434396
2024-01-31 05:00:00,-0.017078117380245117,-0.10188366439419783,-0.05380666908578946
2024-02-01 05:00:00,-0.0042134807321674295,-0.0877838076942713,-0.04195218067172979
2024-02-02 05:00:00,0.0,-0.09008185174816163,-0.04333518789858848
2024-02-05 05:00:00,-0.0036411786690189185,-0.09941957056858997,-0.05082601270747533
2024-02-06 05:00:00,-0.0007484153028695095,-0.09432988043735091,-0.04604266678825142
2024-02-07 05:00:00,0.0,-0.0915509873649657,-0.04221990691259936
2024-02-08 05:00:00,0.0,-0.0934231710926352,-0.04311631771315483
2024-02-09 05:00:00,0.0,-0.09101207591132476,-0.04011948782511876
2024-02-12 05:00:00,-0.0004390060493734138,-0.09082547287912213,-0.039991788523969785
2024-02-13 05:00:00,-0.014205926282173875,-0.10457000049808463,-0.053420275852485544
2024-02-14 05:00:00,-0.005247482484993626,-0.0978648230928173,-0.047711652855879194
2024-02-15 05:00:00,0.0,-0.09226401683687924,-0.04207481162560456
2024-02-16 05:00:00,-0.004979936790689976,-0.09707782447381996,-0.046382434314032106
2024-02-20 05:00:00,-0.010457848572370976,-0.09974883855355876,-0.049805119459156666
2024-02-21 05:00:00,-0.009561443753712262,-0.10181951020086544,-0.05092485273942793
2024-02-22 05:00:00,0.0,-0.08891273480955986,-0.03749119227663644
2024-02-23 05:00:00,0.0,-0.08365717034803932,-0.03462369310190838
2024-02-26 05:00:00,-0.003662491647046129,-0.08676412492050689,-0.036720832638033496
2024-02-27 05:00:00,-0.001811602680925728,-0.08832231335161966,-0.03693871126350756
2024-02-28 05:00:00,-0.0031307720974271813,-0.0867299928974079,-0.03626008444093487
2024-02-29 05:00:00,0.0,-0.08218192239696653,-0.03227213769140136
2024-03-01 05:00:00,0.0,-0.07472445691842522,-0.024528046972260076
2024-03-04 05:00:00,-0.001072218070032993,-0.07680853851131753,-0.02602381709037971
2024-03-05 05:00:00,-0.01105572442434588,-0.0770853704664094,-0.02844983108762933
2024-03-06 05:00:00,-0.006044519611364874,-0.07211303876301645,-0.02299069417279276
2024-03-07 05:00:00,0.0,-0.06693468058056418,-0.01718229750069289
2024-03-08 05:00:00,-0.006002189484037523,-0.07095651978355688,-0.02155371567515829
2024-03-11 04:00:00,-0.006856868221416401,-0.07162994382799637,-0.021373286288449367
2024-03-12 04:00:00,0.0,-0.06874280635933128,-0.017774218601681824
2024-03-13 04:00:00,-0.001567412725755113,-0.0714246193265653,-0.018761162755016048
2024-03-14 04:00:00,-0.003541111029485511,-0.07822998271498771,-0.024141821225473592
2024-03-15 04:00:00,-0.010383337764916178,-0.08214660785529426,-0.027912552967141235
2024-03-18 04:00:00,-0.0045018789951566385,-0.07997963618448745,-0.024427794802840186
2024-03-19 04:00:00,0.0,-0.07587943852851053,-0.020396228594568355
2024-03-20 04:00:00,0.0,-0.07087029866781147,-0.01531071713466503
2024-03-21 04:00:00,0.0,-0.06822794891196826,-0.012851340778887943
2024-03-22 04:00:00,-0.001895761702485399,-0.0657244183436011,-0.011833429309288546
2024-03-25 04:00:00,-0.004653287542126461,-0.06914206537804302,-0.014127292774420819
2024-03-26 04:00:00,-0.006491737601267866,-0.06913837521004662,-0.015172426622537816
2024-03-27 04:00:00,0.0,-0.06075185598674415,-0.00736314329584653
2024-03-28 04:00:00,-0.00019092298271750074,-0.06117685428830211,-0.006547776709577069
2024-04-01 04:00:00,-0.001930562669813507,-0.0691572607085702,-0.012664889364297105
2024-04-02 04:00:00,-0.008276308698389023,-0.07476002109904245,-0.017165252813786447
2024-04-03 04:00:00,-0.00718678441124565,-0.07423062475615538,-0.015399930122357408
2024-04-04 04:00:00,-0.019305149986568515,-0.07835456422338671,-0.020241509004037428
2024-04-05 04:00:00,-0.009060022515087085,-0.07770897876220895,-0.017693940910902817
2024-04-08 04:00:00,-0.008505726140168646,-0.07743972802545485,-0.017437801709834777
2024-04-09 04:00:00,-0.0073589964649452,-0.07336702103798254,-0.014552196226898073
2024-04-10 04:00:00,-0.01729819428808954,-0.08701173453673738,-0.026414485185522918
2024-04-11 04:00:00,-0.009881873257172158,-0.08453721614199827,-0.023497403657020466
2024-04-12 04:00:00,-0.023548657592143862,-0.09016187902395456,-0.029895344900589982
2024-04-15 04:00:00,-0.03578167229941087,-0.10264401906578846,-0.04157737608521883
2024-04-16 04:00:00,-0.037540201682362495,-0.10600834264954717,-0.04469594706454516
2024-04-17 04:00:00,-0.04323624943360682,-0.10521404320419514,-0.0463981950668656
2024-04-18 04:00:00,-0.045205068206699006,-0.10812278859012303,-0.04905835469242159
2024-04-19 04:00:00,-0.05353882064895188,-0.11150847506977346,-0.05256242787986498
2024-04-22 04:00:00,-0.04482274552969645,-0.10719708395588268,-0.04780559844540666
2024-04-23 04:00:00,-0.03348803418212598,-0.10072002166965532,-0.04052352603105858
2024-04-24 04:00:00,-0.03394669029884789,-0.10352149223051066,-0.04295585530631019
2024-04-25 04:00:00,-0.03761665429997385,-0.10807987416043896,-0.04662177391842259
2024-04-26 04:00:00,-0.028499128452076805,-0.10114030500582216,-0.03962297031308548
2024-04-29 04:00:00,-0.02505864148167658,-0.09621516063882896,-0.0352473311213205
2024-04-30 04:00:00,-0.04050290448440186,-0.1078931371901618,-0.048113379150689806
2024-05-01 04:00:00,-0.04361857211060949,-0.10700106390951414,-0.04924976747864307
2024-05-02 04:00:00,-0.034673079549574326,-0.10045667457018947,-0.04235943029289002
2024-05-03 04:00:00,-0.022707500031582284,-0.09012550590587687,-0.03220559466751394
2024-05-06 04:00:00,-0.012615337384269454,-0.08307005010568813,-0.023989229828908942
2024-05-07 04:00:00,-0.011525634330288193,-0.08022624036273696,-0.02164089785857648
2024-05-08 04:00:00,-0.011430113249983553,-0.0824028903376901,-0.023865988865012122
2024-05-09 04:00:00,-0.005734244265576893,-0.07744011614565116,-0.018684646493422052
2024-05-10 04:00:00,-0.004453499050986354,-0.07880365127395006,-0.019751127554992864
2024-05-13 04:00:00,-0.004319662278457037,-0.07778894919703183,-0.01828995073312445
2024-05-14 04:00:00,0.0,-0.07316806255605535,-0.014344068290883527
2024-05-15 04:00:00,0.0,-0.0612222830652005,-0.002647297194426468
2024-05-16 04:00:00,-0.002057589921139913,-0.06274818136501215,-0.003915332077292222
2024-05-17 04:00:00,-0.0006230555992972064,-0.06446603523701566,-0.00405123521571904
2024-05-20 04:00:00,0.0,-0.06492477714010858,-0.0033632588222495263
2024-05-21 04:00:00,0.0,-0.06161954145941129,-0.0007711452695537968
2024-05-22 04:00:00,-0.0028793122506064472,-0.06279000874627394,-0.003563757286198954
2024-05-23 04:00:00,-0.010162547725498072,-0.06930926117326008,-0.0103631569181597
2024-05-24 04:00:00,-0.0036132798978288916,-0.06451131867645343,-0.00487676166277573
2024-05-28 04:00:00,-0.002916978695811756,-0.06948349263418796,-0.006962290095335444
2024-05-29 04:00:00,-0.009899234631914333,-0.07789750491362735,-0.01577690828401279
2024-05-30 04:00:00,-0.01646710100028481,-0.07800263703010879,-0.01812832185380775
2024-05-31 04:00:00,-0.007508999464221566,-0.07045998353150662,-0.011224479197365023
2024-06-03 04:00:00,-0.006699816267539682,-0.06399135448450954,-0.007345142446288255
2024-06-04 04:00:00,-0.005589301509216216,-0.058989976819047385,-0.004195878778623374
2024-06-05 04:00:00,0.0,-0.049517645859642356,0.0
2024-06-06 04:00:00,-1.889155106860052e-05,-0.05009847932323541,0.0
2024-06-07 04:00:00,-0.0012345978466895557,-0.05776196534019429,-0.00766229239355487
2024-06-10 04:00:00,0.0,-0.05852787468132714,-0.006368553559501611
2024-06-11 04:00:00,0.0,-0.0532727130717815,-0.001978957961760952
2024-06-12 04:00:00,0.0,-0.045761896790102896,0.0
2024-06-13 04:00:00,0.0,-0.038998337914417314,0.0
2024-06-14 04:00:00,0.0,-0.035412844947837585,0.0
2024-06-17 04:00:00,0.0,-0.034637591251132194,0.0
2024-06-18 04:00:00,0.0,-0.02962297824935123,0.0
2024-06-20 04:00:00,-0.0027166348013218933,-0.033789826853949934,-0.0034138049725233044
2024-06-21 04:00:00,-0.004053581068722778,-0.03456700080245256,-0.0050249514941083095
2024-06-24 04:00:00,-0.007291307757619103,-0.03488844301961036,-0.004943745628380292
2024-06-25 04:00:00,-0.0034683757813678273,-0.03200363229367931,-0.003074130794805896
2024-06-26 04:00:00,-0.002224530355136922,-0.03681015788244113,-0.006428007605296493
2024-06-27 04:00:00,-0.0006517058881905236,-0.03436877668271576,-0.0037905925271096708
2024-06-28 04:00:00,-0.004584108084279115,-0.04383510602967955,-0.012130178717837614
2024-07-01 04:00:00,-0.002535548549815192,-0.04925539585997862,-0.01474946275431821
2024-07-02 04:00:00,0.0,-0.04245552932430352,-0.008344263996801993
2024-07-03 04:00:00,0.0,-0.03486151425719075,-0.0012349133580710214
2024-07-05 04:00:00,0.0,-0.02832603569175307,0.0
2024-07-08 04:00:00,0.0,-0.02681355976512867,-5.174570399169021e-06
2024-07-09 04:00:00,0.0,-0.02796637928987933,-0.0014297664439960611
2024-07-10 04:00:00,0.0,-0.02097412942656318,0.0
2024-07-11 04:00:00,-0.008622601497454196,-0.02223467130147727,-0.0019156926689315457
2024-07-12 04:00:00,-0.002369424503326001,-0.016861839850637272,0.0
2024-07-15 04:00:00,0.0,-0.019760781863100707,-0.002528898420003589
2024-07-16 04:00:00,0.0,-0.010741547632129755,0.0
2024-07-17 04:00:00,-0.014021165651191936,-0.01897985125694679,-0.008348992312087078
2024-07-18 04:00:00,-0.021598386917891843,-0.02650289038970155,-0.015926590064332835
2024-07-19 04:00:00,-0.028095474286277566,-0.03267297340246489,-0.02291737068997657
2024-07-22 04:00:00,-0.018075326163688343,-0.027813536652185555,-0.01746538071546766
2024-07-23 04:00:00,-0.019615482454673372,-0.02927406056528692,-0.01971495951869262
2024-07-24 04:00:00,-0.041833430743799416,-0.046670415216923056,-0.036266773188479706
2024-07-25 04:00:00,-0.04682590050401114,-0.04652579542343038,-0.03669541457242753
2024-07-26 04:00:00,-0.036150652327376576,-0.03714251743618546,-0.028953115365891402
2024-07-29 04:00:00,-0.03558401388627275,-0.034731971784827564,-0.027480829017775044
2024-07-30 04:00:00,-0.040470087651815145,-0.03617940258998753,-0.02962110961499309
2024-07-31 04:00:00,-0.02487355710747252,-0.022836162886900047,-0.014937259520399926
2024-08-01 04:00:00,-0.038682150823089234,-0.02776739433892994,-0.02193587145558884
2024-08-02 04:00:00,-0.056580443734013275,-0.026509838326089108,-0.02551599378708147
2024-08-05 04:00:00,-0.08405630163561584,-0.04146048545424308,-0.04117548671551441
2024-08-06 04:00:00,-0.07561168344649971,-0.044734509442006076,-0.04309525816216975
2024-08-07 04:00:00,-0.08179024299216786,-0.05125548051286144,-0.04807101157913651
2024-08-08 04:00:00,-0.060563636907769225,-0.04043056900353781,-0.035754026700862584
2024-08-09 04:00:00,-0.05642112480921324,-0.03410670114331138,-0.029782510401861195
2024-08-12 04:00:00,-0.05592534367996771,-0.032397405491556674,-0.027064128404084675
2024-08-13 04:00:00,-0.04039945039372006,-0.020165565679828856,-0.016346877135861693
2024-08-14 04:00:00,-0.03737206074188015,-0.015853102766652305,-0.013251692733756593
2024-08-15 04:00:00,-0.02087242955198787,-0.008908949141572475,-0.004691702520606245
2024-08-16 04:00:00,-0.01867717320695783,-0.006187602467926712,-0.0029307414697424816
2024-08-19 04:00:00,-0.00929430078356741,0.0,0.0
2024-08-20 04:00:00,-0.010905314386410847,0.0,0.0
2024-08-21 04:00:00,-0.0075063639548413885,0.0,0.0
2024-08-22 04:00:00,-0.015295937103353086,-0.008679588885178724,-0.0077783190719077355
2024-08-23 04:00:00,-0.004833150835412248,0.0,0.0
2024-08-26 04:00:00,-0.0072053304063249834,-0.002446656471519759,-0.0011593083005644322
2024-08-27 04:00:00,-0.0058422073681043685,-0.0023159517879173253,-0.0013439772287673346
2024-08-28 04:00:00,-0.011613557424350218,-0.006279937085736598,-0.006394295966268393
2024-08-29 04:00:00,-0.01152498578452732,-0.007526357776590387,-0.006192155689309309
2024-08-30 04:00:00,-0.002089080404124699,-0.006075194487061952,-0.004790455054833664
2024-09-03 04:00:00,-0.02262504775166696,-0.01184523654877212,-0.014176146525446742
2024-09-04 04:00:00,-0.024625666542849922,-0.007963809802577049,-0.012302513872543663
2024-09-05 04:00:00,-0.02699784611376277,-0.007167119113963061,-0.011838346491311658
2024-09-06 04:00:00,-0.04337369706166627,-0.017232712816005358,-0.02317582090354542
2024-09-09 04:00:00,-0.03266313025598444,-0.008932999758891502,-0.015072629797239667
2024-09-10 04:00:00,-0.028449650818688332,-0.0035675600863707135,-0.011861407302133031
2024-09-11 04:00:00,-0.01848242562622915,0.0,-0.005121332731766071
2024-09-12 04:00:00,-0.010214895703318572,0.0,0.0
2024-09-13 04:00:00,-0.0050455027172242595,0.0,0.0
2024-09-16 04:00:00,-0.0035758736574525996,0.0,0.0
2024-09-17 04:00:00,-0.0031689942486753386,-0.0016892961733490086,-0.0005182842726971781
2024-09-18 04:00:00,-0.006125416561774899,-0.008415749007416817,-0.006650581660588406
2024-09-19 04:00:00,0.0,0.0,0.0
2024-09-20 04:00:00,-0.0017286081879492876,-0.0025685124238009616,-0.0021856755460430977
2024-09-23 04:00:00,0.0,-0.0019203740543847214,-0.0012804824269241344
2024-09-24 04:00:00,0.0,-0.00028782350241396415,0.0
2024-09-25 04:00:00,-0.0022055195904171487,-0.004934642242671816,-0.004657643838367198
2024-09-26 04:00:00,0.0,-0.0016318564639917765,-0.0024762380890855917
2024-09-27 04:00:00,-0.0014503104645270382,-0.0004237447877916134,-0.0012938842153794594
2024-09-30 04:00:00,0.0,0.0,-0.0005449805780423089
2024-10-01 04:00:00,-0.008958440017425073,-0.0024871126249393916,-0.0020020534243159194
2024-10-02 04:00:00,-0.00854019878175516,-0.00559703010749657,-0.0034356371557393572
2024-10-03 04:00:00,-0.010352685458617339,-0.01043478530548081,-0.00590587810526888
2024-10-04 04:00:00,-0.0013594729966053265,-0.009908414597432635,-0.003896931727377595
2024-10-07 04:00:00,-0.010387565892162831,-0.01826315784132082,-0.010180240867584067
2024-10-08 04:00:00,-0.0010282708613611469,-0.0120296610123507,-0.006373138863096206
2024-10-09 04:00:00,0.0,-0.010170379116757888,-0.004801993425970763
2024-10-10 04:00:00,-0.0017500184384801054,-0.01276075020000167,-0.005053194488813695
2024-10-11 04:00:00,0.0,-0.010808661883120019,-0.002598450371914529
2024-10-14 04:00:00,0.0,-0.005659109833691334,0.0
2024-10-15 04:00:00,-0.007769674168455198,-0.0054590635412974375,-0.0029342946800672287
2024-10-16 04:00:00,-0.0034570294274832714,-0.0011888717842212237,0.0
2024-10-17 04:00:00,-0.0033713512550581637,-0.007466928223339386,-0.004567435149346988
2024-10-18 04:00:00,0.0,-0.004880150964084895,-0.002579432541094273
2024-10-21 04:00:00,-0.0016421837079351187,-0.01281487984806362,-0.00847725688121126
2024-10-22 04:00:00,-0.0021724434917740343,-0.012744184087237653,-0.0067766863878567785
2024-10-23 04:00:00,-0.011290092483326353,-0.019226243011397304,-0.01359551847325735
2024-10-24 04:00:00,-0.009151777244679749,-0.015439444067156138,-0.010462644254655817
2024-10-25 04:00:00,-0.00949401367122693,-0.017853632725047697,-0.011634701372248424
2024-10-28 04:00:00,-0.006431797865775857,-0.017097782475126944,-0.013249022169713909
2024-10-29 04:00:00,-0.004823848399332031,-0.015544273511162832,-0.012017588840201876
2024-10-30 04:00:00,-0.007834447871637229,-0.016175991931845046,-0.011693047335669338
2024-10-31 04:00:00,-0.02728416052658411,-0.027108133986843863,-0.022174997668174656
2024-11-01 04:00:00,-0.02317870125674648,-0.030130774585213516,-0.024873272355300013
2024-11-04 05:00:00,-0.025282676265538262,-0.025362598125395097,-0.019934870287189987
2024-11-05 05:00:00,-0.013496664228227928,-0.016220818270919257,-0.010659099095348568
2024-11-06 05:00:00,0.0,-0.012321061341585615,-0.005109140615700336
2024-11-07 05:00:00,0.0,-0.0027897211239297226,0.0
2024-11-08 05:00:00,0.0,0.0,0.0
2024-11-11 05:00:00,0.0,-0.001374418076861561,-0.0024879009208259584
2024-11-12 05:00:00,-0.0031064722137856826,-0.009224837924886597,-0.009374607290491777
2024-11-13 05:00:00,-0.0026220819262195993,-0.01269547531966353,-0.012219905178318058
2024-11-14 05:00:00,-0.009035467282442089,-0.014217793915143995,-0.014404954510949142
2024-11-15 05:00:00,-0.021728334762220802,-0.02284143113310655,-0.02325943709366618
2024-11-18 05:00:00,-0.017720033589636253,-0.019744945131104807,-0.018099587975564435
2024-11-19 05:00:00,-0.014129171088284709,-0.015596162424921234,-0.014136410936326893
2024-11-20 05:00:00,-0.01379524084731576,-0.016655095741407222,-0.014925729901689722
2024-11-21 05:00:00,-0.008500889152648239,-0.013792210315481723,-0.011277282278323808
2024-11-22 05:00:00,-0.005427841006985568,-0.011739894066342349,-0.009186734008436614
2024-11-25 05:00:00,-0.0020541832083899036,0.0,-0.0008805443346586728
2024-11-26 05:00:00,0.0,0.0,0.0
2024-11-27 05:00:00,-0.0030302655195890704,0.0,-0.00027915655928922867
2024-11-29 05:00:00,0.0,0.0,0.0
2024-12-02 05:00:00,0.0,0.0,0.0
2024-12-03 05:00:00,0.0,-0.0031732060372070547,-0.0011729258418101685
2024-12-04 05:00:00,0.0,0.0,0.0
2024-12-05 05:00:00,-0.001645503085190847,-0.00017931774422108582,-0.0005169959607057573
2024-12-06 05:00:00,0.0,0.0,0.0
2024-12-09 05:00:00,-0.005149668320054368,-0.006776509945986886,-0.004896359167464781
2024-12-10 05:00:00,-0.00824271098226892,-0.010498588190827829,-0.007932348759083663
2024-12-11 05:00:00,-0.0005758551841950066,-0.009650938858435487,-0.004891625117392495
2024-12-12 05:00:00,-0.005725421564935607,-0.01752467470947283,-0.011993326426368967
2024-12-13 05:00:00,-0.005922979955264918,-0.021654606054349546,-0.015181855088503116
2024-12-16 05:00:00,-0.0016783288639741212,-0.01797603324967345,-0.012302663700700212
2024-12-17 05:00:00,-0.005791274361712118,-0.019447726660821396,-0.014689652705619394
2024-12-18 05:00:00,-0.03542228054963237,-0.04188655444100253,-0.03689779614846067
2024-12-19 05:00:00,-0.035718618135126445,-0.04786604654277138,-0.041450148630060246
2024-12-20 05:00:00,-0.024136375229643958,-0.03883566783665382,-0.03229138037539181
2024-12-23 05:00:00,-0.018292602121275814,-0.03890860461530654,-0.03140315019786899
2024-12-24 05:00:00,-0.007381119901225142,-0.03087351385956494,-0.023159306622039355
2024-12-26 05:00:00,-0.0073148593471932255,-0.031055325139736523,-0.023565545041126845
2024-12-27 05:00:00,-0.017764556475297733,-0.04035274826640545,-0.0316688929564195
2024-12-30 05:00:00,-0.028973395673981384,-0.0438384985429513,-0.03509159690846242
2024-12-31 05:00:00,-0.03250610259702669,-0.04797301876663307,-0.03824841659709677
2025-01-02 05:00:00,-0.03488312351843981,-0.048329808357291615,-0.03792851759729743
2025-01-03 05:00:00,-0.022815853357443072,-0.04240750515914715,-0.032124037237240444
2025-01-06 05:00:00,-0.01718676444413858,-0.04080916234490495,-0.029895846059779907
2025-01-07 05:00:00,-0.028296518629715828,-0.05164168585048767,-0.03930679407810289
2025-01-08 05:00:00,-0.026876809805094548,-0.05032468190825823,-0.03827339484081871
2025-01-10 05:00:00,-0.04173405704809474,-0.06154106687969485,-0.046410113920699825
2025-01-13 05:00:00,-0.0402481896087552,-0.060799754648069415,-0.04493486667646085
2025-01-14 05:00:00,-0.038927667736554095,-0.06064005147766427,-0.04465874322473384
2025-01-15 05:00:00,-0.021445687039374772,-0.0439117728435795,-0.02775085524587817
2025-01-16 05:00:00,-0.023327588713197955,-0.04378081279868129,-0.028360314187338975
2025-01-17 05:00:00,-0.013521842230970638,-0.03736135253101269,-0.022435296529179305
2025-01-21 05:00:00,-0.0044922616847430374,-0.02862982692362459,-0.014921465423877844
2025-01-22 05:00:00,0.0,-0.027385166605604305,-0.013232267346442783
2025-01-23 05:00:00,0.0,-0.02722305780481027,-0.012654391625345207
2025-01-24 05:00:00,-0.0029194293405332417,-0.027179394582977134,-0.013009172980465888
2025-01-27 05:00:00,-0.017023371030940204,-0.030840543951552113,-0.01939607236795604
2025-01-28 05:00:00,-0.008577209877468461,-0.02610769510871569,-0.014451217049525233
2025-01-29 05:00:00,-0.013021726339071837,-0.029522283822621787,-0.01752594511167216
2025-01-30 05:00:00,-0.0077245829784519104,-0.024941626122504057,-0.013167685981815946
2025-01-31 05:00:00,-0.01300542120416981,-0.030615799304831492,-0.0184418289648961
2025-02-03 05:00:00,-0.019647485008897125,-0.03137284537890117,-0.019248052540928096
2025-02-04 05:00:00,-0.013071046840298028,-0.02628765522189347,-0.014133756908150774
2025-02-05 05:00:00,-0.009069402148429773,-0.017488306770428452,-0.007473992695930076
2025-02-06 05:00:00,-0.005625170267131163,-0.015614152530967096,-0.005491593020619634
2025-02-07 05:00:00,-0.014727283959494852,-0.023562332695316823,-0.012834467650563841
2025-02-10 05:00:00,-0.008036102201801398,-0.02076501525696628,-0.008277144677699244
2025-02-11 05:00:00,-0.007281609934587596,-0.022826718954064407,-0.008977347672785019
2025-02-12 05:00:00,-0.010479846954535632,-0.03001972922801588,-0.016025208195284746
2025-02-13 05:00:00,-3.291409219441377e-05,-0.017425783911428794,-0.004400271913461595
2025-02-14 05:00:00,-8.203204516077367e-05,-0.015371753276048228,-0.0028022770107021255
2025-02-18 05:00:00,0.0,-0.018276067450671896,-0.003102725904174708
2025-02-19 05:00:00,0.0,-0.016398649656633846,-0.0005326627484250057
2025-02-20 05:00:00,-0.004160518057843232,-0.017382025262347556,-0.0017751915833167375
2025-02-21 05:00:00,-0.021193394472342253,-0.022716115855346164,-0.009790399227610491
2025-02-24 05:00:00,-0.025647292726437954,-0.024250048634447352,-0.01198151810829684
2025-02-25 05:00:00,-0.03049300265059729,-0.020430149931845998,-0.010911529645415752
2025-02-26 05:00:00,-0.030003565496272366,-0.017818994691544576,-0.009700830597818122
2025-02-27 05:00:00,-0.04548652400584452,-0.030002382780806802,-0.021150760559769943
2025-02-28 05:00:00,-0.03059082963224613,-0.016160785826931923,-0.009134094504292811
2025-03-03 05:00:00,-0.04757484293026759,-0.024666396431655024,-0.018793401205678295
2025-03-04 05:00:00,-0.058848521014212896,-0.03639775172332782,-0.02907285213429389
2025-03-05 05:00:00,-0.04873325141121221,-0.033261305816362774,-0.02540298586234979
2025-03-06 05:00:00,-0.06561943772758505,-0.0448368144193354,-0.03724043297126467
2025-03-07 05:00:00,-0.06038221837944324,-0.042850192005432164,-0.034088522478202155
2025-03-10 04:00:00,-0.085409503644433,-0.05415293215294803,-0.0471183972201783
2025-03-11 04:00:00,-0.09301230232224755,-0.061571435559677035,-0.053387539576022935
2025-03-12 04:00:00,-0.08819933572356276,-0.060825856662469646,-0.05206999329234285
2025-03-13 04:00:00,-0.10035426263189662,-0.06503500368163284,-0.05749756710239251
2025-03-14 04:00:00,-0.08177126681508318,-0.05542780724986529,-0.046796233351886096
2025-03-17 04:00:00,-0.07469044711968065,-0.049171870517554006,-0.04030801507753157
2025-03-18 04:00:00,-0.08469166920133608,-0.054960296694231525,-0.04646267068151777
2025-03-19 04:00:00,-0.07472308969646146,-0.04682628218168472,-0.03814469709536428
2025-03-20 04:00:00,-0.07739877350555202,-0.048229203703124446,-0.039450458730776794
2025-03-21 04:00:00,-0.07709441170167897,-0.05029402912193437,-0.041527039079274464
2025-03-24 04:00:00,-0.06056658848903884,-0.04398453690371451,-0.03382987774797719
2025-03-25 04:00:00,-0.05830840726692299,-0.042648231912055246,-0.03233807683423928
2025-03-26 04:00:00,-0.06955045026102502,-0.05202278780014202,-0.041308109186123376
2025-03-27 04:00:00,-0.07202151347307284,-0.05463900866372584,-0.04341525713941974
2025-03-28 04:00:00,-0.0907093886800987,-0.06083044442077967,-0.05130436905647817
2025-03-31 04:00:00,-0.08460552906816443,-0.053338523678407634,-0.0433478290792928
2025-04-01 04:00:00,-0.08202001533999637,-0.04845300695731691,-0.03919719843160285
2025-04-02 04:00:00,-0.07621064415994594,-0.045089475241651966,-0.035140391746272925
2025-04-03 04:00:00,-0.1217357549155037,-0.07157016384991166,-0.06621666858881059
2025-04-04 04:00:00,-0.17315199441610452,-0.10013872465739149,-0.09935984049835789
2025-04-07 04:00:00,-0.17462478919595192,-0.11195497894453443,-0.109889009542669
2025-04-08 04:00:00,-0.1875524082111395,-0.12700647491658745,-0.1252808269200324
2025-04-09 04:00:00,-0.10222969956638783,-0.06994243997914729,-0.06545145575657929
2025-04-10 04:00:00,-0.1415692435193655,-0.10465115144025183,-0.09891451634138648
2025-04-11 04:00:00,-0.1262524196058168,-0.09311807063503175,-0.08648723970616867
2025-04-14 04:00:00,-0.11777572675825887,-0.08525076881943316,-0.07917060490308325
2025-04-15 04:00:00,-0.12024668922161263,-0.08549185236141643,-0.07995935729082393
2025-04-16 04:00:00,-0.13980190993328734,-0.09564743574529677,-0.0895446408202667
2025-04-17 04:00:00,-0.1385745893458058,-0.09806829090698044,-0.09023062419875405
2025-04-21 04:00:00,-0.15907881237842814,-0.1172555293258325,-0.10876065321408168
2025-04-22 04:00:00,-0.1371999741680352,-0.10150453184503616,-0.09293492628713296
2025-04-23 04:00:00,-0.12383052175632803,-0.08966014726120064,-0.08254029343882219
2025-04-24 04:00:00,-0.10538796961862718,-0.07432653768644937,-0.06722841760714549
2025-04-25 04:00:00,-0.09892413492385976,-0.06758608504950225,-0.060992123936068676
2025-04-28 04:00:00,-0.0985804811294172,-0.06502306121798695,-0.059530323029176824
2025-04-29 04:00:00,-0.0929021839999592,-0.05835348678449381,-0.054806191738183574
2025-04-30 04:00:00,-0.09254220891712606,-0.061177587823520785,-0.05863469544756761
2025-05-01 04:00:00,-0.0861111175478334,-0.05908971701474852,-0.055606199635058196
2025-05-02 04:00:00,-0.0725452051832789,-0.05478332107456274,-0.04985042910291515
2025-05-05 04:00:00,-0.0778636279785977,-0.060147292690576726,-0.055260906504774554
2025-05-06 04:00:00,-0.08557100380054339,-0.06361082524404138,-0.057637559516636405
2025-05-07 04:00:00,-0.08172542615941891,-0.05966481897744813,-0.05523424234552454
2025-05-08 04:00:00,-0.07532697736690708,-0.059927057183636556,-0.05321149898216515
2025-05-09 04:00:00,-0.07650533408921756,-0.060083414757228115,-0.05278784412891391
2025-05-12 04:00:00,-0.04598613677824048,-0.04494468097891002,-0.03602232200394495
2025-05-13 04:00:00,-0.039685917962152484,-0.04271078975234399,-0.031880057900731895
2025-05-14 04:00:00,-0.03845859737467061,-0.0445179794506575,-0.033558443971910434
2025-05-15 04:00:00,-0.0337620962659817,-0.038358126121138314,-0.029122337686590005
2025-05-16 04:00:00,-0.02764201611435091,-0.03367560406237835,-0.025019465952324627
2025-05-19 04:00:00,-0.02657831140554845,-0.034161114746944055,-0.0253649041556977
2025-05-20 04:00:00,-0.02985113272260187,-0.038893066818634914,-0.0281941035470904
2025-05-21 04:00:00,-0.04619891801947851,-0.055180477771475056,-0.043138039660211236
2025-05-22 04:00:00,-0.04582242015086746,-0.05297639769731188,-0.041899100170105785
2025-05-23 04:00:00,-0.052335520956887205,-0.05622669582492257,-0.04480629162812921
2025-05-27 04:00:00,-0.032632904906230165,-0.03918506205222427,-0.029739209929054433
2025-05-28 04:00:00,-0.038229494845042455,-0.04417896442526126,-0.034683523402794236
2025-05-29 04:00:00,-0.034433082566476814,-0.0383767509989934,-0.030219119060376998
2025-05-30 04:00:00,-0.035513007814976016,-0.03844166362848711,-0.031168399703409788
2025-06-02 04:00:00,-0.03008013450353675,-0.03877133485496198,-0.02855731772540715
2025-06-03 04:00:00,-0.024549131964367477,-0.03615979658700108,-0.025108993952055236
2025-06-04 04:00:00,-0.024810877070776782,-0.03005636843947257,-0.020881601460652877
2025-06-05 04:00:00,-0.029523800216549878,-0.032599452951119434,-0.02305878055409838
2025-06-06 04:00:00,-0.01955804167510078,-0.03156271720202741,-0.019995553031042612
2025-06-09 04:00:00,-0.018674374882061695,-0.030630512759361683,-0.019065029495624497
2025-06-10 04:00:00,-0.013110528268723942,-0.02533606781654374,-0.01443890244652346
2025-06-11 04:00:00,-0.015925144526520496,-0.025823586977001822,-0.01363476618927928
2025-06-12 04:00:00,-0.012014180983140554,-0.01884119879703483,-0.007744442810726504
2025-06-13 04:00:00,-0.02306006627047641,-0.029204797940903804,-0.014197930316825369
2025-06-16 04:00:00,-0.013765092532134648,-0.027576213258391435,-0.01176832571728259
2025-06-17 04:00:00,-0.022192620017133957,-0.027828408110404768,-0.01112834655433026
2025-06-18 04:00:00,-0.022339914607422795,-0.027241956892218422,-0.010446224596419973
2025-06-20 04:00:00,-0.0246359773383954,-0.029331143469566,-0.01187559457516163
2025-06-23 04:00:00,-0.015001883496830515,-0.022321575787193404,-0.008713287728957964
2025-06-24 04:00:00,-0.004120420077724285,-0.01300176882537174,-0.002373207634558616
2025-06-25 04:00:00,-0.0035623730629434913,-0.012173071111100775,-0.0017980531695573898
2025-06-26 04:00:00,0.0,-0.005549198712314851,0.0
2025-06-27 04:00:00,0.0,-0.005117517910275926,0.0
2025-06-30 04:00:00,0.0,0.0,0.0
2025-07-01 04:00:00,-0.0003235926031718295,0.0,0.0
2025-07-02 04:00:00,0.0,0.0,0.0
2025-07-03 04:00:00,0.0,0.0,0.0
2025-07-07 04:00:00,-0.007452138445489531,-0.008288767680133202,-0.007424160107315059
2025-07-08 04:00:00,-0.007995666694773917,-0.009121175061653886,-0.00781841244419823
2025-07-09 04:00:00,-0.002046991978025714,-0.0014096079072967171,-0.0013124057750264484
2025-07-10 04:00:00,0.0,0.0,0.0
2025-07-11 04:00:00,-0.003515266022106389,-0.007627062435224485,-0.004942446868666961
2025-07-14 04:00:00,-0.001613836482552311,-0.0073237249022732875,-0.005269426398123556
2025-07-15 04:00:00,-0.005880257903880026,-0.012651848876278349,-0.010089670228739633
2025-07-16 04:00:00,-0.0025566551946591964,-0.010113732134849784,-0.007551426568929709
2025-07-17 04:00:00,0.0,-0.0065721497512371,-0.003176629981001655
2025-07-18 04:00:00,-0.0007323729567987325,-0.006401753579232894,-0.0029806084051016146
2025-07-21 04:00:00,0.0,-0.0017276972833260018,0.0
2025-07-22 04:00:00,0.0,0.0,0.0
2025-07-23 04:00:00,0.0,0.0,0.0
2025-07-24 04:00:00,0.0,-0.0004986593513705007,-0.00023495538519646697
2025-07-25 04:00:00,0.0,0.0,0.0
2025-07-28 04:00:00,-0.0002510907174575472,-0.002742291917541273,-0.0010569439608315578
2025-07-29 04:00:00,-0.0028880250057835566,0.0,0.0
2025-07-30 04:00:00,-0.004143767646084373,-0.0028169899045368263,-0.0025220120450587524
2025-07-31 04:00:00,-0.00787948878854905,-0.0048318828186492135,-0.005432003401159458
2025-08-01 04:00:00,-0.024140744151566418,-0.008959421524263211,-0.01256584777483738
2025-08-04 04:00:00,-0.00930779607772425,0.0,-0.00310858105880929
2025-08-05 04:00:00,-0.014330573936918611,-0.0018155348375670233,-0.006084688857547538
2025-08-06 04:00:00,-0.0067807019344104935,0.0,-0.003466220910812945
2025-08-07 04:00:00,-0.007612596506370695,-0.0011857771603103195,-0.0041572446633453275
2025-08-08 04:00:00,0.0,0.0,-0.0007930872169048531
2025-08-11 04:00:00,-0.0019774524562664597,-0.0007282173634638456,-0.001497941613867293
2025-08-12 04:00:00,0.0,0.0,0.0
2025-08-13 04:00:00,0.0,0.0,0.0
2025-08-14 04:00:00,0.0,-0.0029098354436352114,-0.001754638695415034
2025-08-15 04:00:00,-0.002341290236613225,-0.007152198363711282,-0.005610623177086604
2025-08-18 04:00:00,-0.0025582966896998682,-0.008430860757299374,-0.0065121932583172
2025-08-19 04:00:00,-0.007969657167875455,-0.009356579621108918,-0.00879140684272739
2025-08-20 04:00:00,-0.010605524146726886,-0.010067060570485453,-0.008619300998024215
2025-08-21 04:00:00,-0.014574743494565334,-0.014410531009103389,-0.011888680498047699
2025-08-22 04:00:00,0.0,-0.002409353701304906,-0.0001842283428652447
2025-08-25 04:00:00,-0.004401061026124697,-0.006189582380890624,-0.0031876545944128365
2025-08-26 04:00:00,-0.00023248591077340564,-0.003921996416003548,-0.0016194491795545884
2025-08-27 04:00:00,0.0,-0.003019489247295448,-0.0005091074134604412
2025-08-28 04:00:00,0.0,0.0,0.0
2025-08-29 04:00:00,-0.005963709384858351,-0.006421624084636424,-0.0055755220395555805
2025-09-02 04:00:00,-0.013329709676403123,-0.01379668466597006,-0.010604997551275863
2025-09-03 04:00:00,-0.007982482336800656,-0.00625949341691312,-0.005006241339016615
2025-09-04 04:00:00,0.0,0.0,0.0
2025-09-05 04:00:00,-0.002896298389375551,0.0,0.0
2025-09-08 04:00:00,-0.0004467337183338138,0.0,0.0
2025-09-09 04:00:00,0.0,-0.0008861032110157874,-4.729766000344249e-05
2025-09-10 04:00:00,0.0,0.0,0.0
2025-09-11 04:00:00,0.0,0.0,0.0
2025-09-12 04:00:00,-0.00033472834591830036,-0.0019276327368539237,-0.0009108683545511198
2025-09-15 04:00:00,0.0,0.0,0.0
2025-09-16 04:00:00,-0.0013768510142991852,0.0,0.0
2025-09-17 04:00:00,-0.0026175401568387935,-0.0017637230174930574,-0.002562707032845224
2025-09-18 04:00:00,0.0,-0.003085744681751157,-0.003296889418248461
2025-09-19 04:00:00,0.0,-0.0008832409452614876,-0.0017043668891394415
2025-09-22 04:00:00,0.0,0.0,0.0
2025-09-23 04:00:00,-0.005443520514135325,-0.000470199329787202,-0.0001359423842549612
2025-09-24 04:00:00,-0.008607845653638257,-0.003900178079512484,-0.0025195922438153717
2025-09-25 04:00:00,-0.013181566901838249,-0.006657441933703323,-0.004575750876039564
2025-09-26 04:00:00,-0.0075280093723509856,-0.0036001180026602464,-0.001378857401425515
2025-09-29 04:00:00,-0.004738776560089253,0.0,0.0
2025-09-30 04:00:00,-0.0009897810749669445,0.0,0.0
2025-10-01 04:00:00,0.0,0.0,0.0
2025-10-02 04:00:00,0.0,0.0,0.0
2025-10-03 04:00:00,-1.4818614668121732e-05,-0.0007683288732536209,-0.00026513188361021456
2025-10-06 04:00:00,0.0,-0.0017931520514974375,0.0
2025-10-07 04:00:00,-0.003707511977453004,-0.0017171520545494756,-0.00010150259261954009
2025-10-08 04:00:00,0.0,0.0,0.0
2025-10-09 04:00:00,-0.002897030241612586,-0.002051921595444317,-0.0028961706446276603
2025-10-10 04:00:00,-0.029846550615087897,-0.011789710751140325,-0.016358202140497546
2025-10-13 04:00:00,-0.014960426048517106,-0.0029099148745838077,-0.006217241076434732
2025-10-14 04:00:00,-0.01616380084547253,-0.002363709509489942,-0.0071026656857507975
2025-10-15 04:00:00,-0.011796019605041508,-0.0005847159429899218,-0.004754140555884079
2025-10-16 04:00:00,-0.018525896794786667,-0.0016700261463372668,-0.006760890540501885
2025-10-17 04:00:00,-0.012954740757400218,0.0,-0.003924544373353656
2025-10-20 04:00:00,-0.002689040658734654,0.0,0.0
2025-10-21 04:00:00,-0.0027039555216956668,0.0,0.0
2025-10-22 04:00:00,-0.007888780230676185,-0.0028584781615251798,-0.0013407056109239202
2025-10-23 04:00:00,-0.0020055943468300086,-0.002040199337580928,0.0
2025-10-24 04:00:00,0.0,0.0,0.0
2025-10-27 04:00:00,0.0,0.0,0.0
2025-10-28 04:00:00,0.0,0.0,0.0
2025-10-29 04:00:00,0.0,-0.003754390002023489,-0.0022125355343548536
2025-10-30 04:00:00,-0.010998113191920456,-0.012647120869876405,-0.010494538272977194
2025-10-31 04:00:00,-0.0077539289503256725,-0.011881371551826891,-0.008735261650317794
2025-11-03 05:00:00,-0.005891789103177891,-0.011757199131511076,-0.0076262736461045755
2025-11-04 05:00:00,-0.017675545419514327,-0.017904713269573103,-0.014709513192833978
2025-11-05 05:00:00,-0.014271329360352691,-0.020143133481489994,-0.01618292649788955
2025-11-06 05:00:00,-0.024847589063227815,-0.02292636271774362,-0.019732807099726024
2025-11-07 05:00:00,-0.023887487212816416,-0.02317652237195922,-0.019561776176687085
2025-11-10 05:00:00,-0.008655877892071673,-0.014118129667042845,-0.009377621165650107
2025-11-11 05:00:00,-0.006386489574287446,-0.010958453432184045,-0.006014441670431303
2025-11-12 05:00:00,-0.005833636194512715,-0.009924665285748424,-0.006261430457535688
2025-11-13 05:00:00,-0.022330895037383836,-0.02303424227253914,-0.019121087566169703
2025-11-14 05:00:00,-0.022490837799960528,-0.025359896696944606,-0.020682413371321373
2025-11-17 05:00:00,-0.03159777921789586,-0.02984293469470667,-0.02555729612257318
2025-11-18 05:00:00,-0.039729924712020526,-0.0348617318786868,-0.029758374584914038
2025-11-19 05:00:00,-0.03602025003613385,-0.03340492582544685,-0.029062552303249056
2025-11-20 05:00:00,-0.050713521940522366,-0.04072223068419134,-0.03772785587841976
2025-11-21 05:00:00,-0.041257484960615765,-0.033827825955596524,-0.0317395302528487
2025-11-24 05:00:00,-0.027146187417830037,-0.023093235429566206,-0.021060735272758313
2025-11-25 05:00:00,-0.017995609054648143,-0.016581544913204405,-0.015304505803750756
2025-11-26 05:00:00,-0.011216297918152374,-0.01076440404660195,-0.008866893116581953
2025-11-28 05:00:00,-0.005819120231093988,-0.00940181351461955,-0.005725076346549285
2025-12-01 05:00:00,-0.010357985921652602,-0.017048014756411933,-0.011903196973987229
2025-12-02 05:00:00,-0.008524967056332655,-0.015778483963748702,-0.0110989216977182
2025-12-03 05:00:00,-0.005091719070333456,-0.012625366677855188,-0.007736655361985978
2025-12-04 05:00:00,-0.004364317909572923,-0.014320864457672222,-0.008648349971834501
2025-12-05 05:00:00,-0.0024731461355876894,-0.015022412139299335,-0.008296599519465375
2025-12-08 05:00:00,-0.0054699356141324484,-0.018093767874413857,-0.012295461913156003
2025-12-09 05:00:00,-0.0063283366656224915,-0.018200005125268093,-0.012717833657926558
2025-12-10 05:00:00,0.0,-0.012775253299736167,-0.007043158696630192
2025-12-11 05:00:00,0.0,-0.011933483844493109,-0.006147440418269978
2025-12-12 05:00:00,-0.010751997629438903,-0.022117070903943215,-0.016249840173577
2025-12-15 05:00:00,-0.012246566781197621,-0.0227347689209354,-0.01741096514363627
2025-12-16 05:00:00,-0.014945425042640403,-0.02219006945055335,-0.01839370142124741
2025-12-17 05:00:00,-0.02578455997969098,-0.029001744683036734,-0.023968713925868412
2025-12-18 05:00:00,-0.01842798612269525,-0.022744390022013672,-0.01882926716057498
2025-12-19 05:00:00,-0.009531542372980595,-0.018889023491571955,-0.013900355972212175
2025-12-22 05:00:00,-0.003361048504302744,-0.016073397991045013,-0.009589553617037505
2025-12-23 05:00:00,0.0,-0.012744482983237493,-0.005291553948382877
2025-12-24 05:00:00,0.0,-0.008268832574040652,-0.00142856139309111
2025-12-26 05:00:00,-0.0001014040437492536,-0.009635989571371573,-0.0021673011919314256
2025-12-29 05:00:00,-0.003664690864424003,-0.010263631556192254,-0.0040980808068016294
2025-12-30 05:00:00,-0.004881362573296966,-0.011932784627926796,-0.004875937315102941
2025-12-31 05:00:00,-0.012254152659146533,-0.019473976771290702,-0.012908864241565565
2026-01-02 05:00:00,-0.01044355560946486,-0.018980538788086476,-0.012132467548363834
2026-01-05 05:00:00,-0.003853000030235587,-0.013121505756189977,-0.004867542885094389
2026-01-06 05:00:00,0.0,-0.010412417083201175,-0.001974619077715012
2026-01-07 05:00:00,-0.0032234001772446508,-0.010013361570328061,-0.003074560714062091
2026-01-08 05:00:00,-0.0033245946156972295,-0.012058356239321388,-0.0033544356413726106
2026-01-09 05:00:00,0.0,-0.00551421945496855,0.0
2026-01-12 05:00:00,0.0,-0.005753436193885797,0.0
2026-01-13 05:00:00,-0.001999473023445053,-0.006265769640842356,0.0
2026-01-14 05:00:00,-0.006904867913001711,-0.006888022126764315,-0.001121341784574681
2026-01-15 05:00:00,-0.004200447412050834,-0.0053552949505402125,-0.00036849204339550745
2026-01-16 05:00:00,-0.005034812324086868,-0.0081529959466774,-0.0027752783621920463
2026-01-20 05:00:00,-0.025289079828870298,-0.02546394299823962,-0.017496065568149533
2026-01-21 05:00:00,-0.014039860043034147,-0.01574647385735939,-0.00731770394827902
2026-01-22 05:00:00,-0.00889002951051121,-0.010948418601207321,-0.0029524028651954914
2026-01-23 05:00:00,-0.008530400058790577,-0.00965029392753558,-6.87285179316044e-05
2026-01-26 05:00:00,-0.003495587734703709,-0.004740670971144834,0.0
2026-01-27 05:00:00,0.0,-0.0048397140097471425,0.0
2026-01-28 05:00:00,-0.0001006589961060067,-0.005806605187285152,0.0
2026-01-29 05:00:00,-0.002084878614202146,-0.006899542134692349,0.0
2026-01-30 05:00:00,-0.0050612080413462435,-0.010898239419859013,-0.006905971816880241
2026-02-02 05:00:00,-0.0001150513896206462,-0.009078345023249113,-0.008412894389069336
2026-02-03 05:00:00,-0.008569441719055604,-0.013143776420164954,-0.01015212217354311
2026-02-04 05:00:00,-0.013371849952627968,-0.017012912778812228,-0.013618028971260299
2026-02-05 05:00:00,-0.02569410828064611,-0.020108066358130783,-0.019548676801687148
2026-02-06 05:00:00,-0.007002250478898131,-0.008559828407117887,-0.007029470799331916
2026-02-09 05:00:00,-0.0022142346388405176,-0.005782138224566413,-0.0032322487961433666
2026-02-10 05:00:00,-0.0048454976556195906,-0.002765852648259126,-0.001810664013147778
2026-02-11 05:00:00,-0.005075512676363969,-0.00502186195126042,-0.002587842792107553
2026-02-12 05:00:00,-0.020445974640602715,-0.008956731799671047,-0.010190443629668589
2026-02-13 05:00:00,-0.019755841819872666,-0.006360913188195982,-0.0078086907250650706
2026-02-17 05:00:00,-0.018174258186200554,-0.004734490103090128,-0.007555440125874613
2026-02-18 05:00:00,-0.013228101534475178,-0.0032323123262256725,-0.003073682066646155
2026-02-19 05:00:00,-0.01583057976422475,-0.004408795641567598,-0.003444646482827385
2026-02-20 05:00:00,-0.008713277895705973,-0.0010220165610558274,0.0
2026-02-23 05:00:00,-0.018835606219901324,-0.005667748344987955,-0.004409804290526398
2026-02-24 05:00:00,-0.011703999716364932,-0.000622195226696598,0.0
2026-02-25 05:00:00,-0.003364485259556571,0.0,0.0
2026-02-26 05:00:00,-0.008900203494403236,-0.0017310943306674265,-0.0020910766755908305
2026-02-27 05:00:00,-0.01365943454743146,-0.0021743632576659566,-0.0017718860026695316
2026-03-02 05:00:00,-0.01309865775133967,-0.005842066563941262,-0.001614973246727991
2026-03-03 05:00:00,-0.02179754325353067,-0.011898564218382313,-0.007109853855389647
2026-03-04 05:00:00,-0.014895951770738769,-0.008953173967554462,-0.002957947437987718
2026-03-05 05:00:00,-0.020388492825041182,-0.013869375526717298,-0.006051854098085618
2026-03-06 05:00:00,-0.03322835076860686,-0.02309060135476393,-0.011266325664076038
2026-03-09 04:00:00,-0.02475948028716024,-0.014554573620930267,-0.0048174434960504
2026-03-10 04:00:00,-0.026326759285814738,-0.019701475538414503,-0.007268907431858929
2026-03-11 04:00:00,-0.027548884115607075,-0.025503354515575283,-0.00995608293121597
2026-03-12 04:00:00,-0.04231547986170703,-0.03514239232745009,-0.01698649707734967
2026-03-13 04:00:00,-0.04773614670693316,-0.0403273469205051,-0.022293919656794614
2026-03-16 04:00:00,-0.03804506363719706,-0.03149551937284145,-0.015415258142530752
2026-03-17 04:00:00,-0.03551454737502102,-0.028900760361634026,-0.011483327228656526
2026-03-18 04:00:00,-0.048972663930240246,-0.03920749887715003,-0.01966810812946085
2026-03-19 04:00:00,-0.05131634235221616,-0.03828583183375578,-0.020765372324923148
2026-03-20 04:00:00,-0.0632575532860824,-0.05176882257059057,-0.03238441371984657
