date,spy,port_60_40,port_60_30_10
2006-02-07 05:00:00,-0.008846838132718249,-0.007197109568029214,-0.00961741153977198
2006-02-08 05:00:00,0.009084959836527684,0.004523495898964436,0.004329825010254962
2006-02-09 05:00:00,-0.0016584986994999662,0.0008192764278344145,0.0013058425241103898
2006-02-10 05:00:00,0.0018193269897757158,-0.0011108537642867237,-0.0023807151170237243
2006-02-13 05:00:00,-0.001816023050026816,-0.0010453758472233955,-0.0026088406415504363
2006-02-14 05:00:00,0.010600427741619622,0.004942819057392222,0.00446493830644572
2006-02-15 05:00:00,0.003522625807044877,0.003091605362708227,0.0013894963077301864
2006-02-16 05:00:00,0.007488291301100736,0.004581666817530871,0.005769733824601486
2006-02-17 05:00:00,-0.0027096913200630457,0.0015657838198051,0.002185054792998642
2006-02-21 05:00:00,-0.00248470515072452,-0.0021504747784352627,-0.0003261695123291104
2006-02-22 05:00:00,0.006070732314663374,0.0063737426999719736,0.004058610888596414
2006-02-23 05:00:00,-0.001469924010750856,-0.0018880981761793647,-0.001985904119693238
2006-02-24 05:00:00,0.0025565678853154417,0.000919737021503808,0.003790197253072003
2006-02-27 05:00:00,0.00038644862594661156,-0.00042734262079369145,-0.0022250079130783696
2006-02-28 05:00:00,-0.009501256390586299,-0.003720075813273204,-0.002866233081321478
2006-03-01 05:00:00,0.008890473615889904,0.002917078732627986,0.0033066962856062474
2006-03-02 05:00:00,-7.765533844139583e-05,-0.0028315049262928496,-0.0003280511356821168
2006-03-03 05:00:00,-0.0046378105269345715,-0.005097767692829458,-0.0035891585331972783
2006-03-06 05:00:00,-0.004582340983471989,-0.00624203317963592,-0.006960149267449434
2006-03-07 05:00:00,-0.0015604047636149643,-0.0006649606092443471,-0.002477462985343415
2006-03-08 05:00:00,0.00211013227082546,0.0011304005181445476,-0.00043811282489338867
2006-03-09 05:00:00,-0.006706438015024685,-0.0038881379271763043,-0.0029097502376876907
2006-03-10 05:00:00,0.009499361893802405,0.004209548375533155,0.004146347434874797
2006-03-13 05:00:00,0.0018665240624062829,0.0008029058481344275,0.002195043350846326
2006-03-14 05:00:00,0.01047876875753917,0.008962417057961991,0.009762331586553619
2006-03-15 05:00:00,0.0044552694865827025,0.0005111792531852454,-5.518204329539849e-05
2006-03-16 05:00:00,0.0020651086068956825,0.004862362673476062,0.004817491478031855
2006-03-17 05:00:00,0.0008351206484065177,-0.0007106006716060432,-0.0008771810639846334
2006-03-20 05:00:00,-0.0016080840926595563,-0.0003350951985236604,-0.002550824791126949
2006-03-21 05:00:00,-0.006287799900595914,-0.0058398726598216655,-0.004972825471344677
2006-03-22 05:00:00,0.006096361881984924,0.004516162975607107,0.004127042246629208
2006-03-23 05:00:00,-0.0020716201714473526,-0.002505105667987828,-0.00048499569421245293
2006-03-24 05:00:00,0.0007695019025606431,0.0034009978926246463,0.0024512744061366606
2006-03-27 05:00:00,-0.0014594499404781969,-0.0023570998650698227,-0.001383780287906744
2006-03-28 05:00:00,-0.006152821829783828,-0.007432284366658349,-0.005212914487908482
2006-03-29 05:00:00,0.006268606518008202,0.001850953157875112,0.003004767048234458
2006-03-30 05:00:00,-0.0017691214026862578,-0.0038497580201350967,-0.001935232060754521
2006-03-31 05:00:00,0.00023144416153053626,6.169141169465211e-07,-0.0006699123122776319
2006-04-03 04:00:00,-0.0007707367615998884,-0.0003329391059490483,9.41417176138826e-05
2006-04-04 04:00:00,0.006397891524859922,0.0034228202633522996,0.0029862618464879583
2006-04-05 04:00:00,0.003446732598001212,0.0026233461002366457,0.0031116181084689387
2006-04-06 04:00:00,-0.0010685569573964937,-0.0036900617791336024,-0.0011413807431068345
2006-04-07 04:00:00,-0.010162780799402471,-0.01000724300528164,-0.009478813983059586
2006-04-10 04:00:00,0.0015438203379611881,0.0016782817423016017,0.003335307321193759
2006-04-11 04:00:00,-0.008478390134236902,-0.0036794058058222216,-0.003628737570333329
2006-04-12 04:00:00,0.0018657680720983727,-0.001311348221151709,-0.0009041265218817317
2006-04-13 04:00:00,-0.0013190569174383882,-0.0036138700377621015,-0.002265438376235429
2006-04-17 04:00:00,-0.0003883797729830052,0.0012352675427297344,0.001946036817733332
2006-04-18 04:00:00,0.01585574757159769,0.010221751291066904,0.011347987499144695
2006-04-19 04:00:00,0.0019126688008757053,-0.0013025755284969966,0.0002846154207089449
2006-04-20 04:00:00,0.0013746203653639544,0.0004928381360578271,-0.0005824578025720784
2006-04-21 04:00:00,0.0001523673606447229,0.0024164475723883697,0.003944553999014433
2006-04-24 04:00:00,-0.0018297245676552887,0.0005060064614475391,-0.0018842293566486924
2006-04-25 04:00:00,-0.004125288765168156,-0.007220231323437076,-0.005721713550438211
2006-04-26 04:00:00,0.00023001010389456233,-0.0005275282539257021,-0.0007502486040102951
2006-04-27 04:00:00,0.004831971683859182,0.003422373306051929,0.0017290708862072067
2006-04-28 04:00:00,0.003357579484697837,0.0023002968245810604,0.003895532890921904
2006-05-01 04:00:00,-0.008138988192551433,-0.007889385402929449,-0.0060450149680673975
2006-05-02 04:00:00,0.00751548116858114,0.00556694430829312,0.006460847023019345
2006-05-03 04:00:00,-0.0037297100188793397,-0.0031010289619880283,-0.004679118083998013
2006-05-04 04:00:00,0.0035912783600269282,0.0014819463795859187,0.00044533012107565977
2006-05-05 04:00:00,0.008830379482063666,0.007704962224618406,0.008204777899993788
2006-05-08 04:00:00,-0.0012074826710951614,-0.00048530671766522365,-0.0008174864231917599
2006-05-09 04:00:00,0.0019647809848057918,0.0009398286415533973,0.002560264738817852
2006-05-10 04:00:00,-0.0005281656821629621,0.0004011265205337456,0.002718731638443362
2006-05-11 04:00:00,-0.012070848309603699,-0.00920076390481639,-0.007736675709770701
2006-05-12 04:00:00,-0.013058389084814936,-0.01114722196607063,-0.010653253166712095
2006-05-15 04:00:00,0.002011701564950119,0.0028044770644010345,-0.0009840908408753181
2006-05-16 04:00:00,-0.0014668569885840643,0.002108379375047198,0.001669666542637005
2006-05-17 04:00:00,-0.019024452202291875,-0.01390290969221104,-0.013434581256200949
2006-05-18 04:00:00,-0.005044866885043575,0.0024140752196053056,0.0010923137149289944
2006-05-19 04:00:00,0.007051246547664647,0.0052755488754210765,0.002821201747167856
2006-05-22 04:00:00,-0.007631621523400356,-0.0037261295726530134,-0.0031525511308372104
2006-05-23 04:00:00,-0.007610976423559346,-0.004802980887145192,-0.003182606453525738
2006-05-24 04:00:00,0.007988504377389738,0.004982148482440163,0.002398369165060343
2006-05-25 04:00:00,0.012364258783573279,0.005858459363492363,0.007983498035629743
2006-05-26 04:00:00,0.005089228040525251,0.0027688738334885605,0.0038090197931438304
2006-05-30 04:00:00,-0.0177594492147527,-0.010845737946374688,-0.011335623412552774
2006-05-31 04:00:00,0.011181335219892174,0.004332696803300572,0.003421503958706229
2006-06-01 04:00:00,0.009567773201688112,0.007526085025742191,0.005864994009192714
2006-06-02 04:00:00,0.0020975749915768116,0.006418907464519341,0.007112160732411388
2006-06-05 04:00:00,-0.014573782381359313,-0.009263063797707161,-0.009405633897579214
2006-06-06 04:00:00,-0.0024381423667309,0.0004264217113759685,-0.0009039388219374445
2006-06-07 04:00:00,-0.007491772046025025,-0.004400906829901308,-0.005093210662876791
2006-06-08 04:00:00,-0.0008738533135186355,0.00027469489899929484,-0.0009943721309172981
2006-06-09 04:00:00,-0.0031810483820843283,0.000202306001379804,-0.00016529624540915225
2006-06-12 04:00:00,-0.010849798102036234,-0.006182957561100211,-0.007463725286766132
2006-06-13 04:00:00,-0.011613639725290614,-0.006688416582998347,-0.009468728092333711
2006-06-14 04:00:00,0.007751658756703916,0.0006437125017868086,0.0016039872736051785
2006-06-15 04:00:00,0.021214682640808835,0.01042280862455618,0.012080802328920415
2006-06-16 04:00:00,-0.007287320481324522,-0.0052716734836504965,-0.004841072616289511
2006-06-19 04:00:00,-0.007861592087358926,-0.0052864803243972466,-0.006992162803534796
2006-06-20 04:00:00,0.0033959639960463583,0.0013724941650048003,0.002375593098994455
2006-06-21 04:00:00,0.007414215994749451,0.004543603373593808,0.0059721429768058165
2006-06-22 04:00:00,-0.004400131892614345,-0.00492373871422509,-0.0043937490747337216
2006-06-23 04:00:00,-0.0001600907356953396,-0.0009094606333325927,-0.0009106813205867147
2006-06-26 04:00:00,0.004419581685858098,0.0018842920061472148,0.0031831562256271822
2006-06-27 04:00:00,-0.008640770339718218,-0.003214416230863781,-0.0033419613362727805
2006-06-28 04:00:00,0.006779304220458693,0.0019638146782130932,0.0020857173767021343
2006-06-29 04:00:00,0.02019999778608028,0.013465987198480711,0.015320157141421055
2006-06-30 04:00:00,7.879472149419087e-05,0.003926960873908314,0.0033937255908105036
2006-07-03 04:00:00,0.004085550376083935,0.0020559587383849553,0.004803017300954638
2006-07-05 04:00:00,-0.005712207937438318,-0.0066213627110617065,-0.006592961173541644
2006-07-06 04:00:00,0.0029116267211397595,0.00419797395123287,0.004244896881663918
2006-07-07 04:00:00,-0.006512834061061734,-0.0013288436521554418,-0.0027060097400498193
2006-07-10 04:00:00,0.0018956508235248304,0.0015171786266163334,0.000723215704039648
2006-07-11 04:00:00,0.0044148451045831205,0.003928893817462642,0.005798943804779344
2006-07-12 04:00:00,-0.010673939354318152,-0.006309683932423815,-0.005338335481649104
2006-07-13 04:00:00,-0.016263600930794486,-0.008199221374606736,-0.008626836443385123
2006-07-14 04:00:00,-0.0038711896746826957,-0.0020870225889154216,-0.0016910730603902915
2006-07-17 04:00:00,-0.0014569273880521427,-0.0002628639818973654,-0.0026798409501429974
2006-07-18 04:00:00,0.005107574511674873,-0.00036401401048276067,-0.00012462027971050767
2006-07-19 04:00:00,0.013874024276846031,0.012114209379041573,0.011516395076707497
2006-07-20 04:00:00,-0.006842172083575182,-0.00293239391616602,-0.004270907161279725
2006-07-21 04:00:00,-0.007049804123331227,-0.004978499242197354,-0.005065220997220443
2006-07-24 04:00:00,0.01823339337712171,0.010705482726371863,0.01119568621624293
2006-07-25 04:00:00,0.003565643009325825,0.0009671580506256825,0.0004008218172033228
2006-07-26 04:00:00,0.001342240531026162,0.0022635208845829258,0.0012291674005314836
2006-07-27 04:00:00,-0.0009460515568717742,-0.001176808138172003,0.0009191671786983214
2006-07-28 04:00:00,0.010023042271843474,0.008313878226822924,0.0073886770915952416
2006-07-31 04:00:00,-0.0010159935053145608,-9.609055758954535e-05,0.0007517113372980555
2006-08-01 04:00:00,-0.004927745149406193,-0.002994048717800868,-0.002520669994949176
2006-08-02 04:00:00,0.0067601421515637306,0.005553905165319594,0.006526645761086902
2006-08-03 04:00:00,0.0026544614436501135,0.0016862184041406714,0.0007133393641851393
2006-08-04 04:00:00,-0.0017130956875698322,0.0013960384546700011,0.000675017534577138
2006-08-07 04:00:00,-0.0023402814544299932,-0.001172544682661547,0.00034345618477249506
2006-08-08 04:00:00,-0.0038308693381009506,-0.003178210234107026,-0.004356614024104377
2006-08-09 04:00:00,-0.0033750730093081716,-0.003324657617629634,-0.0028464446949991395
2006-08-10 04:00:00,0.003071208219165289,0.0012369807222785576,8.723040581792851e-05
2006-08-11 04:00:00,-0.002826036432060808,-0.0034213356814804864,-0.00395925379110521
2006-08-14 04:00:00,0.0007870574991193369,-0.00022986067203696343,-0.0009940590471111844
2006-08-15 04:00:00,0.011958418173015684,0.010552975968919576,0.009866581803080775
2006-08-16 04:00:00,0.00831820466445543,0.007689771927778333,0.005949551543128672
2006-08-17 04:00:00,0.0025441572855020578,0.001388032334711786,-0.00013298638425889324
2006-08-18 04:00:00,0.005075907669760404,0.004201183353824333,0.004439022287204231
2006-08-21 04:00:00,-0.0042847065169335785,-0.0011416756474694977,-0.0006928384651986309
2006-08-22 04:00:00,-7.748405239238476e-05,9.109649631866557e-05,-0.00010323965373127965
2006-08-23 04:00:00,-0.0027662265652591556,-0.0014759294671631061,-0.0025631334361617244
2006-08-24 04:00:00,-0.0008478291881794942,0.0002253504404860163,0.0014987305409594142
2006-08-25 04:00:00,0.0012339374473091524,0.001336228294382025,0.0011473774718346206
2006-08-28 04:00:00,0.004776005284608198,0.0032311844502333374,0.0015835341998350569
2006-08-29 04:00:00,0.0011507652946329827,0.0012395854026817864,0.000940150403232376
2006-08-30 04:00:00,0.0006124485090441834,0.001417072009517506,0.002656921743359875
2006-08-31 04:00:00,-0.00015341684219993823,0.0008635533112490991,0.0006246524571068335
2006-09-01 04:00:00,0.005970835924579809,0.0037193578942821045,0.0034851251394495625
2006-09-05 04:00:00,0.0019021590242973563,-0.0013651319163859202,-0.0008988298633000101
2006-09-06 04:00:00,-0.008809697417662132,-0.005836346397731162,-0.006220580092348848
2006-09-07 04:00:00,-0.004597298254857329,-0.001977494154681181,-0.00249557286604335
2006-09-08 04:00:00,0.002848227705685602,0.002029451916845204,0.001139599040983885
2006-09-11 04:00:00,0.0009978045943428437,0.00023203957664588162,-0.002002815987452578
2006-09-12 04:00:00,0.009814977076143983,0.00790663431634302,0.00581426400989311
2006-09-13 04:00:00,0.004024635673889998,0.00259712635074778,0.002296757669174798
2006-09-14 04:00:00,7.56790495439752e-05,-0.0008664454587323789,-0.0012344931393635681
2006-09-15 04:00:00,0.00234728203472212,0.0010886180991845238,0.0008687790893515456
2006-09-18 04:00:00,0.0013640568054906765,0.00017768251445215988,0.0015406036903412024
2006-09-19 04:00:00,-0.0024975569442157175,0.0029909033510745484,0.0003829792464066226
2006-09-20 04:00:00,0.005310693931722454,0.0037753885154137024,0.0030249547122379703
2006-09-21 04:00:00,-0.004829895896980685,0.0007657747716353085,0.0015837058748666036
2006-09-22 04:00:00,-0.003033159794381235,0.00015219338323186888,-0.001491232546335619
2006-09-25 04:00:00,0.007682494094044312,0.007419612417189914,0.006932620805633571
2006-09-26 04:00:00,0.008303274699194674,0.0032993516795938316,0.004150090504637605
2006-09-27 04:00:00,0.001197372641922101,-0.000438449958402476,0.0013497142011066553
2006-09-28 04:00:00,-0.00037368046126851073,-0.000893341424919325,7.560087162991071e-05
2006-09-29 04:00:00,-0.0008225675714610414,-0.0009846133494105125,-0.0006106785929301916
2006-10-02 04:00:00,-0.0037433211431355806,-0.0011502234766824103,-0.00250976374237718
2006-10-03 04:00:00,0.0021039723095597207,0.0007251789514290951,-0.0007867633560818435
2006-10-04 04:00:00,0.011697777335574866,0.009933917383365376,0.009934697600427755
2006-10-05 04:00:00,0.0019267095007653445,-0.0016497019304586582,-0.00039436477236676193
2006-10-06 04:00:00,-0.001257221760276761,-0.00492466401475109,-0.0035007325482246054
2006-10-09 04:00:00,0.0005923452410163677,0.0014429551207108204,0.003957062271430245
2006-10-10 04:00:00,0.0013324522476689804,-0.0023638821641088995,-0.004242440654558044
2006-10-11 04:00:00,-0.0011830589762078514,-0.0018940859070382121,-0.0029482424540939298
2006-10-12 04:00:00,0.008659901852776652,0.005424545658512425,0.006479459105867136
2006-10-13 04:00:00,0.002568291195988115,-0.0004683714084328552,0.0021913254000109797
2006-10-16 04:00:00,0.0015368994020914517,0.002712002933084756,0.0031340958302967345
2006-10-17 04:00:00,-0.003142364159553379,-0.001565729574084562,-0.0015635383783389133
2006-10-18 04:00:00,0.001319638487688124,0.001613470840266995,-0.00019163207032024698
2006-10-19 04:00:00,0.0016102066458492104,0.00023713671081497783,0.00208675021045498
2006-10-20 04:00:00,0.00021965569090087733,-0.00027874957295597196,-0.0015701473979061965
2006-10-23 04:00:00,0.004604101348600231,0.0011632502496279338,0.0017709625396979622
2006-10-24 04:00:00,0.0029823080835693627,0.0017893848501416175,0.0024947890489438016
2006-10-25 04:00:00,0.0034091049384181726,0.005210677359055138,0.006191101300724755
2006-10-26 04:00:00,0.003107908426134731,0.004459000739109343,0.0031221874455694353
2006-10-27 04:00:00,-0.006269052196236191,-0.0019075352751210637,-0.0020856531069479265
2006-10-30 05:00:00,-0.0007250001542890017,0.0006903534373653875,-0.000647888604496394
2006-10-31 05:00:00,-0.00014553280406792712,0.0030094820203079077,0.001619013870350383
2006-11-01 05:00:00,-0.006748937665752797,-0.001836586011128238,-0.0011082765400278966
2006-11-02 05:00:00,-0.0005845773940764687,-0.0019956294056509894,-0.002319088736662567
2006-11-03 05:00:00,-0.0017549175265347827,-0.005785372362097885,-0.003368717832323797
2006-11-06 05:00:00,0.011279012078896145,0.007941977928847432,0.009394885614833658
2006-11-07 05:00:00,0.0038378565091319317,0.004149302042672342,0.0034481577911749657
2006-11-08 05:00:00,0.0021647257242596307,0.002734468884646679,0.002255485920289868
2006-11-09 05:00:00,-0.005255587041334997,-0.003377217525049825,-0.0019991318763136973
2006-11-10 05:00:00,0.0004347978186194368,0.002004863744772667,-0.0005268335778227608
2006-11-13 05:00:00,0.0024594945892144615,0.0013863035816988221,0.0006816865569478358
2006-11-14 05:00:00,0.00750423896903496,0.00606113920453164,0.005956265965119956
2006-11-15 05:00:00,0.0028652650194298523,0.00021123830796159209,0.0013590210416778105
2006-11-16 05:00:00,0.002570840932831331,-0.0002829179948302231,-0.0023225408648523075
2006-11-17 05:00:00,0.0002851928922997793,0.002452042483629313,0.003120443017434882
2006-11-20 05:00:00,0.0005697569114886392,0.0009648763554038987,0.0004420803978254506
2006-11-21 05:00:00,0.0009960408444313895,0.0015741438010018261,0.0022714747488826958
2006-11-22 05:00:00,0.0019912632693663834,0.0018590921900039081,0.0020579750207406766
2006-11-24 05:00:00,-0.00404484334933497,-0.0017194577878292259,-0.0005225727329296157
2006-11-27 05:00:00,-0.013751502363781198,-0.006794334805194623,-0.006879479738148951
2006-11-28 05:00:00,0.004334446743158082,0.003436512401099279,0.0035057622440733734
2006-11-29 05:00:00,0.010430333884339005,0.0053362666274948895,0.0068350987797023526
2006-11-30 05:00:00,0.0004273210149499107,0.002895642656798536,0.003136002410665228
2006-12-01 05:00:00,-0.002205963368895114,-0.0003056759387248585,-0.0005989280454872679
2006-12-04 05:00:00,0.007630940155017196,0.005278758539228346,0.0046380423391575
2006-12-05 05:00:00,0.004316988916834852,0.0007119285626377091,0.0014933922239155795
2006-12-06 05:00:00,-0.0008454142964524625,-0.001297255032724376,-0.0024211867459112413
2006-12-07 05:00:00,-0.0043729524513477225,-0.002931522891122129,-0.0032090391846146815
2006-12-08 05:00:00,0.0018416936562717368,-0.0017993666996117597,-0.001863773045455508
2006-12-11 05:00:00,0.0028990870341065733,0.0034682715714407395,0.0031954230587527776
2006-12-12 05:00:00,-0.0007753584051528595,0.00037329196466058263,4.562428017051978e-06
2006-12-13 05:00:00,0.001058148342804044,-0.0029323562917041635,-0.002000708282429164
2006-12-14 05:00:00,0.008811197148026917,0.003820122356405564,0.005341680563652773
2006-12-15 05:00:00,9.095702650263604e-05,0.0002775453612986922,0.0006942440717507604
2006-12-18 05:00:00,-0.0027397454517427144,-0.0015098486212304029,-0.0033096924041620458
2006-12-19 05:00:00,0.0019023281943844061,0.000606477722176013,0.0019253161850217417
2006-12-20 05:00:00,-0.000562404549166895,-0.0003820815989581172,-0.00016898301810792655
2006-12-21 05:00:00,-0.0036587936363587925,-0.0001871381924035461,-0.0016968321511208195
2006-12-22 05:00:00,-0.006143165156007657,-0.006749675173149616,-0.005210122191198829
2006-12-26 05:00:00,0.0058970362013677224,0.004746469596987435,0.00290906723469706
2006-12-27 05:00:00,0.006568744566859408,0.0009998526374554117,0.0014479566301188076
2006-12-28 05:00:00,-0.0021047828872516883,-0.0021644901908912883,-0.0011983395391833348
2006-12-29 05:00:00,-0.00414923606503137,-0.0028060309342797796,-0.0023184113846712595
2007-01-03 05:00:00,-0.0017655450835024622,0.001790113283608341,-0.0020955565229079823
2007-01-04 05:00:00,0.0021225241088633773,0.0036990553032847373,0.0004876289393369593
2007-01-05 05:00:00,-0.007976309208882038,-0.006526713494870152,-0.006436611068415543
2007-01-08 05:00:00,0.004625213548309359,0.003492350027952318,0.0038325216399179188
2007-01-09 05:00:00,-0.0008500300315763543,-0.0005100180189458126,-0.001371345541861546
2007-01-10 05:00:00,0.0033316295192897805,0.00020879209782780333,-0.0008206521511946231
2007-01-11 05:00:00,0.004380553556058375,0.000290389346852926,0.0007426266468479881
2007-01-12 05:00:00,0.007596619873983856,0.0027037046585065556,0.0055072237726479945
2007-01-16 05:00:00,-0.00195481649694218,-0.0003094930586277965,-0.0028117927163924025
2007-01-17 05:00:00,0.0004202085072184669,-0.0009716931343382029,0.00021724390337015678
2007-01-18 05:00:00,-0.0033563865350606514,-0.000786257863564965,-0.0021434522317686053
2007-01-19 05:00:00,0.0019644159345466594,9.055358225560349e-05,0.0018663302592158318
2007-01-22 05:00:00,-0.0030806483904018966,-0.0008939200983355321,-0.001045405590550974
2007-01-23 05:00:00,0.00294985835268724,-0.0008600708694666006,0.002975481832466054
2007-01-24 05:00:00,0.00805285906018649,0.0047861071749607745,0.003953636205570621
2007-01-25 05:00:00,-0.011739947550240104,-0.009920739551274437,-0.01009515289698879
2007-01-26 05:00:00,-0.0009137363196037862,-0.000870071413336837,0.00045555896540641085
2007-01-29 05:00:00,-0.0005630660722725223,-0.001212366767274431,-0.003029374488030867
2007-01-30 05:00:00,0.0052097103598740535,0.003587216158704054,0.006242436856791267
2007-01-31 05:00:00,0.006722749488496271,0.007396947997577952,0.007609189737412424
2007-02-01 05:00:00,0.005982992954897126,0.0031085056996289053,0.0028536792640572847
2007-02-02 05:00:00,0.0013827363487146638,0.0013342983386769535,0.0025051950742293718
2007-02-05 05:00:00,0.00027651010674412113,0.0007163895244094664,0.0002483417903684115
2007-02-06 05:00:00,0.0002758343558506571,0.0023644082991828965,0.0013173589868216815
2007-02-07 05:00:00,0.002208462933614319,0.0025095259488677525,0.0010055803152767882
2007-02-08 05:00:00,-0.001308198524842874,-0.00046673147171349955,0.0017724331742260402
2007-02-09 05:00:00,-0.0074472538873285865,-0.006737775474485574,-0.005552362180025316
2007-02-12 05:00:00,-0.0034041406653796402,-0.002955684600719821,-0.004611086938121367
2007-02-13 05:00:00,0.00843506821286888,0.0041922176444662,0.006245821791437722
2007-02-14 05:00:00,0.006566834302484503,0.007745304156127508,0.005441538704015681
2007-02-15 05:00:00,0.0013056480306774532,0.001964612376747077,0.0016693064871619256
2007-02-16 05:00:00,-0.0004805694252756343,0.0011152558971080585,0.002509275321458748
2007-02-20 05:00:00,0.002126631841829152,0.0021783704841717546,0.0008502747200357485
2007-02-21 05:00:00,-0.00041038034151108516,-0.0009213201993581112,0.0013944376723517226
2007-02-22 05:00:00,-0.0007538250245824329,-0.002617079475473183,-0.0007015870180739677
2007-02-23 05:00:00,-0.003907061611596485,0.0005122399294188677,0.00043607817769804064
2007-02-26 05:00:00,-0.0008950668040222931,0.002119550704563733,0.0017327465059483016
2007-02-27 05:00:00,-0.039057332380431076,-0.018380331358043244,-0.021540328734522926
2007-02-28 05:00:00,0.01025081355817492,0.004340050254029392,0.006323053181303162
2007-03-01 05:00:00,-0.0029802858089933437,-0.0020422240256657174,-0.0026926993104338438
2007-03-02 05:00:00,-0.013095353110083585,-0.005851606693294742,-0.00727191953134898
2007-03-05 05:00:00,-0.009518844560857054,-0.0050461272646664885,-0.006704346337212341
2007-03-06 05:00:00,0.017109160390379463,0.00907011847889394,0.010310423701730098
2007-03-07 05:00:00,-0.0010014767762716037,0.0009530236036872976,0.0019433103610832394
2007-03-08 05:00:00,0.008455112103596063,0.004719491935960462,0.00496786903929588
2007-03-09 05:00:00,0.0002838894582870566,-0.004035718385824527,-0.004302083444277538
2007-03-12 04:00:00,0.0014918080437542613,0.002461243962362314,0.0011389020494620315
2007-03-13 04:00:00,-0.019433885022966058,-0.009253806442381985,-0.010631584232876691
2007-03-14 04:00:00,0.007450097018367741,0.0026536759842168854,0.00331361782283085
2007-03-15 04:00:00,0.0013644415302562773,0.0007741861197524625,0.00016903554306402224
2007-03-16 04:00:00,-0.0028001678389014684,-0.0017692512537395232,-0.0014989288708883164
2007-03-19 04:00:00,0.012054714702432578,0.00638714408483767,0.007093417063306639
2007-03-20 04:00:00,0.005491964807883054,0.0035182102783174684,0.0035855489699287094
2007-03-21 04:00:00,0.016457362025468658,0.01005291406094546,0.010172216781159291
2007-03-22 04:00:00,-0.0007673567219860233,-0.0036251812743220537,-0.0011973164737608564
2007-03-23 04:00:00,0.0014669708859158526,-0.00024277113283126554,7.821363594413548e-05
2007-03-26 04:00:00,-0.0013252972270367813,-0.00029965804532086074,1.911651315231747e-05
2007-03-27 04:00:00,-0.0023744655773063617,-0.0020995247611361734,-0.0016503492608784917
2007-03-28 04:00:00,-0.007279637163600139,-0.005179088934376486,-0.004017419266959477
2007-03-29 04:00:00,0.0010577539445899564,9.273361215478282e-05,0.002167266452631389
2007-03-30 04:00:00,0.00021141861510076687,-0.0006418233301025646,-0.0019248155410733993
2007-04-02 04:00:00,0.0011264395900243418,0.0013397632668055604,0.00018877798313825527
2007-04-03 04:00:00,0.010762618707981009,0.00595818479876593,0.005685100176669444
2007-04-04 04:00:00,0.0011137178430520311,0.0010773980856068287,0.0020937595445505554
2007-04-05 04:00:00,0.0027105683312298456,0.00012777979366109774,0.0006999614336333448
2007-04-09 04:00:00,0.0013866521115029062,-0.0018115679042351122,-0.0021758956799894256
2007-04-10 04:00:00,0.0011776021081748578,0.0018990394169601911,0.002995334399060856
2007-04-11 04:00:00,-0.004080247940592585,-0.002722424344291152,-0.0028110376342928007
2007-04-12 04:00:00,0.00444413824716916,0.002757845804938519,0.0033253338797189394
2007-04-13 04:00:00,0.004562326844969711,0.0015015283068554371,0.002358228588162281
2007-04-16 04:00:00,0.00949570777942954,0.007901569244641138,0.006572322059217739
2007-04-17 04:00:00,0.0026585735534263577,0.0038327399327902963,0.0022537245511941913
2007-04-18 04:00:00,0.0012239160964953033,0.002732306609997215,0.002272444517655603
2007-04-19 04:00:00,-0.00027140423877936026,-0.0008409058200190557,-0.0009486236391823
2007-04-20 04:00:00,0.009440648305127697,0.0046234973183392645,0.006273714054783641
2007-04-23 04:00:00,-0.0037676908455737124,-0.0008085824441928843,-0.0005057008331870613
2007-04-24 04:00:00,0.00040515310955013817,0.001735355996820953,4.2064198753051854e-07
2007-04-25 04:00:00,0.009181940408236278,0.0041127687977859035,0.006434256622719514
2007-04-26 04:00:00,0.001136884165148011,-0.0022111136866732385,-0.0021841411329277527
2007-04-27 04:00:00,-0.000801552663411198,-0.0005716709025943123,-4.254486477865964e-05
2007-04-30 04:00:00,-0.008292656129264997,-0.0007859888578914502,-0.0027248585244877502
2007-05-01 04:00:00,0.0025627915265560297,0.001827447794051018,0.001950546447585233
2007-05-02 04:00:00,0.00585163205783279,0.003284871478559248,0.002560748239070987
2007-05-03 04:00:00,0.005416590925271247,0.002345196651303194,0.0030434707300024174
2007-05-04 04:00:00,0.003790833848295927,0.003906497421797318,0.0033027173970638034
2007-05-07 04:00:00,0.00019902417280714957,0.001202592224366139,0.00046101885908161883
2007-05-08 04:00:00,-0.0013251556092991335,-0.0016951965148452209,-0.0021008450562362557
2007-05-09 04:00:00,0.002719790068399952,5.231956813567251e-05,-6.845529207700747e-05
2007-05-10 04:00:00,-0.010452378184174882,-0.005319721101696051,-0.005956372144592714
2007-05-11 04:00:00,0.00855724273319014,0.003733349521924767,0.005564791033867744
2007-05-14 04:00:00,-0.0021874137341439948,-0.0023558779787277383,-0.002450052410324721
2007-05-15 04:00:00,0.00026581368858646925,2.317937600704309e-05,0.001046955549611517
2007-05-16 04:00:00,0.00684062236419436,0.003831291356072253,0.0029195619563771925
2007-05-17 04:00:00,-0.00197874739457915,-0.0028260548116627593,-0.0015850094348135004
2007-05-18 04:00:00,0.00872399352178066,0.002583373341217276,0.0030890886950422636
2007-05-21 04:00:00,-0.0005240640287266229,0.0008817264533152125,0.0015657773079686523
2007-05-22 04:00:00,-0.0007864373671615521,-0.0025363630413281603,-0.003461045988900113
2007-05-23 04:00:00,0.0001308333131824213,-0.0010743149918445829,-0.00031199347682396843
2007-05-24 04:00:00,-0.00905255180924125,-0.0050616634785107355,-0.005704645318088008
2007-05-25 04:00:00,0.004170338713643806,0.001578184067105681,0.0030349599984759723
2007-05-29 04:00:00,0.0036258846853667315,0.002129426143540014,-4.655763704102282e-05
2007-05-30 04:00:00,0.008144829468831105,0.005720533384860005,0.00647059402887149
2007-05-31 04:00:00,-0.0010421143639880448,-0.0013648593273533293,-0.0002701559478540893
2007-06-01 04:00:00,0.004956652291804087,0.0008727698060827294,0.0021428931774379436
2007-06-04 04:00:00,0.0001300551576970399,0.0019005422146870289,0.002339852149347932
2007-06-05 04:00:00,-0.003958451167342281,-0.004886978098494543,-0.004644664463722348
2007-06-06 04:00:00,-0.010750228841016951,-0.0066376107140789335,-0.006629464359406789
2007-06-07 04:00:00,-0.018044888741966636,-0.017993407326566447,-0.01569828060218945
2007-06-08 04:00:00,0.01301118650616595,0.007472976540584586,0.005783770414145184
2007-06-11 04:00:00,0.001721740537994565,-0.00011258114147114648,0.0020961241743328806
2007-06-12 04:00:00,-0.010905831290405343,-0.012335547567970596,-0.011156943045072254
2007-06-13 04:00:00,0.014968190680841653,0.013740796376917386,0.013824443248892758
2007-06-14 04:00:00,0.006386310214737678,0.0028238967214258004,0.004028632137178867
2007-06-15 04:00:00,0.005689964899002531,0.006156780426905461,0.0060750716120909765
2007-06-18 04:00:00,-0.001176045513038737,-0.001518143905558622,-0.0013150147561247771
2007-06-19 04:00:00,0.0024851541865538174,0.005227200146942668,0.0033175464167930937
2007-06-20 04:00:00,-0.013896687796449703,-0.011564557541320797,-0.01064421148541892
2007-06-21 04:00:00,0.005557488008014921,0.0014205436737191766,0.0014448237600021895
2007-06-22 04:00:00,-0.00940906766650118,-0.0030495074272127937,-0.003926643940125762
2007-06-25 04:00:00,-0.004782638843714326,-0.0006728883990391172,-0.0016031422921084393
2007-06-26 04:00:00,-0.01027817359341232,-0.006072002702820578,-0.007243404781497309
2007-06-27 04:00:00,0.01422896823723585,0.008917025450446214,0.008667322638292795
2007-06-28 04:00:00,-0.00013323799160402938,-0.00017434592865772647,-0.0004608357748570491
2007-06-29 04:00:00,0.00033328249767361484,0.0043274795130131775,0.0032178541924673615
2007-07-02 04:00:00,0.009040271608068418,0.007527194980570907,0.0076240039820217875
2007-07-03 04:00:00,0.0036230468604596666,-0.00026498233347092056,0.0004607333312741546
2007-07-05 04:00:00,-0.0010498577524340469,-0.00511275599968366,-0.0030650530016674616
2007-07-06 04:00:00,0.00525671498452307,0.001531507862575898,0.002779079704267584
2007-07-09 04:00:00,0.0007849608314534073,0.001908576807971496,0.0013214742442396732
2007-07-10 04:00:00,-0.014239611187497725,-0.0017641275511576671,-0.002736335342688822
2007-07-11 04:00:00,0.007089553542605431,0.00012230500326566515,0.001381755274851126
2007-07-12 04:00:00,0.01579114176807761,0.008099164263797842,0.008706802920200462
2007-07-13 04:00:00,0.002979629774465531,0.002882503623181121,0.0027591347272133415
2007-07-16 04:00:00,-0.00012968701990700993,0.0037674065387018453,0.001042500948721003
2007-07-17 04:00:00,-0.0005168691105437162,-0.0011564008459890919,-0.0015559835049319347
2007-07-18 04:00:00,-0.001808864688784495,0.0004223535314266116,0.0011983961017537404
2007-07-19 04:00:00,0.0038841580347206417,0.0022366746017669303,0.0026020682160906696
2007-07-20 04:00:00,-0.01012407240651192,-0.002459044726581405,-0.0034007571205823426
2007-07-23 04:00:00,0.003061267128877443,0.0011855288971924336,0.0008937942798045494
2007-07-24 04:00:00,-0.017340533404218483,-0.008913112014227575,-0.01004694995380928
2007-07-25 04:00:00,0.002048564493327021,0.0020186278920967917,0.00270315311077749
2007-07-26 04:00:00,-0.02367920326106443,-0.01087066200831437,-0.01276909819430898
2007-07-27 04:00:00,-0.019659228407821305,-0.010646688903052426,-0.00997347859586346
2007-07-30 04:00:00,0.015643022085732428,0.00824025529013652,0.00738507300945862
2007-07-31 04:00:00,-0.01126360028911133,-0.003862547705826635,-0.0037781102850711346
2007-08-01 04:00:00,0.004872405213243836,0.002057339295773452,0.0021211153018564576
2007-08-02 04:00:00,0.007990458399440348,0.0058046012335155606,0.00570500331944097
2007-08-03 04:00:00,-0.025745357832569704,-0.012791214618231937,-0.014562519529525897
2007-08-06 04:00:00,0.016759058651765857,0.007143609551802931,0.006481622755131898
2007-08-07 04:00:00,0.010670001359521786,0.00608156107018174,0.006709814799670344
2007-08-08 04:00:00,0.013940231969165495,0.0035027023759674134,0.004562305459679527
2007-08-09 04:00:00,-0.029633689809227426,-0.017222698552303517,-0.018142109501348567
2007-08-10 04:00:00,-0.004676276965816184,-0.003733124633653251,-0.003147518402137106
2007-08-13 04:00:00,0.0035929610626455055,0.0033176293637298127,0.0023221179403810407
2007-08-14 04:00:00,-0.01528603694380637,-0.008106000418687564,-0.00805682917985735
2007-08-15 04:00:00,-0.013775251115189513,-0.009698107304187764,-0.008592707088701702
2007-08-16 04:00:00,0.0075157528182927535,0.008636812177022345,0.005887550829085542
2007-08-17 04:00:00,0.018367557144663982,0.009414280557862753,0.009736419502396731
2007-08-20 04:00:00,-0.00048429711955511046,-6.007758446995303e-05,0.00016052258271739283
2007-08-21 04:00:00,0.002005092494452576,0.0031378549575250326,0.002495611625823413
2007-08-22 04:00:00,0.011867620098038767,0.006478887307229852,0.006877496672645111
2007-08-23 04:00:00,-0.0008863582074546406,0.0008452700012971051,0.0008178438570026092
2007-08-24 04:00:00,0.0123529624773413,0.009379194469940354,0.010071689319259326
2007-08-27 04:00:00,-0.009303365986473189,-0.0034873737487716382,-0.003893990229697231
2007-08-28 04:00:00,-0.021979914051280525,-0.012508744751766155,-0.013730755582314513
2007-08-29 04:00:00,0.0196213982943918,0.010687711930778665,0.011904241448879482
2007-08-30 04:00:00,-0.0026615839453926204,0.0010780828366266486,0.0006044086648328005
2007-08-31 04:00:00,0.00985295602303582,0.006227213539373632,0.006187292587403315
2007-09-04 04:00:00,0.010095675982841001,0.006247373995652161,0.007328710771912683
2007-09-05 04:00:00,-0.008652832856711146,-0.0019848573207471567,-0.002594084794559914
2007-09-06 04:00:00,0.002300021554737297,0.0003493310890804401,0.00022281998225555085
2007-09-07 04:00:00,-0.013906429532263953,-0.002683453108126431,-0.003442936758274672
2007-09-10 04:00:00,-0.0019166477069778587,0.0019504353396743394,0.0018649799291674542
2007-09-11 04:00:00,0.01166060194105678,0.006688676942570559,0.006993906990613696
2007-09-12 04:00:00,0.0025760685970932506,5.014656665394126e-05,0.001487047108519668
2007-09-13 04:00:00,0.007032870962454751,0.0006431587495247188,0.000785992839433069
2007-09-14 04:00:00,-6.685197794042974e-05,0.0005391522131224625,0.0004700242294124912
2007-09-17 04:00:00,-0.005372367283446922,-0.001310532747894877,-0.000616280150017845
2007-09-18 04:00:00,0.029439985396711554,0.014653231629522966,0.015779744954885086
2007-09-19 04:00:00,0.005902551499264108,-0.0001610341876284952,0.001621213685981393
2007-09-20 04:00:00,-0.007042439337337725,-0.011790779973242382,-0.008348483595366494
2007-09-21 04:00:00,0.0026991425035154393,0.0050159473711178576,0.004857734989048357
2007-09-24 04:00:00,-0.0018431236088910508,3.1807181305221286e-05,-0.0004331839851129394
2007-09-25 04:00:00,-0.001977443278256885,-0.002593112006986997,-0.002965040408318542
2007-09-26 04:00:00,0.005284243345186512,0.0035347586869999056,0.0035894800080923826
2007-09-27 04:00:00,0.005913965137390953,0.006324014484228702,0.008250192820751368
2007-09-28 04:00:00,-0.003331483636338728,-0.0010954406727671005,-0.0016404457226984136
2007-10-01 04:00:00,0.01127252187743255,0.009049421555882774,0.007446280223285173
2007-10-02 04:00:00,-0.0013609488281157711,0.0004436678969587549,-0.0018843324907736104
2007-10-03 04:00:00,-0.002011916484785714,-0.002373895820847083,-0.0019721544004788647
2007-10-04 04:00:00,0.0015612067360490922,0.0024670845477306803,0.003476933753584888
2007-10-05 04:00:00,0.011881211943009395,0.0028254165628156525,0.0041903697788967294
2007-10-08 04:00:00,-0.00532608023312553,-0.003512909186022006,-0.005523673127361994
2007-10-09 04:00:00,0.009418967767032882,0.0051526306743079784,0.005976604121900908
2007-10-10 04:00:00,-0.0016619980584468008,-0.00077020300880124,0.00034264535387031904
2007-10-11 04:00:00,-0.004800666344775606,-0.0032886273339899352,-0.002066628565250428
2007-10-12 04:00:00,0.005531661649428754,0.0013657286475720729,0.002318501255752869
2007-10-15 04:00:00,-0.008444173299798408,-0.00497519431203397,-0.003291046207609138
2007-10-16 04:00:00,-0.007934880235693553,-0.004624268947157306,-0.004553535235748884
2007-10-17 04:00:00,0.0030566608550361973,0.00621378540893196,0.004594911648686029
2007-10-18 04:00:00,-0.0036307194768708806,3.307461725603504e-05,0.001270912245845346
2007-10-19 04:00:00,-0.026156916548848996,-0.009725688280917865,-0.011493756412387424
2007-10-22 04:00:00,0.005812798863762181,0.0035316403292661837,0.003243925627731015
2007-10-23 04:00:00,0.008104463570506315,0.004332165399362919,0.003771087177465593
2007-10-24 04:00:00,-0.0018445458746266796,0.0018597649176071986,0.0014674097592652035
2007-10-25 04:00:00,0.002376234459281701,6.35049281771491e-05,0.002736120652319141
2007-10-26 04:00:00,0.011722995813689518,0.006107541169778807,0.007869719450481349
2007-10-29 04:00:00,0.003319502074688785,0.0035389170732228695,0.004793657794463013
2007-10-30 04:00:00,-0.0069422756203508795,-0.004385607494596067,-0.006571802976389762
2007-10-31 04:00:00,0.010388658286412333,0.0026205217363588487,0.006355776077899588
2007-11-01 04:00:00,-0.023407765247326684,-0.008847262236745545,-0.011425287705047572
2007-11-02 04:00:00,0.0011254522926027466,0.00195341552349384,0.003792625323362331
2007-11-05 05:00:00,-0.007605494992978912,-0.004738831924545606,-0.005345151640033774
2007-11-06 05:00:00,0.013462283469912295,0.006143506510770624,0.00924477670959839
2007-11-07 05:00:00,-0.02735601446115421,-0.015706985203982348,-0.016393844275032744
2007-11-08 05:00:00,-0.005070958954662919,-0.00374795275496953,-0.0038280219854212255
2007-11-09 05:00:00,-0.013726303978133791,-0.004834852497150455,-0.0057172171761810785
2007-11-12 05:00:00,-0.009921609396629005,-0.004507757990846972,-0.007054850396108824
2007-11-13 05:00:00,0.030479925097167238,0.01680414587257264,0.01526907898517955
2007-11-14 05:00:00,-0.0027685244077391147,-0.0012228664386211285,0.0009121430369892769
2007-11-15 05:00:00,-0.01442419528958172,-0.004891614158556589,-0.006815326077649096
2007-11-16 05:00:00,0.0017178211748229977,0.0015939323348487912,0.0017840373301717173
2007-11-19 05:00:00,-0.01392398534645245,-0.005757269065003467,-0.005647978086506766
2007-11-20 05:00:00,0.006121127299539397,0.003242734033680916,0.005837954061781225
2007-11-21 05:00:00,-0.020464488639940104,-0.009953579701797997,-0.010407101706047682
2007-11-23 05:00:00,0.01729247962247471,0.01157362286722594,0.012199116591196723
2007-11-26 05:00:00,-0.022063067231493427,-0.005342923138356957,-0.008549265069733625
2007-11-27 05:00:00,0.011493081527864435,0.0030875142089580527,0.003239604378790816
2007-11-28 05:00:00,0.031984589360783744,0.016486966671333644,0.015937102440014072
2007-11-29 05:00:00,0.00033954549680337287,0.0036494444513348605,0.003016628804740029
2007-11-30 05:00:00,0.01005583933188725,0.004093130550688162,0.00334003857206584
2007-12-03 05:00:00,-0.006592262311127195,-0.0007812431221666297,-0.000848940874281156
2007-12-04 05:00:00,-0.008938480871674148,-0.005405044082234811,-0.004935987758168759
2007-12-05 05:00:00,0.016739685172461938,0.005272779232065704,0.005715622422727596
2007-12-06 05:00:00,0.014313622785362412,0.005084462660438804,0.007767225590505744
2007-12-07 05:00:00,-0.00019898229497550268,-0.004602655389782928,-0.0038045315634686718
2007-12-10 05:00:00,0.007752768810514787,0.0022538867898146183,0.002788587504716011
2007-12-11 05:00:00,-0.02741924464700629,-0.00860088755695294,-0.009688926421977162
2007-12-12 05:00:00,0.009870497336921025,0.001792946637432102,0.005554888716404494
2007-12-13 05:00:00,-0.0020750616272579014,-0.005591222255200035,-0.005567510927564745
2007-12-14 05:00:00,-0.012679762731051869,-0.009453629265678188,-0.009687272165039883
2007-12-17 05:00:00,-0.014268904856039044,-0.0049860563568244086,-0.006368957577332712
2007-12-18 05:00:00,0.005583339720073299,0.005931964285071834,0.004860510943411556
2007-12-19 05:00:00,0.0,0.005303650601496468,0.0049320093996454645
2007-12-20 05:00:00,0.00630656263296836,0.002925865829613139,0.0027166494464603286
2007-12-21 05:00:00,0.014415262649290161,0.002801805557340176,0.005442042323614472
2007-12-24 05:00:00,0.007425791713300045,0.0025792241200579095,0.0037923797546723925
2007-12-26 05:00:00,0.0021448666389309867,-0.0022203407480512194,-0.0001553310492074186
2007-12-27 05:00:00,-0.012571352033764471,-0.0031822586727047854,-0.0039233001257172224
2007-12-28 05:00:00,-0.002505630037487383,0.004734139210122402,0.0028584980506649593
2007-12-31 05:00:00,-0.00740014673565248,-0.0020181997190157337,-0.002496767157597079
2008-01-02 05:00:00,-0.008754346402692459,0.0005086117320304067,0.0018249608517211463
2008-01-03 05:00:00,-0.0004827816338309754,-0.0008406235881997182,6.800751914430862e-05
2008-01-04 05:00:00,-0.0245066584994722,-0.014619081517642617,-0.015221701470444193
2008-01-07 05:00:00,-0.0008486980785991083,0.0012303851343471897,-0.0010204658777564378
2008-01-08 05:00:00,-0.016148318092314873,-0.010153449094866106,-0.009128255577107934
2008-01-09 05:00:00,0.010509975782790892,0.007066952382665903,0.005882625814103315
2008-01-10 05:00:00,0.006554051684602102,-0.001471247969064394,-0.0005909925269069975
2008-01-11 05:00:00,-0.0080688242451884,-0.0017170991942330842,-0.001583903130672248
2008-01-14 05:00:00,0.008062845446936917,0.006324007757303951,0.0072020386162432
2008-01-15 05:00:00,-0.022012617035637616,-0.008723104446457741,-0.011078404439956457
2008-01-16 05:00:00,-0.00861276163123803,-0.008054455446482112,-0.008269960315465808
2008-01-17 05:00:00,-0.025916136212383756,-0.010366720162657894,-0.012955426567819572
2008-01-18 05:00:00,-0.010267433176042506,-0.008905646644396836,-0.00783596740154574
2008-01-22 05:00:00,-0.010146991680430206,-0.0018158014505963655,-0.0032339892295025876
2008-01-23 05:00:00,0.02402079626080722,0.013500629070267944,0.011844202232964108
2008-01-24 05:00:00,0.008441710552572035,-0.0029522475984846254,0.001526020786314886
2008-01-25 05:00:00,-0.014445630318972169,-0.0019274705054343581,-0.0013887975886931248
2008-01-28 05:00:00,0.016536196289636873,0.008421287506570029,0.009262525322795045
2008-01-29 05:00:00,0.004954712712537113,0.00025254117069164464,0.001767755803876703
2008-01-30 05:00:00,-0.0073585026359658245,-0.007027236731627418,-0.0072331129847011295
2008-01-31 05:00:00,0.01823488752796565,0.0137822525327294,0.013566976316030988
2008-02-01 05:00:00,0.016087946822130217,0.012057199653541061,0.009701162896330549
2008-02-04 05:00:00,-0.012609174964058112,-0.011681796467958548,-0.00889777268350156
2008-02-05 05:00:00,-0.026774243574739676,-0.013008462124064368,-0.014604032282846614
2008-02-06 05:00:00,-0.008051925562345574,-0.006053204726403405,-0.006213533120776038
2008-02-07 05:00:00,0.006613933087571411,-0.004649795637721476,-0.0012784136730194075
2008-02-08 05:00:00,-0.006421073257100618,0.0007241937235228152,0.002570133557934895
2008-02-11 05:00:00,0.005109572158704667,0.004730638694668388,0.004972902533127122
2008-02-12 05:00:00,0.009271560318993233,0.003181801004753248,0.0017550770094748032
2008-02-13 05:00:00,0.010223208387130533,0.0019002899410930137,0.0037781204130411085
2008-02-14 05:00:00,-0.00879973004202117,-0.01115842926339028,-0.00767192923693163
2008-02-15 05:00:00,-0.00022212761523143776,0.0029378334407719198,0.0016979429535879387
2008-02-19 05:00:00,0.0028116660725916454,-0.00236193749829412,0.0019114861149408856
2008-02-20 05:00:00,0.0029515116659832863,0.0045417421486614986,0.004365830400109138
2008-02-21 05:00:00,-0.008313614416672,-0.0007513349104597104,-0.002353241928614924
2008-02-22 05:00:00,0.006157825978593712,0.0014035975905471341,0.003354895441026384
2008-02-25 05:00:00,0.012608660537911653,0.003479564981769245,0.005464131122446092
2008-02-26 05:00:00,0.0074999672204230095,0.004631471406132626,0.006731039753975843
2008-02-27 05:00:00,-0.0010112591524074066,-0.0002556031493824217,-0.00048074403958779926
2008-02-28 05:00:00,-0.009767234304085215,0.0012458489581873575,0.00043215667111817834
2008-02-29 05:00:00,-0.02228375133271554,-0.007249803928547726,-0.010414788334592895
2008-03-03 05:00:00,-0.002391538776097768,-0.0024664618282009606,-0.0007404507611310171
2008-03-04 05:00:00,-0.0038197368340191495,-0.006178903447989636,-0.005562030609517144
2008-03-05 05:00:00,0.006315596013042768,-0.0009987197848053695,0.0023900930281350987
2008-03-06 05:00:00,-0.020697609968417963,-0.010279413977538308,-0.01006353149335528
2008-03-07 05:00:00,-0.010300346631975876,-0.005658976920304259,-0.00680046639533286
2008-03-10 04:00:00,-0.01318404958520869,-0.0020121279466001063,-0.0016049760952611346
2008-03-11 04:00:00,0.03593780005428915,0.01814355011745188,0.020555054402212915
2008-03-12 04:00:00,-0.009351003777524292,0.0021053778634784644,0.0012675638492387843
2008-03-13 04:00:00,0.0022075117856033,-0.0018051928815675745,-0.0009199597758286272
2008-03-14 04:00:00,-0.015495431420563976,-0.004352256355098348,-0.005716885143118166
2008-03-17 04:00:00,-0.01010747032755055,-0.0029909104532018114,-0.007769585665626832
2008-03-18 04:00:00,0.04154343429377483,0.023380242324804845,0.025989519736257828
2008-03-19 04:00:00,-0.024769842824001298,-0.008234530951559725,-0.014214143993471162
2008-03-20 04:00:00,0.018522869866286262,0.012103973564858928,0.007831217065398377
2008-03-24 04:00:00,0.019987861382153582,0.004254605319874027,0.008015098879315109
2008-03-25 04:00:00,0.00096484038226885,0.002257450529171834,0.002846508587979168
2008-03-26 04:00:00,-0.012236079416464651,-0.00901317959030532,-0.005599450901531376
2008-03-27 04:00:00,-0.003153128844005093,-0.00470423878925812,-0.0028969461322997823
2008-03-28 04:00:00,-0.009564763992979786,-0.0018499807619993145,-0.005192971999476182
2008-03-31 04:00:00,0.0034981477335565003,0.0035224683012037516,0.0007654742556850612
2008-04-01 04:00:00,0.03515935557222294,0.014585469031695775,0.015653866187133547
2008-04-02 04:00:00,0.0006585939368690674,0.0012467278204105093,0.004013864559506653
2008-04-03 04:00:00,0.0024876077208444425,0.0023852968758902634,0.002708131629925825
2008-04-04 04:00:00,-0.001094650563618571,0.0029892830243310577,0.0027837076186575382
2008-04-07 04:00:00,0.0005110972543180825,-0.001794116506440302,-0.00019048045522427324
2008-04-08 04:00:00,-0.0010222142127487288,-0.00200724996679722,-0.0012586487235339283
2008-04-09 04:00:00,-0.007235662365512541,-0.00018751108366568073,0.0004477693304434599
2008-04-10 04:00:00,0.0013986700652914852,-0.0005028517327632986,-0.0006115497857804075
2008-04-11 04:00:00,-0.019408895600915854,-0.008951919713250356,-0.010018970768443602
2008-04-14 04:00:00,-0.003373827369637983,-0.004365559820316767,-0.0030951351954142336
2008-04-15 04:00:00,0.002332283478760022,-0.0035632851164568717,-0.0011187526707741923
2008-04-16 04:00:00,0.02709432808614265,0.012338791032701833,0.014275072198782211
2008-04-17 04:00:00,0.0014605271843062262,0.00018794508944353083,-0.00010104625116160717
2008-04-18 04:00:00,0.010434749646463182,0.005916084871771021,0.006053746297914208
2008-04-21 04:00:00,0.0005052289550779854,0.0018991103442411728,0.0016287146105716575
2008-04-22 04:00:00,-0.004402508600395261,-0.0012676924129460196,-0.000994649136279313
2008-04-23 04:00:00,-0.001595253423549936,-0.002283737526355667,-0.0028966953399065295
2008-04-24 04:00:00,0.004357446740371529,-0.0007778143370978708,-0.001604993771239882
2008-04-25 04:00:00,0.009253567998758871,0.0032136560357431954,0.005633128259481058
2008-04-28 04:00:00,0.00021439891899799335,0.001348297530067466,0.0012750466970382623
2008-04-29 04:00:00,-0.003938612288187926,-0.0008434201670296736,-0.00363732150866618
2008-04-30 04:00:00,-0.005896098763866098,-0.0006816558772230414,-0.0015798673186409485
2008-05-01 04:00:00,0.02068570043013951,0.012436779244485585,0.010110368437522353
2008-05-02 04:00:00,0.0027632515492015397,-0.0033859843677404473,0.0004121117495043073
2008-05-05 04:00:00,-0.004805507318171753,-0.002883304390903052,-0.0008037993581612611
2008-05-06 04:00:00,0.008663073213779349,0.0023159637685508548,0.0043515485334038925
2008-05-07 04:00:00,-0.017810038693494068,-0.008970625587305835,-0.009221312555806981
2008-05-08 04:00:00,-0.0025801898051270866,0.002042815799833941,0.0027710785277983655
2008-05-09 04:00:00,-0.0018686465009485342,0.00035444600832650356,0.0015355481642516326
2008-05-12 04:00:00,0.011231266338427526,0.006133590514197795,0.004586213130792293
2008-05-13 04:00:00,0.00014288779941229457,-0.004288676630863098,-0.0026440967720812946
2008-05-14 04:00:00,0.002064218625590142,0.0014136093177264273,-0.0002491043597162238
2008-05-15 04:00:00,0.012502522142699535,0.011134379422508233,0.01136540885838797
2008-05-16 04:00:00,0.0009118971522237285,-0.0011011592452793819,0.0007627107875024521
2008-05-19 04:00:00,0.0027334963328817796,0.0021629541016149555,0.0021802996009830486
2008-05-20 04:00:00,-0.00810876192760357,-0.0027774940153871383,-0.001919784150935033
2008-05-21 04:00:00,-0.016914474183172934,-0.01006207934189558,-0.007167578771064198
2008-05-22 04:00:00,0.00014350137892060744,-0.004629418686258325,-0.004890914143307057
2008-05-23 04:00:00,-0.013404358350566747,-0.006291876423715736,-0.006537896749868221
2008-05-27 04:00:00,0.007410700241731405,0.0017441791692802237,0.0008176392267224548
2008-05-28 04:00:00,0.004615556008040977,-0.000784925141992954,0.0007354713345335885
2008-05-29 04:00:00,0.005025213595362343,0.00013688727797895846,-0.0018723424492035237
2008-05-30 04:00:00,0.002500157140185033,0.004131501040237096,0.0041439329336840245
2008-06-02 04:00:00,-0.01033163858845254,-0.004656264094551532,-0.0037102572569637222
2008-06-03 04:00:00,-0.005831227135361106,-0.0006192176479543842,-0.0036997684623462984
2008-06-04 04:00:00,-0.0005071932611321328,-0.003866744041047787,-0.00447165766647315
2008-06-05 04:00:00,0.01999767245620787,0.009602223747412353,0.013996860560038071
2008-06-06 04:00:00,-0.03189411029763123,-0.013957818768386088,-0.012692741055239475
2008-06-09 04:00:00,0.0024211884640530368,0.001452713078431822,0.00247482109396151
2008-06-10 04:00:00,-0.004977429712692105,-0.005586745426025974,-0.005336678314575083
2008-06-11 04:00:00,-0.014712097626633502,-0.009758697153034878,-0.005840503151595521
2008-06-12 04:00:00,0.0038076676260705433,-0.0017174713707102558,-0.0007397286761570142
2008-06-13 04:00:00,0.012644133533354918,0.0067335215616407314,0.00630863618204115
2008-06-16 04:00:00,0.0005880090081951117,0.00044253414941994865,0.00032837381164486646
2008-06-17 04:00:00,-0.004845129938530812,-0.002096585896633707,-0.0012891045021997895
2008-06-18 04:00:00,-0.009736813395860744,-0.0024741565882923974,-0.0019525070641651652
2008-06-19 04:00:00,0.0012660286164638546,-0.001601024325446199,-0.003342701972866358
2008-06-20 04:00:00,-0.016231542911119612,-0.00740932903102791,-0.007303030222130169
2008-06-23 04:00:00,-0.0009879199090555568,0.0002535730323242059,0.0007487700396045184
2008-06-24 04:00:00,-0.0019777937199030315,0.0014801288097582967,0.0008360999757301089
2008-06-25 04:00:00,0.004725827767706026,0.0030117273374696825,0.0025828652366323476
2008-06-26 04:00:00,-0.027160247001994597,-0.013604211899756111,-0.010959768124910039
2008-06-27 04:00:00,-0.005458933728426096,0.0014152367148232876,0.0005064949852449316
2008-06-30 04:00:00,0.0035286477107219216,0.0022036763612055753,0.000405362529325648
2008-07-01 04:00:00,0.003125684173597376,0.000927921671791676,0.0029289676001163947
2008-07-02 04:00:00,-0.01713691527964989,-0.008190505651847646,-0.006804270752902663
2008-07-03 04:00:00,0.0010302824276440248,-0.00024884305859997904,-7.51590911390432e-05
2008-07-07 04:00:00,-0.010213126552383489,-0.0043033093993357415,-0.006116605568378453
2008-07-08 04:00:00,0.017757394034075835,0.013249482961601755,0.008975467453243867
2008-07-09 04:00:00,-0.019254841816928492,-0.009791339676414743,-0.010299716471452435
2008-07-10 04:00:00,0.004086975781635749,0.0024094202760159165,0.005141213018387436
2008-07-11 04:00:00,-0.011652143969400619,-0.012681567924445903,-0.009868288895012999
2008-07-14 04:00:00,-0.009044050475219834,-0.0019110222440510858,-0.0027463168790797356
2008-07-15 04:00:00,-0.014097011730603626,-0.008587067630792289,-0.011732218892576207
2008-07-16 04:00:00,0.024547225035644438,0.007497694541239452,0.007776923708978456
2008-07-17 04:00:00,0.010003182881205275,0.0039421868909967454,0.002106037491631274
2008-07-18 04:00:00,0.006230166564415995,0.0022401724309069945,0.0009082439662734588
2008-07-21 04:00:00,0.0005557769991892947,0.0018813454756469563,0.0027072322239753534
2008-07-22 04:00:00,0.011344458377414934,0.004824252551157926,0.0031347145448598064
2008-07-23 04:00:00,0.00541284833382516,0.0024506991284096277,0.00039195903263491375
2008-07-24 04:00:00,-0.02075388690914437,-0.008548673196076526,-0.009450854886482406
2008-07-25 04:00:00,-0.00023887798957866746,-0.004141175169046174,-0.004394172549954956
2008-07-28 04:00:00,-0.014663988105371839,-0.004760184122288979,-0.005272349024095768
2008-07-29 04:00:00,0.021352684827890656,0.011186042720506738,0.010454107049808292
2008-07-30 04:00:00,0.01781737919391846,0.011087510927748756,0.012965715937962053
2008-07-31 04:00:00,-0.013226678118165469,-0.003970161599588205,-0.005796204720326414
2008-08-01 04:00:00,-0.0052822187897434425,-0.0022843538693429364,-0.0036194423930087207
2008-08-04 04:00:00,-0.009274093238469616,-0.006482275355910793,-0.00955695027198291
2008-08-05 04:00:00,0.026961941330673866,0.013198951124721914,0.013244555464236406
2008-08-06 04:00:00,0.00444045675335869,0.0010316936248166097,0.0003710301864050191
2008-08-07 04:00:00,-0.014891415280533726,-0.002421952008435424,-0.0034968224622117243
2008-08-08 04:00:00,0.01858145653515142,0.012238705364255198,0.009162265718052731
2008-08-11 04:00:00,0.010357421769724207,0.00238861530388017,0.0032372218597437213
2008-08-12 04:00:00,-0.010404511564863883,-0.0025116285710639285,-0.004308090964053579
2008-08-13 04:00:00,-0.006030198458758962,-0.005009806960451479,-0.0013131339724887772
2008-08-14 04:00:00,0.007544708242563036,0.007101921776527398,0.005588826506718391
2008-08-15 04:00:00,0.004863632291743025,0.006387492054021893,0.004164846120079613
2008-08-18 04:00:00,-0.013675232931750991,-0.006614414265422375,-0.006446350238705633
2008-08-19 04:00:00,-0.010903937073607928,-0.008083887939914814,-0.006144810658726296
2008-08-20 04:00:00,0.004645867744668575,0.003905024610971264,0.004417012516993024
2008-08-21 04:00:00,0.001724810278311395,0.0003064759024308916,0.0047806193812718
2008-08-22 04:00:00,0.014475379349289774,0.008427336805272967,0.005104123106767754
2008-08-25 04:00:00,-0.020285404317086697,-0.00817479208384484,-0.009745329302352534
2008-08-26 04:00:00,0.002913270225351816,0.00208827946506851,0.0020554561666974226
2008-08-27 04:00:00,0.00973392567329312,0.006520602580197243,0.007290466664289586
2008-08-28 04:00:00,0.01212757441950485,0.00731906116603005,0.005342600160833355
2008-08-29 04:00:00,-0.010753581258824307,-0.008234300666188354,-0.008158180129205505
2008-09-02 04:00:00,-0.0062117250180063754,-5.4517673859105255e-06,-0.0035311697945932803
2008-09-03 04:00:00,-0.0008593540140429123,0.001180420548898864,0.00018543715016476885
2008-09-04 04:00:00,-0.030106312164642213,-0.01485618359388583,-0.017080002361807976
2008-09-05 04:00:00,0.0031443406121767215,0.001676906869409489,0.0007307096525272505
2008-09-08 04:00:00,0.020655905003610364,0.014069402763538718,0.013426289881059138
2008-09-09 04:00:00,-0.02968711565672799,-0.01384925895076674,-0.01849066751640298
2008-09-10 04:00:00,0.0040579722056557355,-4.3471156548458446e-05,0.0007218188102235069
2008-09-11 04:00:00,0.01446764628036945,0.008472681533215542,0.0076806578454638
2008-09-12 04:00:00,0.004621221628090533,-0.0023844636192623453,-0.000420093109976227
2008-09-15 04:00:00,-0.04758528235689519,-0.015574412401059988,-0.022754454008888966
2008-09-16 04:00:00,0.01673780023129945,0.009961344404975979,0.007948285687085832
2008-09-17 04:00:00,-0.044963517524116425,-0.02497817645812852,-0.02247318974029029
2008-09-18 04:00:00,0.029671854701256883,0.011954853618638416,0.013597360747887224
2008-09-19 04:00:00,0.03971375960298107,0.01113345936904917,0.017609467582157014
2008-09-22 04:00:00,-0.02263946250131721,-0.013626247912025824,-0.010157313383002407
2008-09-23 04:00:00,-0.022751541148922638,-0.0151832140240854,-0.01578328181791604
2008-09-24 04:00:00,0.0032053732137713453,0.003675208298982824,0.002414521447715201
2008-09-25 04:00:00,0.015639555921770576,0.008575104015011227,0.010522109614982001
2008-09-26 04:00:00,0.0004966070683189994,0.0031974082834741236,0.001291802220354443
2008-09-29 04:00:00,-0.07836169939834403,-0.03537646966898795,-0.04448862114556255
2008-09-30 04:00:00,0.0413899886740674,0.01508549632338387,0.02031303227188348
2008-10-01 04:00:00,0.0006034265185563825,0.005394452688659435,0.0018052909834462279
2008-10-02 04:00:00,-0.03627422078580511,-0.018548902913968802,-0.024881522134350777
2008-10-03 04:00:00,-0.013500059312787527,-0.0045790196086110445,-0.007793764939898339
2008-10-06 04:00:00,-0.050933744923759794,-0.02329050041326279,-0.029364659546873194
2008-10-07 04:00:00,-0.044785932090735336,-0.028081762308739933,-0.026548010780558195
2008-10-08 04:00:00,-0.02519240036892556,-0.020860471366339506,-0.017971515925371905
2008-10-09 04:00:00,-0.06983877055624588,-0.045268776418668534,-0.04908939670713552
2008-10-10 04:00:00,-0.02425629920431227,-0.01736888125876921,-0.021101023928092665
2008-10-13 04:00:00,0.1451984798063053,0.08199117936713267,0.08882870972523174
2008-10-14 04:00:00,-0.01480077539107194,-0.011456151699938123,-0.012647404190516708
2008-10-15 04:00:00,-0.09844763307664162,-0.055243142698000784,-0.06074976721956523
2008-10-16 04:00:00,0.04165742793468641,0.02293139063956953,0.021562450890196306
2008-10-17 04:00:00,-0.005972112245867023,-0.006334308750141271,-0.004516599435007873
2008-10-20 04:00:00,0.0600798139954013,0.0392438693717259,0.04045604326910222
2008-10-21 04:00:00,-0.029855621278158218,-0.01579973351048176,-0.019906084739259235
2008-10-22 04:00:00,-0.054454196452819126,-0.024556105669725256,-0.031318272397674485
2008-10-23 04:00:00,0.011584259469267444,0.009917612303576729,0.009573312421100509
2008-10-24 04:00:00,-0.05071440525560855,-0.03468322989930632,-0.037618009012291176
2008-10-27 04:00:00,-0.03550081765619206,-0.02101096205819981,-0.021825604494051777
2008-10-28 04:00:00,0.11685528924085453,0.06428669872309828,0.06848531015922545
2008-10-29 04:00:00,-0.0072530775462680275,-0.0063645926358324445,4.2364094661185604e-05
2008-10-30 04:00:00,0.03459429771431233,0.017132244918786288,0.013914625305005566
2008-10-31 04:00:00,0.005504143492209401,-0.0018863117476242146,0.0005259725384298862
2008-11-03 05:00:00,0.0028913104703307546,0.002816133908344831,0.0014430091959699352
2008-11-04 05:00:00,0.033982099892725603,0.02789667345474456,0.030559823285617193
2008-11-05 05:00:00,-0.04202790836629455,-0.020473398684781617,-0.024249690367308688
2008-11-06 05:00:00,-0.05541111729137016,-0.03613480895356613,-0.0397928996609365
2008-11-07 05:00:00,0.03301751642171746,0.017196783248217294,0.017972894229485902
2008-11-10 05:00:00,-0.013104684604306027,-0.005911029921977362,-0.005745384093138317
2008-11-11 05:00:00,-0.03087552849996089,-0.017342752621369372,-0.019545866146402503
2008-11-12 05:00:00,-0.04400136002121824,-0.023832551338936823,-0.027412138105480065
2008-11-13 05:00:00,0.0623397721072938,0.027823415378936022,0.03209406661765341
2008-11-14 05:00:00,-0.04990637546498766,-0.022014267870910917,-0.024624275274544326
2008-11-17 05:00:00,-0.013276164677261115,-0.006200359571112713,-0.008915383697286217
2008-11-18 05:00:00,0.018836672994031467,0.01644918284580683,0.013654426531448905
2008-11-19 05:00:00,-0.06407883089681843,-0.028201251158941495,-0.03190012557003795
2008-11-20 05:00:00,-0.07423319515638538,-0.023875462830559056,-0.03413006259439596
2008-11-21 05:00:00,0.05394269291342746,0.026581613397688737,0.02975253034358379
2008-11-24 05:00:00,0.06929119858085264,0.035317826706899466,0.043756489972910484
2008-11-25 05:00:00,0.007409105574141872,0.01621100221036196,0.009924854524459336
2008-11-26 05:00:00,0.03864129669160521,0.023721887318570632,0.026781938308146236
2008-11-28 05:00:00,0.01258791267542314,0.01249370337724951,0.006916236122042396
2008-12-01 05:00:00,-0.0885776426882181,-0.037828436291143935,-0.04475909564324834
2008-12-02 05:00:00,0.03848487070390472,0.024626620989232562,0.024289081593345554
2008-12-03 05:00:00,0.02404152693915651,0.0155538455084264,0.0141125940436446
2008-12-04 05:00:00,-0.02313350258831348,-0.005998548853159801,-0.013222233256875392
2008-12-05 05:00:00,0.030832129217464255,0.012016925715701763,0.011162272884062196
2008-12-08 05:00:00,0.03491443549566475,0.02007985513212143,0.02491637150493119
2008-12-09 05:00:00,-0.016483472785672304,-0.0019804683775872297,-0.006141299484381123
2008-12-10 05:00:00,0.00681557720990611,0.003128918247368695,0.0063948251652532935
2008-12-11 05:00:00,-0.02408204527703639,-0.013664770935837355,-0.010683225230811576
2008-12-12 05:00:00,0.011939991783372461,0.007163995070023476,0.009357176951394418
2008-12-15 05:00:00,-0.013934106256643153,-0.0038041324054164157,-0.007772516254536987
2008-12-16 05:00:00,0.04706557275252776,0.03812942831612207,0.037088878881626486
2008-12-17 05:00:00,-0.00968634201916474,0.00504170508800257,0.0009636037097833336
2008-12-18 05:00:00,-0.018683093008894813,-0.0028162259319202115,-0.006441330827140334
2008-12-19 05:00:00,-0.004301690146040094,-0.0021554055703103757,-0.0029401089035862695
2008-12-22 05:00:00,-0.012813295120177814,-0.010763636406476929,-0.012823983122919902
2008-12-23 05:00:00,-0.010338200917372364,-0.00673049806251027,-0.006197011131443097
2008-12-24 05:00:00,0.005803207302229829,0.002623849749791951,0.001288394944456839
2008-12-26 05:00:00,0.005769964513028469,0.004785189354006203,0.0060287625638992155
2008-12-29 05:00:00,-0.002868162925978579,-0.002200452220548055,-0.0009805591486107155
2008-12-30 05:00:00,0.023702528561813985,0.01803094776502272,0.017672069367506094
2008-12-31 05:00:00,0.014274237307163373,0.0001969444451652251,0.006467791865796768
2009-01-02 05:00:00,0.030142126282795445,0.008030803593086189,0.014036645134938418
2009-01-05 05:00:00,-0.0011835775177799768,-0.011023822813074569,-0.007396613619563751
2009-01-06 05:00:00,0.006677572591652803,-1.635279497271859e-05,0.003606693472391054
2009-01-07 05:00:00,-0.029956055309822927,-0.016405215532713655,-0.021898451264335025
2009-01-08 05:00:00,0.004080588671475205,0.002128974820960616,0.002579520221719422
2009-01-09 05:00:00,-0.02141919617015997,-0.012247640765514411,-0.013552809287119095
2009-01-12 05:00:00,-0.024020788965120388,-0.010260678777377064,-0.01582921854636492
2009-01-13 05:00:00,0.0018401659948548144,0.001525293374530623,0.003083411628001165
2009-01-14 05:00:00,-0.03145426607687907,-0.012277373814737879,-0.015321761141298651
2009-01-15 05:00:00,0.0003558324333217122,0.0008695428843175535,0.000607913035407659
2009-01-16 05:00:00,0.007819303641211306,-0.0014757400491400407,0.0005057721583874512
2009-01-20 05:00:00,-0.05278583371965162,-0.031741909927656665,-0.03483713947401223
2009-01-21 05:00:00,0.04319233112011345,0.013280111438623574,0.01684052580003016
2009-01-22 05:00:00,-0.015467173631805053,-0.016978818021157013,-0.01635419277550859
2009-01-23 05:00:00,0.004350188201370342,-0.0005227268100047593,0.004921087714185058
2009-01-26 05:00:00,0.006857933252278903,0.0006231953167623147,0.0016896960913796776
2009-01-27 05:00:00,0.010158240952391262,0.015500006621806462,0.010443422403069568
2009-01-28 05:00:00,0.03383438587620535,0.010306522061115018,0.015188362461013372
2009-01-29 05:00:00,-0.03249772394971606,-0.028698395506704368,-0.0276108573217711
2009-01-30 05:00:00,-0.020343921096241613,-0.01347447909031898,-0.013746567501313678
2009-02-02 05:00:00,-0.0030175353181512987,0.005631821608109688,0.0018453274613993488
2009-02-03 05:00:00,0.014047115385826814,-0.001098071774768528,0.000125397057181176
2009-02-04 05:00:00,-0.00489631524276235,-0.004337671799529819,-0.0034273436068801844
2009-02-05 05:00:00,0.014880584128617258,0.009279550236767254,0.011420747524121788
2009-02-06 05:00:00,0.028496957541275236,0.01585062237265551,0.016905810292335385
2009-02-09 05:00:00,0.0013795437218648843,0.002118264122134406,0.0012545551868351822
2009-02-10 05:00:00,-0.045809413759840156,-0.018793571896191755,-0.02225244969786673
2009-02-11 05:00:00,0.00589580833765635,0.008725824875735321,0.0068275525429075555
2009-02-12 05:00:00,0.0007180331802392192,-0.0033354703293935195,-0.0022426947410817966
2009-02-13 05:00:00,-0.010758168210614372,-0.017100062872786027,-0.016250537516838925
2009-02-17 05:00:00,-0.0427740819932797,-0.013204873372191029,-0.02190665046909155
2009-02-18 05:00:00,-0.0023984243578629716,-0.004847834522925076,-0.004592818847985014
2009-02-19 05:00:00,-0.010755205091797171,-0.013253516306092594,-0.009095747864645664
2009-02-20 05:00:00,-0.009721516891733617,-0.0019461776474792858,-0.0040372687128624515
2009-02-23 05:00:00,-0.035778434231712675,-0.017772457419796203,-0.019666446445205453
2009-02-24 05:00:00,0.03791021941621553,0.022326839380658558,0.02433691834765648
2009-02-25 05:00:00,-0.007873313138430205,-0.009343517530882983,-0.0070133925122787145
2009-02-26 05:00:00,-0.01626119092540479,-0.01396683221751649,-0.010802383968241857
2009-02-27 05:00:00,-0.02234824688634829,-0.01571229337385045,-0.0163256888273429
2009-03-02 05:00:00,-0.04504277432129189,-0.02040329065231241,-0.02708245282153665
2009-03-03 05:00:00,-0.007507447320541427,-0.007176602697889933,-0.005847397560769463
2009-03-04 05:00:00,0.0236911146552663,0.012381866599112312,0.016343067618467867
2009-03-05 05:00:00,-0.0408478951802308,-0.013384135560026308,-0.01701140574552511
2009-03-06 05:00:00,0.0017443824194380841,-0.0016216238237074523,0.0014454426716523753
2009-03-09 04:00:00,-0.011752681327627856,-0.009391880694562139,-0.009379708193432479
2009-03-10 04:00:00,0.05960912348177527,0.028085848449742778,0.029743821585432262
2009-03-11 04:00:00,0.006512305811526176,0.008235584687953601,0.004002275899813345
2009-03-12 04:00:00,0.039372173069351035,0.02553052092833692,0.02971749226102167
2009-03-13 04:00:00,0.007814796394850054,0.0026742915748983356,0.0022970971508210485
2009-03-16 04:00:00,-0.003022837208997098,-0.008121339290475404,-0.004348915612790903
2009-03-17 04:00:00,0.03058294351522184,0.01617368264223766,0.018866050673240663
2009-03-18 04:00:00,0.022384860786393013,0.02858632035191011,0.026049333559395694
2009-03-19 04:00:00,-0.012386668901207765,-0.006933651352327663,-0.004981078177561659
2009-03-20 04:00:00,-0.021293872762645494,-0.014996264264176062,-0.013084687635103232
2009-03-23 04:00:00,0.07182846687264521,0.039632590424301166,0.042601949944863125
2009-03-24 04:00:00,-0.01970274907850378,-0.008016671300461908,-0.010606477124185344
2009-03-25 04:00:00,0.01054599431971659,0.0009430294863063344,0.0007660860102449373
2009-03-26 04:00:00,0.020380468902791105,0.016867664333075093,0.017447767582602667
2009-03-27 04:00:00,-0.018048346568824813,-0.007861117356484426,-0.010455804817696356
2009-03-30 04:00:00,-0.03455446292139841,-0.019202313389118087,-0.02321511207913294
2009-03-31 04:00:00,0.0092649304799155,0.008416528265166746,0.008154161416167737
2009-04-01 04:00:00,0.01936583821839344,0.015270208842237131,0.014107539555593606
2009-04-02 04:00:00,0.02923786415747509,0.012654085606165164,0.017735896998310626
2009-04-03 04:00:00,0.009948490626779938,-0.0022159264884792137,0.001374742295396425
2009-04-06 04:00:00,-0.007832543333906261,-0.00640939619062697,-0.007217672860323088
2009-04-07 04:00:00,-0.023325397540820747,-0.012980101174567204,-0.015014448620940101
2009-04-08 04:00:00,0.010777344587700188,0.010008724340235097,0.009858068601336024
2009-04-09 04:00:00,0.039743071728677526,0.01882923409853929,0.02154253214870145
2009-04-13 04:00:00,0.00023336896970405085,0.00381353454551161,0.003326617517870778
2009-04-14 04:00:00,-0.01724336937221238,-0.008254839221503229,-0.010591487219514473
2009-04-15 04:00:00,0.010669837825127537,0.005708354631714751,0.005249751816775317
2009-04-16 04:00:00,0.014662796753712959,0.005633324279268015,0.005984107899827996
2009-04-17 04:00:00,0.006704815316625146,-0.00037272135862358516,-1.0920302980744101e-05
2009-04-20 04:00:00,-0.04191540047264808,-0.019091919572883895,-0.024368624373719016
2009-04-21 04:00:00,0.01953746811619328,0.007770023450295804,0.009118223613919386
2009-04-22 04:00:00,-0.0061132584773466725,-0.006093835800408964,-0.005333593528155611
2009-04-23 04:00:00,0.009817927253016112,0.005851530785709214,0.0071919209176820485
2009-04-24 04:00:00,0.015110905453334711,0.0050499885582430785,0.007569280650865207
2009-04-27 04:00:00,-0.00946253222273552,-0.003966948041137686,-0.006882148641846564
2009-04-28 04:00:00,-0.0031451971509700583,-0.008421826725845905,-0.00750244231980528
2009-04-29 04:00:00,0.021268905371733204,0.009218291629916475,0.012416493207080048
2009-04-30 04:00:00,0.00034292652861189765,-0.0013786167513238912,-0.0006309380100876559
2009-05-01 04:00:00,0.005376818668944017,0.0004730029421909695,0.004164270312754537
2009-05-04 04:00:00,0.03402010357383811,0.021730413029904794,0.02334445872267392
2009-05-05 04:00:00,-0.003411697185787488,-0.0025395100601031785,-0.0038463222276609145
2009-05-06 04:00:00,0.01733485093072984,0.009455287173148495,0.012351278222799456
2009-05-07 04:00:00,-0.013891934701953601,-0.018100629989845518,-0.015470840638640961
2009-05-08 04:00:00,0.023332428698003893,0.014971304863764922,0.017220094108762483
2009-05-11 04:00:00,-0.018713183255450128,-0.00554000361861946,-0.007787652799874357
2009-05-12 04:00:00,-0.0029599549558780858,-0.00032203638416090615,0.00033204930948687044
2009-05-13 04:00:00,-0.025172590864999456,-0.010757722595298013,-0.012988877502800911
2009-05-14 04:00:00,0.008569833654341386,0.006697809073499838,0.006957297076315116
2009-05-15 04:00:00,-0.00816137157150143,-0.005019078771620533,-0.0075195772732493
2009-05-18 04:00:00,0.028407116539269417,0.010842624616627102,0.015037022822487976
2009-05-19 04:00:00,-0.0012060565303187998,-0.0028372464415671985,-0.0023088433107232185
2009-05-20 04:00:00,-0.006694661707070115,0.0001912138166257236,0.0007491626283339106
2009-05-21 04:00:00,-0.014362968964769851,-0.018677682043683877,-0.016977570449848375
2009-05-22 04:00:00,-0.0021296436647935124,-0.005718513185943231,-0.003147799633517522
2009-05-26 04:00:00,0.025612353530549914,0.009337294619069424,0.011069738770446412
2009-05-27 04:00:00,-0.01785362720857897,-0.017790088903106006,-0.015571780542302958
2009-05-28 04:00:00,0.0139401595231472,0.014155122253932851,0.014539362140694867
2009-05-29 04:00:00,0.017707941225160173,0.020951634423706622,0.02030058611163028
2009-06-01 04:00:00,0.024207832422566078,0.0026988261317813823,0.008410364454127149
2009-06-02 04:00:00,0.000844457878643734,0.0026585201634382826,0.002539482583101016
2009-06-03 04:00:00,-0.012651170591874261,-0.003834250231363278,-0.008110866411783834
2009-06-04 04:00:00,0.009396371151751737,-0.00262716055131329,0.0031076234631843055
2009-06-05 04:00:00,0.00021145914019293777,-0.002921593686330626,-0.0027007027300946177
2009-06-08 04:00:00,-0.004124602751184647,-0.0034989341088700558,-0.0034940216631142666
2009-06-09 04:00:00,0.0050975941777891,0.0030138888225144985,0.00399021479593803
2009-06-10 04:00:00,-0.0025358702514650666,-0.00781609331057358,-0.006616517696899882
2009-06-11 04:00:00,0.004449164598407496,0.007114255687017046,0.006920884056517185
2009-06-12 04:00:00,0.002741977498745163,0.005234087028635282,0.0029313219390869503
2009-06-15 04:00:00,-0.022927885814180815,-0.010155864493303834,-0.012984799742907949
2009-06-16 04:00:00,-0.013562783514761256,-0.0011755704737736782,-0.0033008872400887004
2009-06-17 04:00:00,-0.000982307529893367,-0.002841221892957968,-0.001977830385067436
2009-06-18 04:00:00,0.007318695566073341,-0.0016630913912855328,-2.1140476301673318e-05
2009-06-19 04:00:00,0.003685857493395117,0.007695432640876421,0.005469747964972315
2009-06-22 04:00:00,-0.02998739173966425,-0.014109827067717573,-0.01844254655183648
2009-06-23 04:00:00,0.0007840013107343058,0.005179733950668597,0.005741923188254216
2009-06-24 04:00:00,0.008618293181772652,0.0011568853610391273,0.002116562907211827
2009-06-25 04:00:00,0.021749009955330356,0.0203825654222475,0.019426472969130467
2009-06-26 04:00:00,-0.002607237144120922,-0.0008869293222099062,-0.0018823692383242775
2009-06-29 04:00:00,0.009364439936630164,0.006211141148069154,0.007027514943743917
2009-06-30 04:00:00,-0.008090979779254659,-0.005530433084397201,-0.007141761808351931
2009-07-01 04:00:00,0.004133174070340306,0.0016865677444435343,0.0014870214479898222
2009-07-02 04:00:00,-0.027293474609959345,-0.015440923677691074,-0.017893973278745333
2009-07-06 04:00:00,-0.00011117581116304454,-0.0008301291520557141,-0.0036351895105953824
2009-07-07 04:00:00,-0.01937682689774589,-0.008948898536127325,-0.011209213942142339
2009-07-08 04:00:00,-0.000681244521755886,0.006979369231801158,0.003896018950737645
2009-07-09 04:00:00,0.0019313140896863867,-0.0036080549186914288,-0.0017904507394255196
2009-07-10 04:00:00,-0.002381149054128784,0.002263199197373833,0.0005746815936381043
2009-07-13 04:00:00,0.024328570529334126,0.012352394828179267,0.013443970755847256
2009-07-14 04:00:00,0.005660955584534388,-0.003249913692985773,-0.0015882919320591715
2009-07-15 04:00:00,0.029245916492485202,0.007260618155915565,0.012470229206185401
2009-07-16 04:00:00,-0.001607708718779688,0.003354709651475951,0.0025085140415704423
2009-07-17 04:00:00,0.010954017486225709,0.0003999038144973698,0.0034348731573585756
2009-07-20 04:00:00,0.01062394390236343,0.008479072925678777,0.009606548089276834
2009-07-21 04:00:00,0.0046257322798322065,0.010755885607867376,0.008399276088412067
2009-07-22 04:00:00,-0.00021002527827274076,-0.0037175207079345853,-0.002275430060042327
2009-07-23 04:00:00,0.022082981067522267,0.00591490496747875,0.009823509211265635
2009-07-24 04:00:00,0.00409557197112842,0.004391274572783344,0.003996159455443293
2009-07-27 04:00:00,0.0029574585634202233,-0.002818607661355754,-0.0012729834615149871
2009-07-28 04:00:00,-0.00467701649400587,0.0007340680202406751,-0.0012503739717106054
2009-07-29 04:00:00,-0.0024518633584368343,0.0007218718944109303,-0.0024053132156970584
2009-07-30 04:00:00,0.010445794825692412,0.011938431691013074,0.013624310208023438
2009-07-31 04:00:00,0.0014187821647797527,0.008635833674185724,0.00868171681345693
2009-08-03 04:00:00,0.01649643327526462,0.003836035739753151,0.00817266935969695
2009-08-04 04:00:00,0.002588228820823213,-0.0016277874676570829,-0.0007903898755614704
2009-08-05 04:00:00,-0.0028795161009304016,-0.007707067728570416,-0.0051573777585822485
2009-08-06 04:00:00,-0.005179027557369875,-0.001743423546929157,-0.0043808724776065785
2009-08-07 04:00:00,0.013114210919908498,0.0045366365537157,0.00489953134973814
2009-08-10 04:00:00,-0.0020748684314568777,0.00375013117820906,0.0024584169784275913
2009-08-11 04:00:00,-0.012476823945802296,-0.002858349382635228,-0.0055187175758210855
2009-08-12 04:00:00,0.010729141828305977,0.002164658409176256,0.003756203530009239
2009-08-13 04:00:00,0.007639127381972699,0.01025500501445098,0.010182031445299389
2009-08-14 04:00:00,-0.007679314900455925,-0.0030586590569177115,-0.006271235299951372
2009-08-17 04:00:00,-0.0246055769583563,-0.008850233863288202,-0.01182631964814077
2009-08-18 04:00:00,0.007933858391128812,0.002437425330457144,0.004985945178643181
2009-08-19 04:00:00,0.008779838497745995,0.008580872437720011,0.008454390009258583
2009-08-20 04:00:00,0.01030418462731153,0.009468005843075878,0.007819106235013319
2009-08-21 04:00:00,0.019606423098220915,0.003533150909424387,0.006337413394311987
2009-08-24 04:00:00,-9.746584804670722e-05,0.007193628367861327,0.005554978069212768
2009-08-25 04:00:00,0.0019420242167875745,0.003427724120227138,0.001426059687749481
2009-08-26 04:00:00,9.708726262913636e-05,0.001891161973531608,0.001168045516859595
2009-08-27 04:00:00,0.002229703687573803,-0.0002380760907424674,0.000996978268614379
2009-08-28 04:00:00,-0.00019392241970672686,0.0017156695204927352,0.0010381793390503713
2009-08-31 04:00:00,-0.008899108886797569,-0.004966593147137432,-0.007787506112062147
2009-09-01 04:00:00,-0.022056733613925905,-0.014201745358152705,-0.015497575284532071
2009-09-02 04:00:00,-0.003792865287926883,0.003553850961490568,0.002326136032616244
2009-09-03 04:00:00,0.008315418678099151,0.0025268786689334184,0.0026383348176121204
2009-09-04 04:00:00,0.014008528527866604,0.001590797359975537,0.0028798399456476664
2009-09-08 04:00:00,0.0086226748872118,0.0023591807593962063,0.004912913786245743
2009-09-09 04:00:00,0.007674205890729313,0.004139021413502686,0.004664108612673823
2009-09-10 04:00:00,0.01021875011759743,0.013501608947507116,0.012201777126534075
2009-09-11 04:00:00,-0.00019056590919008798,0.0020901623435722883,0.00023448651310347107
2009-09-14 04:00:00,0.004867318198169546,-0.0010504099478448213,-0.0006046525173848961
2009-09-15 04:00:00,0.004179768080341262,0.0004603026065666872,0.0033094981591745287
2009-09-16 04:00:00,0.01513428449166776,0.009794672775647406,0.010914845405131567
2009-09-17 04:00:00,-0.0014908844133854071,0.004135861422392528,0.0029224767787487506
2009-09-18 04:00:00,0.0006375627713188781,-0.0031777313525367837,-0.003171451062690023
2009-09-21 04:00:00,-0.0025303286419158244,-0.0005991312031580432,-0.0030134732838406177
2009-09-22 04:00:00,0.0058248285272823885,0.004328155640640219,0.005760689933877239
2009-09-23 04:00:00,-0.008312771339778147,-0.003781534677118569,-0.006325235235043292
2009-09-24 04:00:00,-0.011018855367401215,-0.005450180632883961,-0.007024859474237866
2009-09-25 04:00:00,-0.005332818500942027,0.0018855519435961648,-0.00017571143202882444
2009-09-28 04:00:00,0.017903536514211504,0.01425287155213728,0.01426510291079943
2009-09-29 04:00:00,-0.0030099694781671182,-0.0021703774992646086,-0.00245067825489812
2009-09-30 04:00:00,-0.003868100147962905,-0.0026849894317813707,0.00020193512874812098
2009-10-01 04:00:00,-0.024812660376602125,-0.009409517859454207,-0.011413666311573686
2009-10-02 04:00:00,-0.00466174359854199,-0.005565280521406701,-0.005876865264720976
2009-10-05 04:00:00,0.014928353797216909,0.008997319173791984,0.012213038840373103
2009-10-06 04:00:00,0.0143240876428945,0.004635548579771375,0.004419919929339854
2009-10-07 04:00:00,0.0027489750693057147,0.006341413160335919,0.0053491551103794326
2009-10-08 04:00:00,0.007655736342570663,0.0003993008939009888,0.0034325080137196156
2009-10-09 04:00:00,0.006096968048695972,-0.005511159603911331,-0.002820768070260227
2009-10-12 04:00:00,0.003915403344306068,0.002974860975309834,0.004844885000275134
2009-10-13 04:00:00,-0.002043017102743905,0.0008562700749086274,0.0014583680984845194
2009-10-14 04:00:00,0.01721586567295952,0.004405138305754086,0.006654802636360169
2009-10-15 04:00:00,0.0036592190030975136,0.0003453674437933871,0.0018248608263707888
2009-10-16 04:00:00,-0.007474217509365166,-0.001231594140381054,-0.001793142487971311
2009-10-19 04:00:00,0.008265187543828878,0.008102110629398807,0.008738955688237637
2009-10-20 04:00:00,-0.005283248259031148,-0.0010075585520983085,-0.0021669687713151255
2009-10-21 04:00:00,-0.008973225519447792,-0.007782850078044468,-0.005066069065595235
2009-10-22 04:00:00,0.010163552582645119,0.004142810925986806,0.005444653312791114
2009-10-23 04:00:00,-0.011433110217617504,-0.009870313646939754,-0.009480607264228712
2009-10-26 04:00:00,-0.010825146531897922,-0.011676674151891242,-0.012202395819803967
2009-10-27 04:00:00,-0.004583562442921796,0.0027130169403617906,0.0006464861582604401
2009-10-28 04:00:00,-0.018887199894631834,-0.009437785768416163,-0.012485113162141482
2009-10-29 04:00:00,0.021453656643183994,0.008513971551563724,0.012713885549952241
2009-10-30 04:00:00,-0.02897308554028888,-0.011579354321726208,-0.015551128646354105
2009-11-02 05:00:00,0.007338286073407252,0.0026349923838010713,0.004815005513885117
2009-11-03 05:00:00,0.003163622215623274,-0.002099758322019297,0.00031640113554339835
2009-11-04 05:00:00,0.0025797933996483113,-0.002107925446670534,-0.0012761530871263527
2009-11-05 05:00:00,0.01839552124638666,0.011037312747831995,0.010502772007781158
2009-11-06 05:00:00,0.0026202527115812835,0.001958355662662825,8.420780753968203e-05
2009-11-09 05:00:00,0.022776179451069467,0.014137203744786397,0.015660747823979304
2009-11-10 05:00:00,0.00018241481951064564,-0.0006185499576635057,-0.0009334602056136343
2009-11-11 05:00:00,0.0051099485544092715,0.004738579662785014,0.004986276086375652
2009-11-12 05:00:00,-0.010167753830240933,-0.00682649719613786,-0.00813324487487238
2009-11-13 05:00:00,0.005411123789712757,0.005086383758929625,0.004542519634650766
2009-11-16 05:00:00,0.014504645493190749,0.013387712313434674,0.015114419053050932
2009-11-17 05:00:00,0.0011690845397878125,0.002848513303829625,0.002801558926985814
2009-11-18 05:00:00,-0.000628715465528118,-0.0027221348631572663,-0.0020546925467508246
2009-11-19 05:00:00,-0.013031611196724024,-0.007102979817266975,-0.008702435978072987
2009-11-20 05:00:00,-0.003551459483301711,-0.002215064884611806,-0.0023175105074487055
2009-11-23 05:00:00,0.012702510699172054,0.0071167796242417305,0.0076963843750969645
2009-11-24 05:00:00,0.001533913398055864,0.0034467065762707975,0.001666161338860916
2009-11-25 05:00:00,0.0035141138418135487,0.003949542708574283,0.005896915642228074
2009-11-27 05:00:00,-0.01625068429827803,-0.008251219379326423,-0.009761000869750156
2009-11-30 05:00:00,0.0033773334051174775,0.0029808807085329736,0.003849269223006835
2009-12-01 05:00:00,0.012369616033883535,0.002965843210464846,0.004809756361149775
2009-12-02 05:00:00,-0.00044899464880676643,6.654309046625343e-05,-0.0007018221018065707
2009-12-03 05:00:00,-0.00782022515690628,-0.00884607214809805,-0.007888666639917984
2009-12-04 05:00:00,0.005707466610426426,-0.0008152092646011243,-0.000566640896566262
2009-12-07 05:00:00,-0.0015311958357662192,-0.00040508491163269154,-0.0014332921000333675
2009-12-08 05:00:00,-0.011097486578031113,-0.006058964973130898,-0.007199348126467075
2009-12-09 05:00:00,0.003740705366170438,0.0004067170024206752,-0.0003843883639050641
2009-12-10 05:00:00,0.0056351692097966755,-0.0012124208394113543,-0.0006127963355646805
2009-12-11 05:00:00,0.004248110813661166,0.0025051496653737625,0.0030254231373775696
2009-12-14 05:00:00,0.0068400141332871645,0.004582031320269264,0.005011513408285494
2009-12-15 05:00:00,-0.004647744436108825,-0.004567791512647723,-0.00458499788668254
2009-12-16 05:00:00,0.001526428093989507,0.0004369094984665533,0.002286607553895914
2009-12-17 05:00:00,-0.012015513292229163,-0.0006212369515353746,-0.0038028919828225977
2009-12-18 05:00:00,0.005657233521131344,0.0016775368457145666,0.002527965012041833
2009-12-21 05:00:00,0.010162330259909425,-0.0010158488221321269,-0.0002023008842261259
2009-12-22 05:00:00,0.0035929502326703666,-8.233465750224784e-05,0.0011972256968849294
2009-12-23 05:00:00,0.0019690661393252373,0.0012696184098917927,0.003013762232125439
2009-12-24 05:00:00,0.004734002677972082,-0.0013071229408687219,0.0003082856243338374
2009-12-28 05:00:00,0.0021341276538500153,0.00016583774999698862,0.0022111300733262287
2009-12-29 05:00:00,-0.001419691830254033,0.0017866266860499193,0.0009251467705979841
2009-12-30 05:00:00,-0.00035531462780546974,0.002416906010704789,0.001638028406913594
2009-12-31 05:00:00,-0.009598079733360576,-0.00766346629343726,-0.007470811792610355
2010-01-04 05:00:00,0.016959782372834686,0.009820000112620741,0.012427238273447272
2010-01-05 05:00:00,0.0026467082771524097,0.004171403733264789,0.0036444127720600236
2010-01-06 05:00:00,0.0007044746670121782,-0.0049317961265946675,-0.0018124149305586692
2010-01-07 05:00:00,0.004221278973392861,0.0032053476658429948,0.0017930511527433745
2010-01-08 05:00:00,0.0033275274216453266,0.001817357532260466,0.001783389844349592
2010-01-11 05:00:00,0.0013965904022685827,-0.0013571404947399835,-0.0011235736752197468
2010-01-12 05:00:00,-0.009326423492748925,0.0012511763585295165,-0.0025949642010675393
2010-01-13 05:00:00,0.008446274950826282,0.00041756476790055785,0.0016608806433070279
2010-01-14 05:00:00,0.002704575136841303,0.007223521087495133,0.005298718259860324
2010-01-15 05:00:00,-0.01122390601555845,-0.004259790034009181,-0.006014323943391787
2010-01-19 05:00:00,0.012495445301018204,0.006355455932128295,0.007297449513144093
2010-01-20 05:00:00,-0.010168704803006912,-0.002048946516754202,-0.004937276978140148
2010-01-21 05:00:00,-0.019228732803124093,-0.009706258497987785,-0.011410379540578608
2010-01-22 05:00:00,-0.02229224010753339,-0.014069472591747446,-0.014947675173972342
2010-01-25 05:00:00,0.005127645972029304,0.001250384635423618,0.002174614735230074
2010-01-26 05:00:00,-0.004190391669241289,-0.0023831538374925686,-0.0035162135864064805
2010-01-27 05:00:00,0.004757354810627223,0.0026359185280270037,0.0012356945225656002
2010-01-28 05:00:00,-0.01147241819898892,-0.007101772570044185,-0.007394562954253614
2010-01-29 05:00:00,-0.01086862961567403,-0.0030241043417432723,-0.005031282779530288
2010-02-01 05:00:00,0.01555074734983175,0.005699238230183035,0.009031035831490886
2010-02-02 05:00:00,0.012103449960633617,0.008402708196825027,0.010268997852077355
2010-02-03 05:00:00,-0.004982549468966591,-0.007627799823387304,-0.007689796353262989
2010-02-04 05:00:00,-0.03086597040905137,-0.012188750983748407,-0.017097683092958352
2010-02-05 05:00:00,0.002066927168594468,0.0021119258326637077,0.0006147529624953127
2010-02-08 05:00:00,-0.007219466283479359,-0.0038097871559731765,-0.003895572795987423
2010-02-09 05:00:00,0.012560476474915427,0.003540559607050131,0.006326001837590589
2010-02-10 05:00:00,-0.001958946252888172,-0.004991729269715561,-0.0036427362740247046
2010-02-11 05:00:00,0.01046660456308346,0.004109548883066871,0.005832229736742567
2010-02-12 05:00:00,-0.0008322814612267138,0.0011484429978277256,0.00017493361071279083
2010-02-16 05:00:00,0.015734657358432935,0.010194896338637571,0.01304720544299418
2010-02-17 05:00:00,0.0047383435451502365,-0.0017167990495020827,-0.0010827562830290518
2010-02-18 05:00:00,0.005895296646712289,0.0019249456361603908,0.0032178430427620476
2010-02-19 05:00:00,0.0020737515842177423,0.003402666082966288,0.003451046835167659
2010-02-22 05:00:00,0.0001799729372671255,-0.0015466708170519096,-0.0016757965568805601
2010-02-23 05:00:00,-0.012144660860999523,-0.0010449836600101335,-0.004242729759496267
2010-02-24 05:00:00,0.00919774082453051,0.006491228942044458,0.007059018400222072
2010-02-25 05:00:00,-0.0013538322288598748,0.0014369457256788955,-0.0008188445175046355
2010-02-26 05:00:00,0.0006327183762788735,0.002441006425965764,0.0036913657743173015
2010-03-01 05:00:00,0.01038467560170564,0.006056173580801438,0.005084189265958139
2010-03-02 05:00:00,0.002770200419424329,0.0011363830739683943,0.002336657918395191
2010-03-03 05:00:00,0.0008915449240034512,-0.0004736605491426183,0.000751412119440742
2010-03-04 05:00:00,0.0030274841483577397,0.003926335245552881,0.002519109547458631
2010-03-05 05:00:00,0.014293494937720475,0.0033283288563186186,0.005823695275036822
2010-03-08 05:00:00,0.00017542993016173014,-0.0019768412384096657,-0.0015816242193911645
2010-03-09 05:00:00,0.0016624209569158221,0.0010863181349321403,-2.3311890158206512e-05
2010-03-10 05:00:00,0.004455438375601473,0.0016485781251776464,0.0022007257896327183
2010-03-11 05:00:00,0.0041755494422148764,0.003979067695419847,0.0033576931908113395
2010-03-12 05:00:00,8.623069344104728e-05,0.0025431554850677165,0.0013285699511742964
2010-03-15 04:00:00,0.00025990279406507,-0.0003746859312521167,-0.0014324882053438404
2010-03-16 04:00:00,0.007966314924916285,0.007966687779525694,0.008503856730001778
2010-03-17 04:00:00,0.005926969774026514,0.0052690050134368786,0.00573251816596696
2010-03-18 04:00:00,-0.0005122651419766644,-0.0016192020917914717,-0.0015016729842282416
2010-03-19 04:00:00,-0.005061156656578247,-0.0026415361871363393,-0.00396344478296008
2010-03-22 04:00:00,0.005345299296066752,0.0036452194109196866,0.0035357094525997777
2010-03-23 04:00:00,0.00703369644044205,0.0023373666612608976,0.0023810966530671603
2010-03-24 04:00:00,-0.004854592943304592,-0.010214875259110644,-0.009504261187894237
2010-03-25 04:00:00,-0.0016266406062089844,-0.0035299683078470648,-0.0034552301595317967
2010-03-26 04:00:00,-0.0005998172680002911,0.0007676462937396211,0.0006602050001139448
2010-03-29 04:00:00,0.006347337150990118,0.00227920527719454,0.004925332432008223
2010-03-30 04:00:00,0.0006818495516529577,0.0016732348683956124,0.001570053977551833
2010-03-31 04:00:00,-0.003406924748153295,0.0007009221455629212,-7.030834098348287e-05
2010-04-01 04:00:00,0.006837575913798188,0.0031244732396627393,0.0053247806198635445
2010-04-05 04:00:00,0.008149541104735869,-0.0017658260638133702,0.0014827055073916458
2010-04-06 04:00:00,0.0023571523225907054,0.0020544860792039987,0.0018123546335698016
2010-04-07 04:00:00,-0.0057121083118436555,0.0016864931418464567,3.828963086520686e-05
2010-04-08 04:00:00,0.0034643406668108945,0.0022588692989078396,0.002048837065182596
2010-04-09 04:00:00,0.006567188359332787,0.004886473953498217,0.004856472646029442
2010-04-12 04:00:00,0.0015892594826760753,0.003066522559360374,0.002455841132410774
2010-04-13 04:00:00,0.0007512075394782158,0.0017475357336279808,0.0017946223636012392
2010-04-14 04:00:00,0.011349576488914659,0.00400170309416552,0.005854539792508684
2010-04-15 04:00:00,0.0008255335634252958,0.0009438580119275564,0.0011974400293029985
2010-04-16 04:00:00,-0.015912333003665013,-0.006632606721555278,-0.009183160424830118
2010-04-19 04:00:00,0.003770116479502761,0.001282772704145074,0.00024924067624572084
2010-04-20 04:00:00,0.008930443851985492,0.006786121281231905,0.007222808033205452
2010-04-21 04:00:00,-0.0018200104807268858,0.002198380951302515,0.0018730966102221244
2010-04-22 04:00:00,0.0029839344105164756,0.0005997424060421696,0.0011448087664630235
2010-04-23 04:00:00,0.006527351453633257,0.0025006574353110263,0.003512757035680047
2010-04-26 04:00:00,-0.003775931626347595,-0.0018218916894212397,-0.002423211082563725
2010-04-27 04:00:00,-0.02365069440642642,-0.008558611809762005,-0.011486056210483075
2010-04-28 04:00:00,0.007596067803204765,0.0011469752403435946,0.0023332508406418316
2010-04-29 04:00:00,0.012397439820347245,0.009114142927244284,0.009484924708018382
2010-04-30 04:00:00,-0.01696164332803962,-0.005565635413902358,-0.005934977549728004
2010-05-03 04:00:00,0.012961867649090797,0.007254533377914196,0.007876184693081899
2010-05-04 04:00:00,-0.023514744321774805,-0.006910890979420458,-0.01139767763875188
2010-05-05 04:00:00,-0.005956869698839684,-0.001216915822485242,-0.004065626697527058
2010-05-06 04:00:00,-0.03321329301532139,-0.007573177028842857,-0.012631061569849755
2010-05-07 04:00:00,-0.014875047591651702,-0.01392582135635463,-0.013199637319272262
2010-05-10 04:00:00,0.044041489214226015,0.01813862241702084,0.022141706732143798
2010-05-11 04:00:00,-0.002841293240904319,-0.0027301934242790708,-0.002646112970941095
2010-05-12 04:00:00,0.013986138101911516,0.0053496478891104544,0.006929828523937432
2010-05-13 04:00:00,-0.012430776065129878,-0.004824599020051545,-0.006338858377777989
2010-05-14 04:00:00,-0.018105548250553993,-0.003915397297257451,-0.008198775025722471
2010-05-17 04:00:00,0.000527388875535939,-0.0011589496832329794,-0.003624472768923393
2010-05-18 04:00:00,-0.013602855766074007,-0.002026008481033535,-0.003696675563649076
2010-05-19 04:00:00,-0.00569401642189038,-0.002083057198746063,-0.003329225166656846
2010-05-20 04:00:00,-0.03775909106190145,-0.014223114459984386,-0.018403969405854273
2010-05-21 04:00:00,0.014599182160271784,0.009166211604863861,0.010099347310141128
2010-05-24 04:00:00,-0.012831285451735175,-0.009080792882060517,-0.008828396762190882
2010-05-25 04:00:00,0.0010211800124768633,0.002570425217446326,0.0012888241734935967
2010-05-26 04:00:00,-0.006028405698873196,-0.00475338777326344,-0.0033889837991107567
2010-05-27 04:00:00,0.033498405940270315,0.011023693631018983,0.016220048202408112
2010-05-28 04:00:00,-0.012549616399808783,-0.005697336455472812,-0.007013242429414446
2010-06-01 04:00:00,-0.016823594533676767,-0.007282560678805039,-0.009852484090955571
2010-06-02 04:00:00,0.026039076226000102,0.01182365533394063,0.013980102281409923
2010-06-03 04:00:00,0.003444048146730161,-0.0008522189873909182,0.00042764580863375874
2010-06-04 04:00:00,-0.03513667438470369,-0.010329299458385677,-0.016118251902270064
2010-06-07 04:00:00,-0.012451157130999646,-0.004402982019774648,-0.004981675979433774
2010-06-08 04:00:00,0.010712020768544495,0.004438381144479075,0.0057340861843633625
2010-06-09 04:00:00,-0.005345786857728574,-0.003656490809409374,-0.0030782663631977567
2010-06-10 04:00:00,0.02923139552683418,0.01039148507962322,0.013848092570719351
2010-06-11 04:00:00,0.0048559421759040156,0.007987166965313541,0.006855632151088576
2010-06-14 04:00:00,-0.0015500080976773578,-0.0029832224690544695,-0.002196571274929426
2010-06-15 04:00:00,0.02273727077104426,0.011991446635289503,0.014085224186454592
2010-06-16 04:00:00,-0.000356892648644358,0.0020651483866934942,0.0017187447989988947
2010-06-17 04:00:00,0.0016077209682399118,0.004220661582025942,0.0034512422281481876
2010-06-18 04:00:00,0.0010839709478085435,-3.761819345626848e-06,-1.8487766436858804e-05
2010-06-21 04:00:00,-0.002863914318741667,-0.002864847985366614,-0.0029800113780263926
2010-06-22 04:00:00,-0.016515686396377793,-0.0051460490438334444,-0.006560987926884665
2010-06-23 04:00:00,-0.0031029698066650235,0.0008567413147929641,-0.0014850785130081424
2010-06-24 04:00:00,-0.016570601996245493,-0.012320174200511326,-0.011497302419628586
2010-06-25 04:00:00,0.004189230449053838,0.004135456428096073,0.0055531297919981125
2010-06-28 04:00:00,-0.0031516846095288598,0.0018645573685578177,-0.00014863411583369
2010-06-29 04:00:00,-0.03087552372722535,-0.014164398357469785,-0.01801481637387482
2010-06-30 04:00:00,-0.009500160942628622,-0.0030086891854762318,-0.0033092771855093516
2010-07-01 04:00:00,-0.004455971248522483,-0.0020427025984914634,-0.0037303209873798316
2010-07-02 04:00:00,-0.005449998587575,-0.006459158160006796,-0.005850191145089955
2010-07-06 04:00:00,0.006555638705330491,0.0072274593208759615,0.006686957387411186
2010-07-07 04:00:00,0.031496236579157344,0.014213675522283739,0.01764244965828273
2010-07-08 04:00:00,0.009895707424155242,0.003388264014864939,0.004945521975553114
2010-07-09 04:00:00,0.007465264730539323,0.0021945747786844545,0.0029480453384821076
2010-07-12 04:00:00,0.0006484836070701494,0.0002278652390223179,-0.0008692240578309085
2010-07-13 04:00:00,0.015088698655954413,0.005625219510675271,0.008092880440190828
2010-07-14 04:00:00,-9.182145644082151e-05,0.003971739347456694,0.002783883218570615
2010-07-15 04:00:00,0.0002738350726012584,0.004151694540276108,0.00410763783206447
2010-07-16 04:00:00,-0.027534900048613364,-0.014567265107544667,-0.016314103084515193
2010-07-19 04:00:00,0.00590711103337016,0.001084236553933415,0.0016082216776530877
2010-07-20 04:00:00,0.011091089616579008,0.007253608120845101,0.007923909907659744
2010-07-21 04:00:00,-0.012997536313270608,-0.0010212975132903417,-0.002986716857027916
2010-07-22 04:00:00,0.022321990450202556,0.008767319434300092,0.011917431953330282
2010-07-23 04:00:00,0.008678572290189424,0.0009631713273736686,0.0017131983972809683
2010-07-26 04:00:00,0.010415990557059551,0.00556831729856806,0.005649500508588634
2010-07-27 04:00:00,-8.989625700894788e-05,-0.0039090468195850155,-0.004015735666869513
2010-07-28 04:00:00,-0.0064544990525708945,-0.002575230119821836,-0.002493834127629135
2010-07-29 04:00:00,-0.00487236816318104,-0.0030446811669345487,-0.0015774441489482705
2010-07-30 04:00:00,-0.0001812231769364736,0.00611724546599648,0.005888763449378653
2010-08-02 04:00:00,0.02258086276405291,0.007933272087323927,0.011259327946324992
2010-08-03 04:00:00,-0.004788615159526333,-0.0005644419553713972,-0.0007987197829628867
2010-08-04 04:00:00,0.006683345015482622,0.0009494253911793474,0.0025689011568250757
2010-08-05 04:00:00,-0.0010625249872704412,0.0012294024986218679,0.0002967860972692083
2010-08-06 04:00:00,-0.0040759901174477475,0.0019171720607357614,-6.714514578387565e-05
2010-08-09 04:00:00,0.0053386964827737415,0.0017246992695659103,0.0024378121206590554
2010-08-10 04:00:00,-0.00539919387642962,-0.0023973789772664175,-0.0036776493663205675
2010-08-11 04:00:00,-0.027406829944502387,-0.011080846224132945,-0.014670809116278792
2010-08-12 04:00:00,-0.0061297910778858045,-0.004665310805443012,-0.005170654508322358
2010-08-13 04:00:00,-0.0029460130193901257,0.00322081264020806,0.00188454179263855
2010-08-16 04:00:00,-0.00046175896851863296,0.009734032113979808,0.006918896618669589
2010-08-17 04:00:00,0.012285558087103299,0.005082359662215286,0.0070870229248858
2010-08-18 04:00:00,0.0018251864136600293,0.002169414680719184,0.0015036509293284038
2010-08-19 04:00:00,-0.017397236517974868,-0.004200910277816838,-0.006779318656285659
2010-08-20 04:00:00,-0.0032439818955146693,-0.002398642473448942,-0.0029122538190604953
2010-08-23 04:00:00,-0.0038132881685239983,-0.002212497095589372,-0.002907042546623273
2010-08-24 04:00:00,-0.014843239913882478,-0.0024944426203067126,-0.005231113013437527
2010-08-25 04:00:00,0.0038856547962999866,0.001032508255499742,0.0018618186083198985
2010-08-26 04:00:00,-0.006702291838257102,-0.0002606990904638895,-5.982826397121798e-05
2010-08-27 04:00:00,0.015489899846623079,-0.002031914484318654,0.0025143499146111133
2010-08-30 04:00:00,-0.014505085169731036,-0.0010336332807421291,-0.0031284489062510575
2010-08-31 04:00:00,0.0,0.00443308119935173,0.0019914759618790074
2010-09-01 04:00:00,0.02991188070928419,0.009676934332839515,0.013726462512558123
2010-09-02 04:00:00,0.009311991200612546,0.0013605532752006145,0.003123922980750371
2010-09-03 04:00:00,0.01297151364157445,0.0028250158400681784,0.004590811329755362
2010-09-07 04:00:00,-0.011272209474854966,0.0014233942583752775,-9.9728816249489e-05
2010-09-08 04:00:00,0.007022913872180903,0.0010350257107415656,0.0020467139968491917
2010-09-09 04:00:00,0.004619409058522317,-0.0051248286757931815,-0.003713716061475292
2010-09-10 04:00:00,0.005048334742867588,0.0012002201714365944,0.002702704933765476
2010-09-13 04:00:00,0.011123223421126927,0.008628674503073162,0.008872748312953725
2010-09-14 04:00:00,-0.0006209202925765434,0.003478766864839167,0.0028154693775883427
2010-09-15 04:00:00,0.003816862876747429,-0.003643807114172937,-0.0023309733006860677
2010-09-16 04:00:00,-0.00026490503038789637,-0.004109417610483468,-0.003634625902731414
2010-09-17 04:00:00,0.00037303376035779934,0.0018433524817678126,0.0017821292875899617
2010-09-20 04:00:00,0.015290463459754822,0.011495893443547355,0.011728835752713728
2010-09-21 04:00:00,-0.002014064214624245,0.004346021649862042,0.0018958277713302053
2010-09-22 04:00:00,-0.0049128560455070636,0.0006399879913545851,0.0003439269149599467
2010-09-23 04:00:00,-0.00811166318530221,-0.003719981841548225,-0.003921412160672255
2010-09-24 04:00:00,0.02062234183574585,0.006997749414979414,0.00987619983198865
2010-09-27 04:00:00,-0.004790209500176168,0.004082185562004881,0.0016714075588899037
2010-09-28 04:00:00,0.0035007405767075728,0.004835567649418105,0.0041517868235697135
2010-09-29 04:00:00,-0.0017443077871351909,-0.0027068611646661857,-0.0009815769464868948
2010-09-30 04:00:00,-0.002970093075528202,-0.0020469216042408476,-0.0013966359955707493
2010-10-01 04:00:00,0.004205672004491845,0.0005901505113256708,0.001280849881658863
2010-10-04 04:00:00,-0.0075036374446729726,-0.0034698834320358914,-0.004059081915957552
2010-10-05 04:00:00,0.020131924802809564,0.009676492424518112,0.012312033480182349
2010-10-06 04:00:00,-8.657016771285164e-05,0.004974360120394694,0.0037584889409099983
2010-10-07 04:00:00,-0.0012062981534246564,-0.004058257195687043,-0.004241722830323047
2010-10-08 04:00:00,0.00560873805297013,0.0016075687830301444,0.005376212511668532
2010-10-11 04:00:00,0.0009438850366607632,0.0006430200306371426,0.00014651487685003468
2010-10-12 04:00:00,0.0030862200091807956,-0.0021006158622984827,-0.0006329065986943494
2010-10-13 04:00:00,0.007777021308388976,0.0040458741107455955,0.004678273733062266
2010-10-14 04:00:00,-0.0039009704602427364,-0.008318132296525671,-0.006982096928894255
2010-10-15 04:00:00,0.0020430926364165547,-0.0036604484233409016,-0.0035491043916536236
2010-10-18 04:00:00,0.004928194627614513,0.006188140552578592,0.006382738648695074
2010-10-19 04:00:00,-0.01310475394851407,-0.005448888571563781,-0.008990043871531562
2010-10-20 04:00:00,0.00976651875833956,0.0067256850054952634,0.00888142394040723
2010-10-21 04:00:00,0.0022055017274020816,-0.0034260406766672084,-0.003477224793499223
2010-10-22 04:00:00,0.0018621913873095863,0.003818132635181204,0.003992451165154054
2010-10-25 04:00:00,0.002957263100861862,0.002918476879797094,0.003153899408771954
2010-10-26 04:00:00,0.00016900703258437844,-0.006075060431390611,-0.004012188001727046
2010-10-27 04:00:00,-0.002863851569173348,-0.005234808339281316,-0.004673268356804738
2010-10-28 04:00:00,0.00016844751856215368,0.0011890172992256253,0.0014347623694645818
2010-10-29 04:00:00,0.0007599607140531539,0.004195398660855432,0.003022817764898633
2010-11-01 04:00:00,0.000338105505840014,-0.0015194317179230588,-0.00045343700738308406
2010-11-02 04:00:00,0.007930360273613823,0.010015394317370373,0.00960877226021195
2010-11-03 04:00:00,0.004017521512726274,-0.005749260215684205,-0.0032400287989619025
2010-11-04 04:00:00,0.019258007028502666,0.01466828866905394,0.01626438059181383
2010-11-05 04:00:00,0.0037627399201809464,-0.004603657020095797,-0.002470079156510785
2010-11-08 05:00:00,-0.00187431739121946,0.0006717329644416736,0.00048770583868391616
2010-11-09 05:00:00,-0.007184365735837472,-0.013129915701983207,-0.011604854179191635
2010-11-10 05:00:00,0.004029347725635457,0.0029578725995146548,0.003887438724943526
2010-11-11 05:00:00,-0.003767341805432145,-0.0024682602214766147,-0.0032439728132014124
2010-11-12 05:00:00,-0.011838295187907799,-0.009261703032365154,-0.012895018735651208
2010-11-15 05:00:00,-0.0014141702107109966,-0.009198324528009283,-0.006952516790150031
2010-11-16 05:00:00,-0.015579405579896677,0.0005870278128998988,-0.004861061726514504
2010-11-17 05:00:00,0.0005078956735111717,-0.0019003977971859154,-0.0021230536630373557
2010-11-18 05:00:00,0.014718020575360757,0.010462478574287993,0.012763932595045647
2010-11-19 05:00:00,0.002750675613333975,0.0041089787325982565,0.002055486535455853
2010-11-22 05:00:00,-0.0008307817991776156,0.001199466104029612,0.001099401412140999
2010-11-23 05:00:00,-0.01447736551986345,-0.006707241660123331,-0.007444565875211795
2010-11-24 05:00:00,0.01477417028070449,0.0017243516161623337,0.0053732531548757005
2010-11-26 05:00:00,-0.011646740531586208,-0.0014312818080200124,-0.002343157482008218
2010-11-29 05:00:00,0.0030296903067632552,0.005238321054705652,0.004581147905839167
2010-11-30 05:00:00,-0.005622841773513465,-0.0012899545052635682,-0.0027591368168978668
2010-12-01 05:00:00,0.021267987026766466,0.003869011947752998,0.009043673429758405
2010-12-02 05:00:00,0.012809111529443085,0.0066427052709270296,0.0077557907092337345
2010-12-03 05:00:00,0.0026922396714996744,-0.0015215586425386454,0.0005304399633164869
2010-12-06 05:00:00,-0.0010577859852411997,0.005014211752827702,0.003488187115717456
2010-12-07 05:00:00,0.0005703686619986659,-0.008221103697754329,-0.006763907517813538
2010-12-08 05:00:00,0.0036634111718083506,-0.001666723782384727,6.427371750072908e-05
2010-12-09 05:00:00,0.0038936845768242634,0.004309071472673587,0.0035502075720109773
2010-12-10 05:00:00,0.0058175903713229005,0.0010576357339272314,0.0015136593084730588
2010-12-13 05:00:00,0.0006426244010582227,0.001888704809586761,0.0025037697069352216
2010-12-14 05:00:00,0.0008832724899656696,-0.005288386843054616,-0.004097935790463636
2010-12-15 05:00:00,-0.004572092216096446,-0.007952819940734223,-0.006915281920296433
2010-12-16 05:00:00,0.0058015711437313655,0.006252241653228197,0.005217988390914863
2010-12-17 05:00:00,0.0010715503424245654,0.00793790429332546,0.006875480670765643
2010-12-20 05:00:00,0.002413121294888798,0.0010185165266713536,0.00203253672461845
2010-12-21 05:00:00,0.006340525334487257,0.006596104257691415,0.006534631455024242
2010-12-22 05:00:00,0.003110281243234425,-0.0009910481773077963,0.00024409450134599297
2010-12-23 05:00:00,-0.0014311853949631193,-0.0016751187607566553,-0.0011009230032979931
2010-12-27 05:00:00,0.0003981301066002807,0.0038117278152411064,0.002734146601936338
2010-12-28 05:00:00,0.0014327456068143896,-0.006974564533944783,-0.003944717494912097
2010-12-29 05:00:00,0.000715070486991376,0.007196836329687529,0.005541449667556742
2010-12-30 05:00:00,-0.001588156464934154,-0.0012534745335995856,-0.002384041945866111
2010-12-31 05:00:00,0.00023861827327320562,0.004569344558529975,0.005348896547210958
2011-01-03 05:00:00,0.010337764166245433,0.0031850071886825758,0.004374988975637917
2011-01-04 05:00:00,-0.0005510522428925357,0.000140359689358438,-0.0013145802495754479
2011-01-05 05:00:00,0.005198062493932731,-0.005692106372087792,-0.0024271017946361105
2011-01-06 05:00:00,-0.0019587563377905237,0.0005742426103255928,-0.001204184728572444
2011-01-07 05:00:00,-0.0019626005941428826,0.0009559495892434548,5.519748820225211e-05
2011-01-10 05:00:00,-0.0012586002717698275,0.00141062901181086,0.002049115261147594
2011-01-11 05:00:00,0.0035443084502622124,-0.00011376503909774635,0.0015760653709731562
2011-01-12 05:00:00,0.009024469900733134,0.002295548717087659,0.0037239847145547067
2011-01-13 05:00:00,-0.0016334074839365886,0.0026004069372450814,0.001562079807639605
2011-01-14 05:00:00,0.007244542082151195,0.001793189910047976,0.0028976836282697087
2011-01-18 05:00:00,0.0017012125844686476,-0.0008520103666480596,-0.0004909036734215279
2011-01-19 05:00:00,-0.009805168675019793,-0.0029950169605347018,-0.003824214466790976
2011-01-20 05:00:00,-0.0013251591983475253,-0.006312521283445327,-0.005934589235601318
2011-01-21 05:00:00,0.002263959186908915,0.004530348831128128,0.0047489098466118925
2011-01-24 05:00:00,0.005686929408502683,0.003587265575587173,0.002685124827309904
2011-01-25 05:00:00,0.0005419155660784103,0.004125537637750698,0.0019128262825809147
2011-01-26 05:00:00,0.003870956982469531,-0.0037362133935260116,7.190960210412718e-06
2011-01-27 05:00:00,0.002467933325806193,0.003282777445328122,0.0019745148747149716
2011-01-28 05:00:00,-0.017462862684382352,-0.008378313784308998,-0.007641444509187822
2011-01-31 05:00:00,0.0075164479643379245,0.0014638951182652346,0.0037917804235885425
2011-02-01 05:00:00,0.016008811174275328,0.007625092867337324,0.008856200043067086
2011-02-02 05:00:00,-0.0019122355000250613,-0.001059293929912397,-0.00010704420072693555
2011-02-03 05:00:00,0.002222146473501274,-0.001982861940727521,-0.001808552905046734
2011-02-04 05:00:00,0.0028290424257990665,-0.002359047514888202,-0.0018999032737363145
2011-02-07 05:00:00,0.006252524168713469,0.005822778416783202,0.005025926862274954
2011-02-08 05:00:00,0.004546501547089132,-0.0009457962788220978,0.0006372037212034389
2011-02-09 05:00:00,-0.0022630374413007415,0.0021242531274918044,0.0017401800635566513
2011-02-10 05:00:00,0.00037835513085138217,-0.004390833413711714,-0.003824208270171314
2011-02-11 05:00:00,0.005970067133012513,0.009342453133101624,0.007554526002722861
2011-02-14 05:00:00,0.0024038542585809175,0.0017103403022508345,0.0021319943763490334
2011-02-15 05:00:00,-0.0031473991707740012,-0.00010077392440521727,-0.0018328624274786764
2011-02-16 05:00:00,0.006315272979260378,0.002498792533094818,0.003560308876333007
2011-02-17 05:00:00,0.0029885776873728176,0.0024179474105942233,0.00257609684803497
2011-02-18 05:00:00,0.002085176592594662,3.5309694573102887e-06,0.00021097247556528526
2011-02-22 05:00:00,-0.020069641972710328,-0.006052123798959141,-0.007688967527290369
2011-02-23 05:00:00,-0.006144242403518518,-0.0022335643365280155,-0.0003629430803129049
2011-02-24 05:00:00,-0.0006868211332952123,0.0021332159764490878,0.0006092117762469097
2011-02-25 05:00:00,0.01069246292345416,0.008769678526160129,0.010385745827161407
2011-02-28 05:00:00,0.006196619153048033,0.004238074607069464,0.004276564347358502
2011-03-01 05:00:00,-0.016672648781640875,-0.008843937844455984,-0.007619732138231794
2011-03-02 05:00:00,0.0021382793051933913,-0.004866121977580962,-0.0029310835023999443
2011-03-03 05:00:00,0.01722441232907057,0.006420480292017494,0.0073659969102640825
2011-03-04 05:00:00,-0.007492119103973405,-0.0011641230650471178,-0.001501540503889909
2011-03-07 05:00:00,-0.007851022180758171,-0.0072656408614276465,-0.0070869385943376
2011-03-08 05:00:00,0.008749893576222911,0.0028116592163599293,0.0025628499199123575
2011-03-09 05:00:00,-0.0014330788078252832,0.0030209237555430817,0.0024503288883652944
2011-03-10 05:00:00,-0.018505721972729372,-0.0043889580459831375,-0.0076927851969192055
2011-03-11 05:00:00,0.006925909469817748,0.001896437184678934,0.0018880515723106344
2011-03-14 04:00:00,-0.006037905266941035,-0.0037978859023230166,-0.0034828235087270396
2011-03-15 04:00:00,-0.011457068641952284,-0.0008853960891774147,-0.006034950266775996
2011-03-16 04:00:00,-0.018512612725900768,-0.0065858207950942665,-0.007119556705603137
2011-03-17 04:00:00,0.013234871144403693,0.004874998853642242,0.008746853278127263
2011-03-18 04:00:00,0.0036371992964767674,0.0032550279088343625,0.003562147128162008
2011-03-21 04:00:00,0.015498084657471267,0.006944568986329802,0.008004207318493495
2011-03-22 04:00:00,-0.003468522382523931,-0.0007463708988966198,-0.000343297162129552
2011-03-23 04:00:00,0.0028617098309180466,0.0012022045661644666,0.0015303842428148861
2011-03-24 04:00:00,0.00956343077146471,0.002730640270985063,0.003814270250914409
2011-03-25 04:00:00,0.003055607350510803,0.0008377416781886191,0.0013511959876205905
2011-03-28 04:00:00,-0.0024368123611373527,-0.0008979355610469142,-0.0023912190789501797
2011-03-29 04:00:00,0.006718304801051511,0.0009541949421825176,0.002291771529001296
2011-03-30 04:00:00,0.006901574953170453,0.007329116045713491,0.006399110381993645
2011-03-31 04:00:00,-0.001355806047936059,-0.0016367892201850642,0.00013360399415242048
2011-04-01 04:00:00,0.004223249011646946,0.004478480405685747,0.004680653365375731
2011-04-04 04:00:00,0.000826465572473678,0.0009296515586961983,0.0017326610816726707
2011-04-05 04:00:00,-0.00015022367007899717,-0.0016938108765602866,-0.0011961144812771551
2011-04-06 04:00:00,0.003152189976831865,-0.004113815672451171,-0.002322489551681317
2011-04-07 04:00:00,-0.0025435598649625746,-0.0023211092017211945,-0.0019295722900121491
2011-04-08 04:00:00,-0.0034503865326702687,-0.004195456013400411,-0.0012908340586334274
2011-04-11 04:00:00,-0.0030106787839225824,-0.0014504141018447214,-0.0033877824267411817
2011-04-12 04:00:00,-0.007474085277288989,-0.00017147088914413154,-0.0032924737419469216
2011-04-13 04:00:00,-7.613451185728426e-05,0.002461980440562095,0.002617073866299169
2011-04-14 04:00:00,0.0007606477274195722,0.00015029925274694377,0.00048546123398826027
2011-04-15 04:00:00,0.0036484094732596173,0.007614038991650096,0.006773757323215812
2011-04-18 04:00:00,-0.011208438757132733,-0.00581863792213202,-0.006654797294722737
2011-04-19 04:00:00,0.00574441112484525,0.005169268733453069,0.0047708809805044215
2011-04-20 04:00:00,0.013631752050801138,0.005606161128584031,0.007830539943663261
2011-04-21 04:00:00,0.005108821905429828,0.0027201050021367743,0.003537038016082639
2011-04-25 04:00:00,-0.00104606835139609,0.0008842263333054269,0.0002224356090922752
2011-04-26 04:00:00,0.008605199870592495,0.009036118773227696,0.008036240140446403
2011-04-27 04:00:00,0.006528550871518268,-0.00017447121149318824,0.001449504603047169
2011-04-28 04:00:00,0.0032431392709839635,0.005002977614755722,0.003515434681017382
2011-04-29 04:00:00,0.002351207755337814,0.0026503841312396585,0.0033857623912289855
2011-05-02 04:00:00,-0.0015396063795733994,-0.000282266257041197,-0.0014457762041717114
2011-05-03 04:00:00,-0.0035970066641284326,0.00010588215023545934,-0.0015051087013188134
2011-05-04 04:00:00,-0.006630828660075139,-0.0021945260068072514,-0.004240523251240658
2011-05-05 04:00:00,-0.009048177159474702,-0.0016225878030962757,-0.009273342233151283
2011-05-06 04:00:00,0.004415752766004699,0.0008897332453824624,0.0010159548867205938
2011-05-09 04:00:00,0.003874757559425124,0.0019041758316464816,0.005680671020905715
2011-05-10 04:00:00,0.008535847744876479,0.002257629899524671,0.0038842292987785413
2011-05-11 04:00:00,-0.010524654851951643,-0.004024210469078837,-0.0078053996890978805
2011-05-12 04:00:00,0.004760755684931617,0.00032587204574712186,0.0010620884099734385
2011-05-13 04:00:00,-0.007699397615514858,-0.001011666993591653,-0.0017411682325295
2011-05-16 04:00:00,-0.006341428903210655,-0.001574868532150919,-0.003440912881120339
2011-05-17 04:00:00,-0.00015000445465518375,0.004009418176801872,0.003228808209362732
2011-05-18 04:00:00,0.00893592484275696,6.0877615676168013e-05,0.0034048377132314457
2011-05-19 04:00:00,0.002381462330059536,0.0012613385050353363,0.0005185014908798412
2011-05-20 04:00:00,-0.007944268905406893,-0.004556893036380871,-0.003680831061071798
2011-05-23 04:00:00,-0.011601133447147749,-0.005030131179076402,-0.007114132761446734
2011-05-24 04:00:00,-0.0008329861304575692,0.001003371933451258,0.0019780076331505025
2011-05-25 04:00:00,0.0033344965327151144,0.00012858052272091136,0.002407337626898032
2011-05-26 04:00:00,0.004608032239124427,0.006192553073503149,0.005704725883785944
2011-05-27 04:00:00,0.0038338611394159727,0.0021348133547541615,0.0027445687891846982
2011-05-31 04:00:00,0.01041155485119627,0.007158770200146547,0.00749597818430745
2011-06-01 04:00:00,-0.022461302026780317,-0.00807082350524526,-0.010678503363470015
2011-06-02 04:00:00,-0.001061445543348194,-0.008256622694178973,-0.005481250840319662
2011-06-03 04:00:00,-0.00994458954069255,-0.003669595728222963,-0.003845613601829423
2011-06-06 04:00:00,-0.010580948673376556,-0.009380142200990482,-0.009779277640562778
2011-06-07 04:00:00,-0.0006199301224246723,0.0014692625122174397,0.0019454214412742532
2011-06-08 04:00:00,-0.0041876630530154335,0.000611198742103958,0.0006585962766348486
2011-06-09 04:00:00,0.007631351288823307,0.0029668713017679594,0.003928523049935251
2011-06-10 04:00:00,-0.013910391661899335,-0.005275636990593857,-0.007089038945407133
2011-06-13 04:00:00,0.0007835022503899225,-0.001547496597910758,-0.0017036024092370707
2011-06-14 04:00:00,0.01268609648335306,0.0015691310651703367,0.003777915473655802
2011-06-15 04:00:00,-0.017785327377503823,-0.0034016954097200406,-0.007893237035634982
2011-06-16 04:00:00,0.0022044961589982037,0.003138912745892508,0.002277821181205897
2011-06-17 04:00:00,0.002984059637822334,-9.944172977922622e-05,-6.976802948347469e-05
2011-06-20 04:00:00,0.005115865646386775,0.0035647376156849207,0.002893553633859103
2011-06-21 04:00:00,0.013704308300820367,0.006449392888658689,0.006961497692150453
2011-06-22 04:00:00,-0.006025449641708702,-0.0033663199383825223,-0.0029816673816907887
2011-06-23 04:00:00,-0.0028756737064498106,0.0013366808238515885,-0.0015506845271882283
2011-06-24 04:00:00,-0.011613344942006054,-0.00865167619030418,-0.009419562664473179
2011-06-27 04:00:00,0.008910800903025207,-0.00013894397318812198,0.0011970146997727915
2011-06-28 04:00:00,0.013053101958509838,0.004611705400342858,0.007186660866219962
2011-06-29 04:00:00,0.008564301790872975,0.0024824512277680007,0.004955191599526054
2011-06-30 04:00:00,0.00956229361405625,0.005100668489879955,0.00420074340481824
2011-07-01 04:00:00,0.014775868701672357,0.008225801289054945,0.008523836356238022
2011-07-05 04:00:00,-0.0008213490547550606,0.0004041501707273909,0.0015247489350913802
2011-07-06 04:00:00,0.0011958192846350801,0.0027636959502542967,0.0022181237303552813
2011-07-07 04:00:00,0.010375211658861128,0.005037695677932641,0.0074448191589434835
2011-07-08 04:00:00,-0.007092100215744912,0.001402044670311975,-0.00011226962520873886
2011-07-11 04:00:00,-0.018080134451903374,-0.004850438965989733,-0.007117304958391368
2011-07-12 04:00:00,-0.004319193385188269,-0.001227880310992413,-0.000694535997894774
2011-07-13 04:00:00,0.0033486287962525285,0.0031211741360923197,0.004209844338046942
2011-07-14 04:00:00,-0.0069024440878645565,-0.009849907031732852,-0.008981831146652864
2011-07-15 04:00:00,0.00580474468088954,0.004149672866373644,0.004875829156742362
2011-07-18 04:00:00,-0.008200933564402213,-0.008788720767924873,-0.008378875188810064
2011-07-19 04:00:00,0.01623147553435267,0.018054541384673863,0.016667797205282133
2011-07-20 04:00:00,-0.0006029978821374682,-0.0050936053442216305,-0.003583323539203808
2011-07-21 04:00:00,0.013871360155318646,0.005241924073837011,0.005522735381861133
2011-07-22 04:00:00,0.0006690910287801,0.0034225942568655745,0.003486980083619495
2011-07-25 04:00:00,-0.0055727890597065954,-0.007716496764967662,-0.007111089118187231
2011-07-26 04:00:00,-0.0037362096033964898,0.000495265989768812,0.0005953342348770764
2011-07-27 04:00:00,-0.020475404495344574,-0.012243621144931804,-0.012934959758925267
2011-07-28 04:00:00,-0.002910045964699237,-0.00024088332727296709,-0.0009436446439982649
2011-07-29 04:00:00,-0.006834509282825363,0.0038145556162975554,0.0010168677205738548
2011-08-01 04:00:00,-0.004252419800985341,0.0014856662996313168,0.0004763867545756863
2011-08-02 04:00:00,-0.025547520302883653,-0.003317759792769024,-0.006320447890009316
2011-08-03 04:00:00,0.0054188293690788925,0.004038713230467561,0.0023557279948651644
2011-08-04 04:00:00,-0.04684164279370784,-0.013872444916647164,-0.021218693004290266
2011-08-05 04:00:00,-0.0014971826148686418,-0.01243960572737537,-0.009136189498382973
2011-08-08 04:00:00,-0.0651227330230687,-0.02644674523901533,-0.03331615717907117
2011-08-09 04:00:00,0.04649903509524722,0.029112216619721076,0.029781988636615252
2011-08-10 04:00:00,-0.04417776307200527,-0.01460540212850625,-0.017152453222157815
2011-08-11 04:00:00,0.0448838767226265,0.006750826769743808,0.01396343282050868
2011-08-12 04:00:00,0.0067332635413313024,0.011960852536659815,0.009841499366872463
2011-08-15 04:00:00,0.021164713838152105,0.008644780368244565,0.010877383949148911
2011-08-16 04:00:00,-0.008538830025624833,0.0014984666179781673,-0.00015697454036009938
2011-08-17 04:00:00,0.0006688392858102965,0.007404987329733893,0.006514353919189686
2011-08-18 04:00:00,-0.043118441581775246,-0.017655671769995183,-0.022166019537235147
2011-08-19 04:00:00,-0.016330659461634922,-0.0065710507669533465,-0.005594037953888687
2011-08-22 04:00:00,0.0007990573071199325,-0.0005277816429916538,-0.0001041612990175578
2011-08-23 04:00:00,0.03291049569489912,0.014228951579838788,0.016637448806709254
2011-08-24 04:00:00,0.014084294297283417,-0.002921457807396834,-0.0010971261550928098
2011-08-25 04:00:00,-0.01524380192053143,-0.004818116822329577,-0.005454187722905757
2011-08-26 04:00:00,0.014533737783783751,0.012667015254383473,0.012807368020337506
2011-08-29 04:00:00,0.028736250744507474,0.011711158523422548,0.013431535742554112
2011-08-30 04:00:00,0.00263658277117762,0.008012539786684814,0.007751239343530591
2011-08-31 04:00:00,0.004438238967193975,-0.0035188132737174363,-0.0018073211198090685
2011-09-01 04:00:00,-0.010473332846102523,0.0021952891942348405,-0.0006208113881892909
2011-09-02 04:00:00,-0.02554969383587491,-0.002335460782631204,-0.006118269968119683
2011-09-06 04:00:00,-0.007296915717898589,-0.00021839105047254375,-0.0015940191857052753
2011-09-07 04:00:00,0.02820701512771162,0.009288671120448953,0.012106950742202924
2011-09-08 04:00:00,-0.010391496690952517,-0.0026478317496700264,-0.004212158365877872
2011-09-09 04:00:00,-0.026209907190693826,-0.011459714775266147,-0.01410556708865117
2011-09-12 04:00:00,0.006470285885252114,0.004304639624241524,0.003960030852223017
2011-09-13 04:00:00,0.009170921928933984,-0.00019030245021745083,0.0009249090486220686
2011-09-14 04:00:00,0.013844029069582486,0.011692909882224533,0.010365662420487441
2011-09-15 04:00:00,0.017257486392027843,0.004239307698665495,0.006182052576128649
2011-09-16 04:00:00,0.005918333635765105,0.006458756125493893,0.005285241904671256
2011-09-19 04:00:00,-0.009957125067606376,0.0016522112642602732,-0.0019452402366187944
2011-09-20 04:00:00,-0.0011632569953931027,0.0009806689254226566,0.00038552595221101875
2011-09-21 04:00:00,-0.029458697265980494,-0.0044418187219254605,-0.009226976189199421
2011-09-22 04:00:00,-0.03232427149377404,-0.004360047080731564,-0.011651856500901947
2011-09-23 04:00:00,0.006024890256012494,-0.003825084088906206,-0.0037408895440993353
2011-09-26 04:00:00,0.023780517948979396,0.00784634627284415,0.009790814053204578
2011-09-27 04:00:00,0.011183283789494292,0.0005863640057691905,0.003806465347755872
2011-09-28 04:00:00,-0.020418207659000265,-0.012387447072075284,-0.01504804140441478
2011-09-29 04:00:00,0.007903454791475362,0.007510224738470495,0.00799419932428529
2011-09-30 04:00:00,-0.02498892046725132,-0.004945526263317212,-0.01090703858305193
2011-10-03 04:00:00,-0.0284582553179068,-0.006066907209089511,-0.009323783008641317
2011-10-04 04:00:00,0.021922790842578976,0.008081142698455855,0.009154130047886533
2011-10-05 04:00:00,0.018515442938376037,0.008229937102637929,0.010357660144501391
2011-10-06 04:00:00,0.01809113662658768,0.00347176131075888,0.007400016929387299
2011-10-07 04:00:00,-0.006695521610449173,-0.006972434897927782,-0.006687003505745337
2011-10-10 04:00:00,0.033445771013676406,0.014418079453443245,0.018069530493890994
2011-10-11 04:00:00,0.0010030700421073124,-0.0007366336544655016,0.00034036266357608815
2011-10-12 04:00:00,0.008772215093945324,-0.0005550493215898738,0.0010837781995786328
2011-10-13 04:00:00,-0.001987434703981883,0.0027903658550870957,0.002015327167071912
2011-10-14 04:00:00,0.01709426041259743,0.00444468856285689,0.008172887178201782
2011-10-17 04:00:00,-0.019091535817652106,-0.004539286232875095,-0.0077034372528247755
2011-10-18 04:00:00,0.019546103987686747,0.009243183064805737,0.010410370279452009
2011-10-19 04:00:00,-0.011829262591120826,-0.0072367307104857165,-0.009157054466111758
2011-10-20 04:00:00,0.004375552350894596,-0.00022259750113153834,0.00034167516227882064
2011-10-21 04:00:00,0.01898725841525306,0.007159225643890688,0.008735272921402549
2011-10-24 04:00:00,0.012261365616920372,0.0080285172673892,0.009442640754119868
2011-10-25 04:00:00,-0.01944411304862992,-0.0015001703672562015,-0.0037157902284385754
2011-10-26 04:00:00,0.01015869754445875,-0.000892898483166738,0.0002765170632013982
2011-10-27 04:00:00,0.034834921613300596,0.00734218412860441,0.013382570003866012
2011-10-28 04:00:00,-0.0002331625461625686,0.004066924837891884,0.0025907357136959906
2011-10-31 04:00:00,-0.024105808783067006,0.0013984904048023328,-0.0040945370087722924
2011-11-01 04:00:00,-0.027888404710844417,-0.0033430540403789986,-0.00788102403626001
2011-11-02 04:00:00,0.016311553573953752,0.00479726010802146,0.0066653345639317236
2011-11-03 04:00:00,0.018227066324963292,0.005442920810751549,0.008049931242031514
2011-11-04 04:00:00,-0.006098724163131619,-0.0031779714132477376,-0.002975720703131124
2011-11-07 05:00:00,0.006215897075492638,0.006270754645609245,0.007100278584442887
2011-11-08 05:00:00,0.012830542293188252,0.002579554768506797,0.004352202034057629
2011-11-09 05:00:00,-0.03690954119895817,-0.013849736640196661,-0.01813116763360557
2011-11-10 05:00:00,0.00941867074983338,-0.00030887900901981416,0.0010736496319989635
2011-11-11 05:00:00,0.018822563069692544,0.00885289876580031,0.010431500793581839
2011-11-14 05:00:00,-0.009474276417903216,0.0007487857837492843,-0.0019252808094583182
2011-11-15 05:00:00,0.00494177851373534,0.0024201111740582704,0.0032744866625941563
2011-11-16 05:00:00,-0.01586331079687675,-0.0058707287955454875,-0.007032092006369217
2011-11-17 05:00:00,-0.015876348314713518,-0.00631662583826955,-0.009442015093179911
2011-11-18 05:00:00,-0.0010648021506314276,-0.0007394021868648348,-0.0008606303626836453
2011-11-21 05:00:00,-0.0190196488797989,-0.009032285078744363,-0.010360017482700256
2011-11-22 05:00:00,-0.003927448666648958,0.002108586260062984,0.0016567616611586455
2011-11-23 05:00:00,-0.022065520932817995,-0.009318049944527961,-0.011801844025583586
2011-11-25 05:00:00,-0.001887507552222889,-0.006941049885150452,-0.006307978588268548
2011-11-28 05:00:00,0.028966743289321473,0.01718145879500845,0.018469840799788074
2011-11-29 05:00:00,0.002840149983437179,-0.0015758717763825652,0.0005418697180306633
2011-11-30 05:00:00,0.04114959592514689,0.018443370289222293,0.021176262732562724
2011-12-01 05:00:00,-0.00015996850334998314,-0.002102542384238504,-0.0019626942905478285
2011-12-02 05:00:00,-0.0008803608346720226,0.005078406392759339,0.004548213059296202
2011-12-05 05:00:00,0.010892176740309623,0.005726054866377294,0.005388402096029043
2011-12-06 05:00:00,0.00031689717710725596,-0.003627315555768185,-0.002130055068489789
2011-12-07 05:00:00,0.0037226931136833397,0.0036660425383596706,0.002444002336718432
2011-12-08 05:00:00,-0.021936531081147903,-0.008165740721166914,-0.010685668196354104
2011-12-09 05:00:00,0.01694246385874454,0.0019412521057381674,0.004365088627038427
2011-12-12 05:00:00,-0.014597706778750053,-0.00430311570287063,-0.006699501725572055
2011-12-13 05:00:00,-0.009338971981817767,-0.001874933321259764,-0.0023987461748861574
2011-12-14 05:00:00,-0.010645929650682007,0.001168632877231613,-0.004269392782732295
2011-12-15 05:00:00,0.003614147685642166,0.0006854844988895435,0.0005579504788076229
2011-12-16 05:00:00,0.0014824833083852962,0.005553721919026655,0.005196617496283506
2011-12-19 05:00:00,-0.010691483503086685,-0.00134604193978407,-0.0030718000089567598
2011-12-20 05:00:00,0.030260048164405973,0.00817752262145821,0.012975406345266206
2011-12-21 05:00:00,0.0019363725036207757,-0.004401675157446228,-0.0022978551048456475
2011-12-22 05:00:00,0.008859245488326728,0.0069948621543198366,0.006686810418949384
2011-12-23 05:00:00,0.008940599368012725,0.0009162087606479734,0.0025120585890340717
2011-12-27 05:00:00,0.0007913306821680788,0.0023747859537380568,0.0023442390825646254
2011-12-28 05:00:00,-0.013123663817482534,-0.0004786504989701783,-0.0035074793086693483
2011-12-29 05:00:00,0.01033392927276,0.006929762578017718,0.0070459169024661645
2011-12-30 05:00:00,-0.004915917601937436,-0.0016588071771279408,-0.00213031000326227
2012-01-03 05:00:00,0.015936204744575244,0.003557294771306196,0.008039034398447897
2012-01-04 05:00:00,0.0015688064552359382,-0.00381408577483513,-0.0018654837675519788
2012-01-05 05:00:00,0.0026624187499879604,0.0008854666418891987,-0.000300989274922514
2012-01-06 05:00:00,-0.002577075577662069,0.0016117655544393595,0.0012591003097867756
2012-01-09 05:00:00,0.0024272414600436942,0.0007484886495833453,0.0010342075264652805
2012-01-10 05:00:00,0.008670565438982036,0.004527554658821619,0.005420359158136367
2012-01-11 05:00:00,0.00054185228303405,0.0055315924683558395,0.003942402998828964
2012-01-12 05:00:00,0.002399552478699496,0.0008722216324586363,-0.0003918000735860128
2012-01-13 05:00:00,-0.005173637093124017,0.000872755317982477,-0.0003408725984359041
2012-01-17 05:00:00,0.00388103604784229,0.0041817239656727345,0.0044146821600328685
2012-01-18 05:00:00,0.011056216664538265,0.0017917864804220859,0.0030386663367407917
2012-01-19 05:00:00,0.005276319561688059,-0.002335633784939307,-0.0005237496022810648
2012-01-20 05:00:00,0.003727597522306114,-0.002293732057454978,-0.0018855463369842006
2012-01-23 05:00:00,-0.002576812067132117,-0.00407619588244037,-0.002276218940389496
2012-01-24 05:00:00,-0.0011398793292480836,3.866704453066034e-05,3.833959887005191e-05
2012-01-25 05:00:00,0.008367366379457009,0.004058659081710969,0.005127031849535069
2012-01-26 05:00:00,-0.005129174039832818,0.0022251028040626295,0.0011850614725490648
2012-01-27 05:00:00,-0.0004554477446114813,0.0009839584971089279,0.0010256560741731756
2012-01-30 05:00:00,-0.0034137464726361477,0.002660785070845218,0.00045478777945727705
2012-01-31 05:00:00,-0.00038048052377681607,0.004391635610380229,0.0029857561112325627
2012-02-01 05:00:00,0.008757283913480185,0.0006727421558197387,0.002141535141883999
2012-02-02 05:00:00,0.001584571381884281,0.0007824988912075614,0.0010752706079289686
2012-02-03 05:00:00,0.014019407511732584,-0.00018376321951292345,0.003144086030013904
2012-02-06 05:00:00,-0.0006691928569960703,0.0035790631070255377,0.0030782735787391324
2012-02-07 05:00:00,0.0025291170678021224,-0.0034432716313004715,-0.0022733439379147955
2012-02-08 05:00:00,0.0029674098006196026,0.0020901788209554796,0.002469825489357924
2012-02-09 05:00:00,0.0012574558250268986,-0.0022363196667182453,-0.0009635865346570017
2012-02-10 05:00:00,-0.007387900040505824,0.0007626978846356327,-0.0014762710329701669
2012-02-13 05:00:00,0.0074428873482474955,0.004978495877030742,0.005096353118013797
2012-02-14 05:00:00,-0.0012558766156611778,0.0013637769732872673,0.0007993923011075932
2012-02-15 05:00:00,-0.004660021604280362,-0.0035094007671860215,-0.002980301929014117
2012-02-16 05:00:00,0.011073035063485781,0.003445008521686654,0.004699083516242175
2012-02-17 05:00:00,0.0026462010651864265,0.001484687727837608,0.0013364852533011228
2012-02-21 05:00:00,0.0004398933972811214,-0.0041618566851225666,-0.0014869316014643917
2012-02-22 05:00:00,-0.003224132464001883,0.0030959308952903447,0.002764895603786699
2012-02-23 05:00:00,0.004410647654727873,0.0026463885928367237,0.0029524088762596934
2012-02-24 05:00:00,0.0021955681409693284,0.003921455636854088,0.003880592613907074
2012-02-27 05:00:00,0.0016800568527073345,0.004548594325424471,0.002854833975224946
2012-02-28 05:00:00,0.0029161354151674423,0.0004336862870147227,0.0007287216812821407
2012-02-29 05:00:00,-0.003925659095744272,-0.004792844958456822,-0.004557259981779793
2012-03-01 05:00:00,0.005181578381362462,-0.0006568498912897791,0.0018535075964076998
2012-03-02 05:00:00,-0.0030495303646641547,0.0019271577520931563,-1.9465065564305915e-05
2012-03-05 05:00:00,-0.004078145943928635,-0.005622426080296505,-0.005303436744115064
2012-03-06 05:00:00,-0.014625039429833175,-0.00392196863530405,-0.006771221710782659
2012-03-07 05:00:00,0.006975885420079875,0.001737061436442166,0.0027996226151697275
2012-03-08 05:00:00,0.00994885983690641,0.001965947393039835,0.003794663860475911
2012-03-09 05:00:00,0.0038675654467072995,0.003115706477214708,0.0031906121056144206
2012-03-12 04:00:00,7.270920903312827e-05,-2.551632173886098e-05,-0.0001446945004210165
2012-03-13 04:00:00,0.018025957856432795,0.0037779612523823657,0.005981498698116971
2012-03-14 04:00:00,-0.001071388045912225,-0.010720622384239743,-0.00888144282337855
2012-03-15 04:00:00,0.00578989931402174,0.004086047774217905,0.004001513444514648
2012-03-16 04:00:00,0.0013846337103435857,0.0016221259822075673,0.0026563145972400503
2012-03-19 04:00:00,0.003920234427980729,-0.0024220170247062803,-0.001397498237266481
2012-03-20 04:00:00,-0.0029108282313051737,-0.00014809347485844593,-0.001766801064705348
2012-03-21 04:00:00,-0.0016377060896157758,0.0035407898591762964,0.002169969286072604
2012-03-22 04:00:00,-0.0072036047711707685,-0.0030341525138401597,-0.004146531959669774
2012-03-23 04:00:00,0.003232137568427218,0.005719892542677352,0.005744598777045229
2012-03-26 04:00:00,0.014035439596408628,0.0063719640184936015,0.007330259135252636
2012-03-27 04:00:00,-0.003106736693008094,0.0010126962839285937,-0.00011632947224978748
2012-03-28 04:00:00,-0.004958533638113494,-0.0035395275880902408,-0.004358646934810184
2012-03-29 04:00:00,-0.0017090152910619327,0.0019761544603347668,-0.0001592771557202171
2012-03-30 04:00:00,0.004136566620576154,-0.004281998508111018,-0.0014674095707998375
2012-04-02 04:00:00,0.007314223670974007,0.006604508213050986,0.0073352326976690255
2012-04-03 04:00:00,-0.004088585072828166,-0.009384663990094988,-0.008097442430023681
2012-04-04 04:00:00,-0.00991109311256999,-0.0004483729722919655,-0.0033725400234061896
2012-04-05 04:00:00,-0.000500463156155595,0.00258978782107131,0.0022520386188610297
2012-04-09 04:00:00,-0.011230820757280657,0.002614156264794422,-0.00017699218053383056
2012-04-10 04:00:00,-0.016785115397800254,-0.0055362129953051556,-0.007999977418084104
2012-04-11 04:00:00,0.008094103805738051,6.450942551028405e-05,0.0015108070639310745
2012-04-12 04:00:00,0.0130653170727828,0.006176300677676227,0.007901297841246577
2012-04-13 04:00:00,-0.011887752306236288,-0.000662112753768861,-0.0032926763127057663
2012-04-16 04:00:00,-0.000656194223845552,-0.0009756149382646796,-0.0018181449073268576
2012-04-17 04:00:00,0.01481178178303555,0.008647031608387533,0.009170343072136898
2012-04-18 04:00:00,-0.0033791175806069385,-0.00086108725417533,-0.002110483440531041
2012-04-19 04:00:00,-0.006421063592062848,-0.0034763345329960724,-0.00353458192188536
2012-04-20 04:00:00,0.0016701220184791588,0.0010705143061374043,0.0014472553985768854
2012-04-23 04:00:00,-0.008408949843954128,-0.002141176473975159,-0.003045568535132137
2012-04-24 04:00:00,0.0038012040795969426,-0.0005348656256124688,0.00016903139273019
2012-04-25 04:00:00,0.013691841211529665,0.006165580686053352,0.007249607017921322
2012-04-26 04:00:00,0.006968870209028477,0.00658452496714883,0.006196874802263008
2012-04-27 04:00:00,0.0016411169781742618,0.0013265432132387733,0.0015601047325010553
2012-04-30 04:00:00,-0.003703730130915628,-0.002119881579567351,-0.001756784558669677
2012-05-01 04:00:00,0.006219912746138201,0.0016570703951359622,0.002175789708272702
2012-05-02 04:00:00,-0.002984279221176833,0.0010265202867179247,-0.000980089962582431
2012-05-03 04:00:00,-0.007625461083256235,-0.004677610811385868,-0.005757611796014538
2012-05-04 04:00:00,-0.016158167783678734,-0.006555268236052146,-0.009107208722272253
2012-05-07 04:00:00,0.0007299841097303528,0.0005056741507669215,0.00026849858090608467
2012-05-08 04:00:00,-0.004011593762057175,-0.0002743399434647518,-0.0011754258576933574
2012-05-09 04:00:00,-0.005931978855212905,-0.0032898964740610158,-0.004132698563014314
2012-05-10 04:00:00,0.0020629713163660135,6.021754952523217e-05,0.000391829051162318
2012-05-11 04:00:00,-0.0030143332051560945,0.0014986182142612272,-7.223764854873431e-05
2012-05-14 04:00:00,-0.01106091874689108,-0.0010463765074916857,-0.0037557518338925955
2012-05-15 04:00:00,-0.005742067599756262,-0.0018278693908427843,-0.002042328792455583
2012-05-16 04:00:00,-0.0038244301100239797,-0.0011438051479453425,-0.0015452444606056214
2012-05-17 04:00:00,-0.01483140384382775,-0.0018173979874827485,-0.0038154530767121496
2012-05-18 04:00:00,-0.00855842528423234,-0.005038531586505934,-0.005138736555749301
2012-05-21 04:00:00,0.01718859713662302,0.009475700411336118,0.011017387584852711
2012-05-22 04:00:00,0.0017422261421471408,-0.003408517094359854,-0.003722559897639255
2012-05-23 04:00:00,0.0005296819804103681,0.0030921523650300656,0.0012933776839045505
2012-05-24 04:00:00,0.0019656974255348736,-0.00034398334262402135,7.539816587776035e-05
2012-05-25 04:00:00,-0.0032445889027926667,-0.0004501565601436441,-0.00047760764785311784
2012-05-29 04:00:00,0.012111951734188109,0.0060356358913331125,0.005921261784946418
2012-05-30 04:00:00,-0.014510053467969297,0.0014384790685628042,-0.0029480784204130033
2012-05-31 04:00:00,-0.0022009441812861352,0.003309382142840689,0.0012877998664723388
2012-06-01 04:00:00,-0.025176571925855318,-0.005609884119344398,-0.010044134488902111
2012-06-04 04:00:00,-0.00046844407283930245,-0.0034419568550764007,-0.002085385598452061
2012-06-05 04:00:00,0.007572185812786403,-0.000806927729045271,0.0001686115263931812
2012-06-06 04:00:00,0.02246890284706815,0.005487508415413166,0.00934304927485259
2012-06-07 04:00:00,0.0006057738204157115,0.0009710965343781464,0.000145378278114272
2012-06-08 04:00:00,0.00795182314807108,0.0046755921619269,0.005018717454610832
2012-06-11 04:00:00,-0.012697645585055484,-0.005797879103074676,-0.008082815835742229
2012-06-12 04:00:00,0.01149074296581376,0.0032373496188464294,0.00463784425507
2012-06-13 04:00:00,-0.0063944829822638605,0.00011100615056041123,-0.001642055703211642
2012-06-14 04:00:00,0.010600160533737801,0.005851652777566451,0.007157162060808031
2012-06-15 04:00:00,0.010227091967608848,0.008363592984933143,0.007646107921967215
2012-06-18 04:00:00,0.0019382573571840034,0.0033150035386974256,0.002857450351783375
2012-06-19 04:00:00,0.009672754885366341,0.0005784647217865748,0.002728803329694196
2012-06-20 04:00:00,-0.0016210067068395118,0.001004682027117698,-0.0011237509476398233
2012-06-21 04:00:00,-0.022438778789501845,-0.011336832055370415,-0.014015928871036618
2012-06-22 04:00:00,0.007701759334485692,-0.0007138903072210663,0.001613638064889544
2012-06-25 04:00:00,-0.01603497242405516,-0.003797980100933662,-0.004228731808798459
2012-06-26 04:00:00,0.005025808354410799,0.0014388180462354683,0.002522929291227238
2012-06-27 04:00:00,0.009016802294535609,0.006043229828060603,0.006449227742317486
2012-06-28 04:00:00,-0.002853655020811141,-0.0007322656530217573,-0.0020594095419483316
2012-06-29 04:00:00,0.024926709400541647,0.00975278134473405,0.015389091394405684
2012-07-02 04:00:00,0.0030120325614304555,0.005934567399306357,0.004708552529130016
2012-07-03 04:00:00,0.006593332600937751,0.0008820158749943464,0.004452059287927779
2012-07-05 04:00:00,-0.0045121189130384876,-0.0006635282735033997,-0.0007959481876598009
2012-07-06 04:00:00,-0.009503466357860701,-0.0019845479325307776,-0.00521407981760893
2012-07-09 04:00:00,-0.0012548974241146649,0.0027728562862035402,0.0036667725415157285
2012-07-10 04:00:00,-0.008720315413412338,-0.004420864420732018,-0.005913040026741745
2012-07-11 04:00:00,0.00014937968840156302,0.0005879947768348437,0.001577508152342011
2012-07-12 04:00:00,-0.004845136015818707,-7.642641159433207e-05,-0.0005561367028182882
2012-07-13 04:00:00,0.01677787369532968,0.009016504529519588,0.010492100612447496
2012-07-16 04:00:00,-0.0023570953480740453,0.0004437306423910937,0.0012152021317356708
2012-07-17 04:00:00,0.006866951011310407,0.0009762665960870269,0.0018732255082117397
2012-07-18 04:00:00,0.007406702062773496,0.004661406989971395,0.00549396455501403
2012-07-19 04:00:00,0.002620610264745915,0.0005477015507806549,0.002012663815451077
2012-07-20 04:00:00,-0.009148197283535109,-0.0006013514854478208,-0.0018232432066161322
2012-07-23 04:00:00,-0.01011200426520864,-0.003822079609139339,-0.006482531136328096
2012-07-24 04:00:00,-0.008586975454856982,-0.002001987890375489,-0.003381030788088246
2012-07-25 04:00:00,0.0002240234804926633,0.0011661289043133128,0.0016519832497707166
2012-07-26 04:00:00,0.016497464861975786,0.006236350231166997,0.007336438686841817
2012-07-27 04:00:00,0.018432956411104984,0.0035147779966271378,0.006432716385797043
2012-07-30 04:00:00,0.0,0.002989027473411454,0.002825290866016483
2012-07-31 04:00:00,-0.006994442845983939,-0.00339351317566694,-0.0047908252590860515
2012-08-01 04:00:00,-0.000871496860496479,-0.0025225049418943213,-0.001875815162204164
2012-08-02 04:00:00,-0.006904641505806497,-0.001875383643740269,-0.003285024125112912
2012-08-03 04:00:00,0.01983311466167459,0.00544467961839361,0.00875840056921955
2012-08-06 04:00:00,0.0019375132702821318,0.0013194109932174846,0.0018615769143239145
2012-08-07 04:00:00,0.005013656251907861,-0.0021378995726732083,-9.269825709751179e-05
2012-08-08 04:00:00,0.0012114955412552142,-0.0014030970225857866,-0.0005837590954685945
2012-08-09 04:00:00,0.0008541142314768546,0.0002249857452185644,0.0011191648873803417
2012-08-10 04:00:00,0.001635896076629395,0.002996318571545098,0.001960699808051058
2012-08-13 04:00:00,-0.0004970981312655276,-0.0009665218459323111,-0.0015837649407737576
2012-08-14 04:00:00,0.00014213794996664753,-0.005333331878774894,-0.003870869393026965
2012-08-15 04:00:00,0.0011360486070193243,-0.004940878573626507,-0.0026738151402177506
2012-08-16 04:00:00,0.007378991196021145,0.0010187794542116262,0.002262401936310576
2012-08-17 04:00:00,0.0013378905471430613,0.0027530960770050686,0.002407282433823932
2012-08-20 04:00:00,7.03641891190987e-05,0.0008646816307833039,0.0011192599595332808
2012-08-21 04:00:00,-0.003023950243906337,-4.16387440385301e-05,0.00043131070460336054
2012-08-22 04:00:00,0.0004228898625122657,0.006855418108307409,0.005728740715469715
2012-08-23 04:00:00,-0.008179146002136095,-0.003235385261073675,-0.004139695573136692
2012-08-24 04:00:00,0.006043179482121186,0.0032416088643926417,0.0028839381669680804
2012-08-27 04:00:00,0.00021168171275109948,0.002466461358503347,0.0014257609074886156
2012-08-28 04:00:00,-0.000989279523964548,0.0003623355072404523,0.00019381455522224925
2012-08-29 04:00:00,0.000778412678601681,-0.0012811172674727978,-0.000668078807213568
2012-08-30 04:00:00,-0.007208254602231179,-0.0022497264696130334,-0.0026631186358243132
2012-08-31 04:00:00,0.0047692521080477945,0.00851509883382091,0.008154714284252828
2012-09-04 04:00:00,-0.0009212068604961265,-0.0009546132895192682,-0.0008194030144741515
2012-09-05 04:00:00,-0.0008507066731147095,-0.002395297444246003,-0.002410194944323996
2012-09-06 04:00:00,0.020296741552997766,0.005517494884932228,0.00714773684518223
2012-09-07 04:00:00,0.003895065673628295,0.0004751569200261317,0.0020575568701109216
2012-09-10 04:00:00,-0.005681766761584051,-0.002441552981397166,-0.002545356746345684
2012-09-11 04:00:00,0.002787404765299817,-0.0008367503898261577,-2.628139688864848e-06
2012-09-12 04:00:00,0.0033354670659015984,-0.002984752825131665,-0.0012222402694435641
2012-09-13 04:00:00,0.015236551480595217,0.007568225833271036,0.008646102739487604
2012-09-14 04:00:00,0.004433833763311412,-0.007970719219334076,-0.004259246761347713
2012-09-17 04:00:00,-0.003395924561966246,0.00276384984280218,-0.001194663334916868
2012-09-18 04:00:00,-0.000817142358291445,0.001514426625222498,0.00028687263208283516
2012-09-19 04:00:00,0.0005453390634408972,0.0029533368613142933,0.0008333747219216093
2012-09-20 04:00:00,6.806427509986612e-05,0.0010317089793417278,0.0013497746280221935
2012-09-21 04:00:00,-0.0004179864488766949,0.0002106387726978465,0.0007633459896152273
2012-09-24 04:00:00,-0.001508230644225006,0.0022212582809811865,0.0003918480974286487
2012-09-25 04:00:00,-0.010641818906377054,-0.0024340777210098523,-0.0033159329958103887
2012-09-26 04:00:00,-0.005620880896979319,0.0009278157880752147,-0.000852492434368013
2012-09-27 04:00:00,0.00942100009812763,0.0028055469050734414,0.004760220182774344
2012-09-28 04:00:00,-0.004631637472714445,-0.0025534301579311245,-0.0020135439880178962
2012-10-01 04:00:00,0.002639207129529142,0.0030678871785850157,0.002836265589627041
2012-10-02 04:00:00,0.0010388763227804354,7.684272399743886e-05,-0.00030882913196449423
2012-10-03 04:00:00,0.004083191692286325,0.0025786210127472396,0.0008313654423144578
2012-10-04 04:00:00,0.007168249325889331,-0.0006873704808437525,0.002732080682740723
2012-10-05 04:00:00,6.862552814324019e-05,-0.005140320539281574,-0.004367777451859766
2012-10-08 04:00:00,-0.0034216236976531977,0.001314751336202891,0.0001925054761045877
2012-10-09 04:00:00,-0.009887438256375725,-0.006653190164663525,-0.005735131296174877
2012-10-10 04:00:00,-0.0063801643868749425,-0.001007140437336118,-0.0018867732862837161
2012-10-11 04:00:00,0.0005581782619861198,0.003103359086943547,0.003564290439627804
2012-10-12 04:00:00,-0.003278189546783161,-0.0009640954814040148,-0.002596499426861332
2012-10-15 04:00:00,0.008328307131414414,0.004093616644002429,0.0038290859553567814
2012-10-16 04:00:00,0.010132826820018925,0.000549881369978111,0.002002732358918991
2012-10-17 04:00:00,0.004535149641488934,-0.0009848082240847766,-2.3139990466736118e-05
2012-10-18 04:00:00,-0.002599017176276641,-0.004008372285298068,-0.0034313131401588312
2012-10-19 04:00:00,-0.01666459318443636,-0.0045704790249414765,-0.007440029602026155
2012-10-22 04:00:00,0.00013953817093859122,-0.00247909109967166,-0.00230267442415748
2012-10-23 04:00:00,-0.013876373141864518,-0.0026049564215860684,-0.005255115400829413
2012-10-24 04:00:00,-0.002828550338008551,-0.0056420890121188895,-0.004946447740472059
2012-10-25 04:00:00,0.0029072765104547482,-0.0002971893315110387,0.0004682110914504879
2012-10-26 04:00:00,-0.0005655476997056263,0.005551869955211442,0.004297092191028429
2012-10-31 04:00:00,0.0,0.0023481264281647544,0.0016885707816867155
2012-11-01 04:00:00,0.010470357205448089,0.003007458861976486,0.004007589414732638
2012-11-02 04:00:00,-0.00889167666939017,-0.005629037671272719,-0.007257829215769706
2012-11-05 05:00:00,0.0020485421269715864,0.0034862141325896273,0.0037694150437394213
2012-11-06 05:00:00,0.007825360643766599,0.0009214498209791696,0.0036551737197988545
2012-11-07 05:00:00,-0.022663484144972434,-0.006339709155305195,-0.01002079207461215
2012-11-08 05:00:00,-0.012024330935773153,-0.0012792742059743786,-0.002616800433308675
2012-11-09 05:00:00,0.0008690500832899684,0.0009667691358223873,0.0016589520210751553
2012-11-12 05:00:00,0.0007965470469175617,0.0011445477382285407,0.000506860935820419
2012-11-13 05:00:00,-0.00347153126504518,-0.0007514794776974252,-0.0012663508085619447
2012-11-14 05:00:00,-0.013498592015196209,-0.007719886854338487,-0.007522947926429357
2012-11-15 05:00:00,-0.0016925082455347962,-0.0018048525740085976,-0.002007509071469471
2012-11-16 05:00:00,0.004937552583835769,0.0026149173662092908,0.003139934252375831
2012-11-19 05:00:00,0.020239210039603384,0.009895910680646259,0.012348040797075412
2012-11-20 05:00:00,0.0004310169807961728,-0.003752134227685344,-0.003427293031107137
2012-11-21 05:00:00,0.0018679727171992955,0.000895625150498347,0.0013829384250940602
2012-11-23 05:00:00,0.013625076036487549,0.007789034405056405,0.008243196847134038
2012-11-26 05:00:00,-0.0021219869467096197,0.0006266299805050449,9.123662370136455e-06
2012-11-27 05:00:00,-0.005105004007911584,-0.001492190701163065,-0.0020276479053999317
2012-11-28 05:00:00,0.00805283902352838,0.004256701912601279,0.00407880001511569
2012-11-29 05:00:00,0.004665406184923615,0.002863506129547844,0.003528679913522326
2012-11-30 05:00:00,0.00021073748096123168,-0.0009605327639916617,-0.0006175643259779707
2012-12-03 05:00:00,-0.004924341414866307,-0.0025852858656489897,-0.002428510865518274
2012-12-04 05:00:00,-0.0014134993508448934,0.0014621633010694305,-2.8698614717106606e-06
2012-12-05 05:00:00,0.0017698010416582477,0.0008702716110693843,0.0008107367969686142
2012-12-06 05:00:00,0.0033919467942291615,0.002897015815076509,0.0017851688084152381
2012-12-07 05:00:00,0.0030289500107676393,-0.0018769845904872632,-0.0010619213659184613
2012-12-10 05:00:00,0.00042102212819328244,0.0020207563640029847,0.0013613930759790558
2012-12-11 05:00:00,0.006808703748938161,0.0010446678482435075,0.0016233152877316744
2012-12-12 05:00:00,0.0004877101274829432,-0.004351510233117662,-0.0027177477284880402
2012-12-13 05:00:00,-0.0061317306094430535,-0.003385513564692033,-0.0043637068041213365
2012-12-14 05:00:00,-0.0037159467698772985,0.0007701514449140138,0.0006411129613603351
2012-12-17 05:00:00,0.01175236837059579,0.0010644808433448276,0.0024886292504921804
2012-12-18 05:00:00,0.011128862250725291,0.0026035045417928332,0.0038762282977220282
2012-12-19 05:00:00,-0.0074296499066129895,-0.003130002391433995,-0.003099640923146385
2012-12-20 05:00:00,0.005752214750417872,0.003517184376375715,0.003031405286353772
2012-12-21 05:00:00,-0.00907685513685641,-0.001079771483480818,-0.002352708203328735
2012-12-24 05:00:00,-0.003081374742069931,-0.0025687803114696982,-0.0027158283632023883
2012-12-26 05:00:00,-0.0042150269971985566,-0.0010902879369273143,-0.0004291962572569917
2012-12-27 05:00:00,-0.0013407084093705057,0.000537878856033447,0.0002023028806195092
2012-12-28 05:00:00,-0.010807640909030747,-0.004200899779624878,-0.005060523611749856
2012-12-31 05:00:00,0.016996197217826303,0.003287930827389561,0.005558274724986378
2013-01-02 05:00:00,0.025630192665975438,0.010030932579687677,0.011727689135609785
2013-01-03 05:00:00,-0.0022594551136937424,-0.006775525425832973,-0.006245517282205525
2013-01-04 05:00:00,0.004391763710220209,0.004195318934694337,0.003371260118550978
2013-01-07 05:00:00,-0.0027325809714979776,-0.001470696858826237,-0.0013312949899017433
2013-01-08 05:00:00,-0.002877680697771501,0.0009073955383550381,0.0005027041470755831
2013-01-09 05:00:00,0.0025421439191324335,0.0011562661149095543,0.0011038647870266428
2013-01-10 05:00:00,0.00794980131718237,0.003661724240111663,0.004300932325393746
2013-01-11 05:00:00,-6.809194543755392e-05,0.0035284370115378,0.002203051864180394
2013-01-14 05:00:00,-0.000679796224876239,-0.0015091750382117519,-0.0005814280924670066
2013-01-15 05:00:00,0.0006802586621466045,0.002248962659295506,0.001356642520609408
2013-01-16 05:00:00,-0.00013599823156817958,0.0007513186229877845,0.0006515835626018651
2013-01-17 05:00:00,0.006460242270945216,-0.00011341281017318572,0.0013175000238245247
2013-01-18 05:00:00,0.002230031957958678,0.004427407477657086,0.004302546485643988
2013-01-22 05:00:00,0.005393138754441473,0.004002383861236325,0.004096675424118445
2013-01-23 05:00:00,0.0016094356658273856,0.00036688955040893297,0.0006234996184770525
2013-01-24 05:00:00,0.0002676803032208852,-0.001238486876523215,-0.0009599123782154993
2013-01-25 05:00:00,0.005622148582933972,-0.0021083029101724112,-0.0009516548825305841
2013-01-28 05:00:00,-0.0011977608639143211,-0.002176068712262036,-0.0018474210004387646
2013-01-29 05:00:00,0.003931204337996652,0.0001479714156222391,0.0012720841925830894
2013-01-30 05:00:00,-0.00391581048682399,-0.0030334546387452924,-0.0017260980053169007
2013-01-31 05:00:00,-0.002465893849268319,0.00047337322648788316,-4.996233658143279e-05
2013-02-01 05:00:00,0.010287380590566997,0.0009783673163161304,0.002663255723149915
2013-02-04 05:00:00,-0.011240615917789354,-0.0016204496173864314,-0.0032513303163998804
2013-02-05 05:00:00,0.010097536670110818,0.002503544874347429,0.0037785266550285686
2013-02-06 05:00:00,0.0007283767232992844,0.0037133739934960275,0.002754378822207848
2013-02-07 05:00:00,-0.0013232482149646563,-0.0016834990429724916,-0.0018463862076020133
2013-02-08 05:00:00,0.0055647405137304595,0.004881674225818866,0.004882731546448094
2013-02-11 05:00:00,-0.00019748352976656225,-0.0004256763740750236,-0.0006991403066349267
2013-02-12 05:00:00,0.0016473014404221331,-2.8208150618437046e-06,0.0004207214563067053
2013-02-13 05:00:00,0.0008547328766459472,-0.0027422909646667827,-0.0018934089181874337
2013-02-14 05:00:00,0.0009205796115452358,0.004179679849169827,0.003132538160618037
2013-02-15 05:00:00,-0.0011819669345439765,-0.0018733567321219669,-0.0020038062458291985
2013-02-19 05:00:00,0.007494230181578354,0.0025052654560577367,0.002615067082561007
2013-02-20 05:00:00,-0.012462741478867057,-0.006270015984533982,-0.007705068614033783
2013-02-21 05:00:00,-0.006079281468281961,-0.0013082140735583446,-0.003039169369032202
2013-02-22 05:00:00,0.009772647108751142,0.0061373470107760845,0.006068907324394734
2013-02-25 05:00:00,-0.0190272104007162,-0.0035551617288424025,-0.005991484781627854
2013-02-26 05:00:00,0.006845748930884854,0.0017945551105087443,0.002190767161982188
2013-02-27 05:00:00,0.012598381359259614,0.006378902228367033,0.006053948226005845
2013-02-28 05:00:00,-0.0019746632897135186,-0.00044084080071380414,-0.001067194313865516
2013-03-01 05:00:00,0.003297890304507556,0.004156984352727511,0.0029120986289149276
2013-03-04 05:00:00,0.005324579929073536,0.0010754872015104945,0.0012340927555743563
2013-03-05 05:00:00,0.008959343684705745,0.004225756983733486,0.005444680114263145
2013-03-06 05:00:00,0.001361189879515834,-0.0028126748496037027,-0.0024590381476678356
2013-03-07 05:00:00,0.0018119785420176449,-0.0019933860853545765,-0.0005550955875036845
2013-03-08 05:00:00,0.004264262391640683,-0.0016151681938409552,-0.00027673676334206705
2013-03-11 04:00:00,0.0037955776092275517,0.0026607009544632465,0.0026383747047015404
2013-03-12 04:00:00,-0.0022429629502600523,0.0015445572506970872,0.001042406552452535
2013-03-13 04:00:00,0.0014128757130980052,0.0004327126694410932,2.3256106133306932e-05
2013-03-14 04:00:00,0.0053238019959047644,0.001982947668833157,0.00302270444509265
2013-03-15 04:00:00,-0.0013204878287020883,0.0010826936937622378,0.0008334043883234888
2013-03-18 04:00:00,-0.0055181908651879,-0.0002703475878835567,-0.001614427272425567
2013-03-19 04:00:00,-0.002322957664498637,0.0013152044822574596,-9.625833925562825e-05
2013-03-20 04:00:00,0.006985037547815098,-0.00027117830824763354,0.001547034397633551
2013-03-21 04:00:00,-0.008542511081377158,-0.0012672608560129412,-0.0026725016773909032
2013-03-22 04:00:00,0.008033049075665932,0.005126899471302871,0.00523455209620547
2013-03-25 04:00:00,-0.004177394317506189,-0.002881658972053924,-0.00271419951988977
2013-03-26 04:00:00,0.008002647082318015,0.005279673615024327,0.006079936210880855
2013-03-27 04:00:00,0.0,0.003408147305308429,0.0030664973514904492
2013-03-28 04:00:00,0.003073226708961263,-0.00018350677953384866,-0.0006196942190542011
2013-04-01 04:00:00,-0.003957516062037758,0.0006379448412440428,-0.00011516877837263167
2013-04-02 04:00:00,0.004934450986237904,0.001338645292347751,0.0012681426445487977
2013-04-03 04:00:00,-0.010138950247786105,-0.002487254902835656,-0.00507871869643054
2013-04-04 04:00:00,0.004058581847413478,0.00720950897752033,0.005903656927598133
2013-04-05 04:00:00,-0.004490710197320724,0.0053794450764235845,0.003286026417995091
2013-04-08 04:00:00,0.006766635419533262,0.000998555646811638,0.002063881146848168
2013-04-09 04:00:00,0.0034568380352799633,0.0010895043411818237,0.00197117663754911
2013-04-10 04:00:00,0.012248624635063488,0.0018549705224899507,0.0030056320109943077
2013-04-11 04:00:00,0.0032769673601411586,0.0027333813245987047,0.0021320485766840643
2013-04-12 04:00:00,-0.0024492795865617145,0.004490206300883837,0.0017666130283632063
2013-04-15 04:00:00,-0.023174309227839585,-0.010427643655879358,-0.01428703226587904
2013-04-16 04:00:00,0.014763246607863989,0.005573380821292817,0.007447973363004845
2013-04-17 04:00:00,-0.014611684863201524,-0.006110741705334209,-0.00824198998463933
2013-04-18 04:00:00,-0.006253408025182483,-0.0027748850687795866,-0.0019611834954261107
2013-04-19 04:00:00,0.008692848886996618,0.00437095320985601,0.004349495382276303
2013-04-22 04:00:00,0.004438294085017835,0.0029559331810535827,0.003193604384908566
2013-04-23 04:00:00,0.010309142692588091,0.00478634375966922,0.00451623576405894
2013-04-24 04:00:00,0.0006337406921219646,0.0013924620793919651,0.002231018636115101
2013-04-25 04:00:00,0.004053913988784297,0.0007061577904582171,0.002448928392826788
2013-04-26 04:00:00,-0.0017663101456962815,0.002603970947791923,0.0011170374704691285
2013-04-29 04:00:00,0.0066984828368061855,0.0025603887472469555,0.004265029227946327
2013-04-30 04:00:00,0.0023852958417232006,0.0016589587617210188,0.0008464458347312352
2013-05-01 04:00:00,-0.008767277252422434,-0.001151169670204965,-0.003967583486018977
2013-05-02 04:00:00,0.009287339872880551,0.005056287503601098,0.006464382695302607
2013-05-03 04:00:00,0.010141064904721109,-0.003346093575107823,0.00012142236240721984
2013-05-06 04:00:00,0.0025407076861978517,0.0005320053526633116,0.0008936726090085445
2013-05-07 04:00:00,0.0050680672362801715,0.0014823487360423825,0.0015317048846479775
2013-05-08 04:00:00,0.004551483878064699,0.00336358781408177,0.003660645763954151
2013-05-09 04:00:00,-0.002816091210880778,-0.0027202120805215556,-0.0025003411142959005
2013-05-10 04:00:00,0.0032538304323623812,-0.0023464124422455605,-0.0017250838575619378
2013-05-13 04:00:00,0.0007953033552485778,-0.0025877708409064227,-0.002276929208300793
2013-05-14 04:00:00,0.010334101709555732,0.0018553058670990547,0.0025984653578039916
2013-05-15 04:00:00,0.005386035485187124,0.005908338724737616,0.005009644771617905
2013-05-16 04:00:00,-0.0046948932211895444,0.001342247795915586,0.00018740894952461434
2013-05-17 04:00:00,0.009676559199083945,0.0007451245848418163,0.002509360161977426
2013-05-20 04:00:00,-5.961179159996721e-05,-0.0005141625905865643,0.00025478721745815237
2013-05-21 04:00:00,0.0014378355001745113,0.004010218258845111,0.002654086871632377
2013-05-22 04:00:00,-0.00741811272931614,-0.01039111802127064,-0.009364059202596385
2013-05-23 04:00:00,-0.002891856073224619,0.00015991504467842725,0.00014626897600458213
2013-05-24 04:00:00,-0.00084679555792877,4.061312351901782e-05,-0.0004782364811500406
2013-05-28 04:00:00,0.0059887635146878004,-0.006543554567317679,-0.003089808326853394
2013-05-29 04:00:00,-0.00649385643765954,0.0006010196095253217,-0.0011687201766299336
2013-05-30 04:00:00,0.0036916777111806187,0.0012421671992751903,0.0014853770561334856
2013-05-31 04:00:00,-0.014352217915137855,-0.0099696201533642,-0.010814615703847685
2013-06-03 04:00:00,0.005506042012950463,0.005422896621625384,0.006130503323344372
2013-06-04 04:00:00,-0.0048064705293253684,-0.006577715281006568,-0.005272279822458693
2013-06-05 04:00:00,-0.01400079108401775,-0.0028780171928578053,-0.0047152497002584046
2013-06-06 04:00:00,0.009053086490254492,0.00518866328510863,0.005631729651796325
2013-06-07 04:00:00,0.012720380918037177,0.00048090248134893127,0.002497216933030954
2013-06-10 04:00:00,0.0,-0.0019090521123848792,-0.0018117344556769833
2013-06-11 04:00:00,-0.010315706050409101,-0.0014298118859033858,-0.0034969065968231683
2013-06-12 04:00:00,-0.008276961285282658,-0.010687737400783926,-0.009141914618429614
2013-06-13 04:00:00,0.015208671027025167,0.01539283289459168,0.014479277777232503
2013-06-14 04:00:00,-0.006272218379665961,-0.004710114038775082,-0.004053426266189697
2013-06-17 04:00:00,0.0077208835247706276,0.0025240118503412567,0.0032792854481324078
2013-06-18 04:00:00,0.007906230527612301,0.004955657730917995,0.005092353732061339
2013-06-19 04:00:00,-0.013817207097148954,-0.012421942001771758,-0.011237572193306244
2013-06-20 04:00:00,-0.024778178578904075,-0.021431678893745643,-0.023041908653951414
2013-06-21 04:00:00,0.00321027153193576,-0.004857020166764149,-0.0037864646900625638
2013-06-24 04:00:00,-0.012635788438596252,-0.005921125442493191,-0.0067687828797932115
2013-06-25 04:00:00,0.00961378782083222,0.002203488597674141,0.0031736730702664915
2013-06-26 04:00:00,0.009901108282420079,0.008536259425244275,0.00761112389052726
2013-06-27 04:00:00,0.005869681048474629,0.007611014753493705,0.006549136391826914
2013-06-28 04:00:00,-0.004097173563618606,0.0002767683829755455,-0.0009216486597231068
2013-07-01 04:00:00,0.005859318079677545,0.0043215023831610026,0.004756718720371378
2013-07-02 04:00:00,-0.0009293788223387889,-0.0008115335548773751,-0.00035264626950272105
2013-07-03 04:00:00,0.00043430142984846043,-0.0009354137476136337,0.00026945212404094754
2013-07-05 04:00:00,0.010788626688143399,-0.007161949889008535,-0.0039873589868073545
2013-07-08 04:00:00,0.005704796131968504,0.007300292746654691,0.006839547404434731
2013-07-09 04:00:00,0.007197507887138244,0.004728555985666815,0.005248858475586871
2013-07-10 04:00:00,0.0003631265609542744,-0.002910686356710635,-0.0018190699852961734
2013-07-11 04:00:00,0.013621011254326687,0.012864664230452273,0.012193000836688039
2013-07-12 04:00:00,0.00041802905742804874,-8.297354789221778e-05,0.0003842016268173599
2013-07-15 04:00:00,0.003820463633052995,0.004408936446583045,0.003612185154604641
2013-07-16 04:00:00,-0.0037467142379868923,-0.0008814073782531517,-0.0011080724817743805
2013-07-17 04:00:00,0.0025668609193674197,0.0022761777605858403,0.0020155932627235473
2013-07-18 04:00:00,0.005477607501315429,-0.0017105784511203931,-3.9852399640338614e-05
2013-07-19 04:00:00,0.0017766552366382804,0.00739167609174789,0.005886578853009583
2013-07-22 04:00:00,0.0019509554613326152,0.0017568350314863144,0.0015340043024496095
2013-07-23 04:00:00,-0.0021243739188434585,-0.002957289450833134,-0.002384002001314911
2013-07-24 04:00:00,-0.0036653635232878345,-0.007268180961194238,-0.006800930967358221
2013-07-25 04:00:00,0.002433246612981055,0.0013111426931644576,0.0012331330352935432
2013-07-26 04:00:00,0.001065546815432361,0.003095609324851134,0.0018663948643113269
2013-07-29 04:00:00,-0.003075044448461295,-0.004767081092265446,-0.004075256324960919
2013-07-30 04:00:00,0.0,-0.00014908116796896742,-0.00046010153471159887
2013-07-31 04:00:00,0.0007117972307495446,0.001880728481602434,0.002216340631807312
2013-08-01 04:00:00,0.011558141134257793,-0.0007723512495811501,0.0013858484831521633
2013-08-02 04:00:00,0.0016994600834281393,0.005423592912677577,0.003937852747936721
2013-08-05 04:00:00,-0.0014627342135203891,-0.0039569629961824,-0.0036892579362603705
2013-08-06 04:00:00,-0.005682205642731253,-0.002236350486560612,-0.003344819099027252
2013-08-07 04:00:00,-0.003240566237624476,0.0010367668681890321,-0.0003738720927465521
2013-08-08 04:00:00,0.0036646076766453373,0.0032848588377472955,0.003525559768251685
2013-08-09 04:00:00,-0.0028858685740962287,-0.0010965400926910896,-0.0005496841725469048
2013-08-12 04:00:00,-0.001180762536490798,-0.003430989559932973,-0.0015436557423907254
2013-08-13 04:00:00,0.0029564032926279182,-0.004008403294701247,-0.0026013076105222406
2013-08-14 04:00:00,-0.005129273013180891,-0.002468212846589823,-0.0018125482536145206
2013-08-15 04:00:00,-0.013985935544718386,-0.013793130156089472,-0.011488532557213871
2013-08-16 04:00:00,-0.0033059272796108763,-0.0033717904755578895,-0.00298693779971747
2013-08-19 04:00:00,-0.006391923857110182,-0.007317972540372209,-0.006560633173570373
2013-08-20 04:00:00,0.004915906116462976,0.006033553417141802,0.0050733604161582345
2013-08-21 04:00:00,-0.0061600330589660635,-0.00807324921155168,-0.007092667950651687
2013-08-22 04:00:00,0.00911524425079624,0.009542447898587315,0.008562085832908274
2013-08-23 04:00:00,0.0033720239187560175,0.006365546286727586,0.006076624145108212
2013-08-26 04:00:00,-0.0037211389363792646,-0.0002385044732361452,-0.00017251053106175378
2013-08-27 04:00:00,-0.016084252649856134,-0.00461271296236192,-0.0048991163634166
2013-08-28 04:00:00,0.0035511107665417985,-0.0011108767297118849,-0.00015222553129787784
2013-08-29 04:00:00,0.0015863000581770592,0.0041439634530034295,0.002309646394688369
2013-08-30 04:00:00,-0.0031671142170685007,-0.0023527016693222214,-0.0025387603169835346
2013-09-03 04:00:00,0.004521491397045274,-0.0029290230866721783,-0.000993424162225942
2013-09-04 04:00:00,0.008273102061522541,0.004080922085620741,0.0034434491275356577
2013-09-05 04:00:00,0.0012669882917493158,-0.004817194155660909,-0.0036486645369048104
2013-09-06 04:00:00,0.000481975419481806,0.0022789162744658144,0.0023473169139456075
2013-09-09 04:00:00,0.009576157152712872,0.0059397750376091185,0.005253586843821633
2013-09-10 04:00:00,0.007396757544589905,0.0016444218278446332,0.0014368164528225868
2013-09-11 04:00:00,0.0031385969299317917,0.005438764324267753,0.0047022513800597295
2013-09-12 04:00:00,-0.0026560301807085906,-0.0021360647451747813,-0.0015059759006577074
2013-09-13 04:00:00,0.002249146655206591,0.002900838391992888,0.002210210310582694
2013-09-16 04:00:00,0.005786749306515571,0.0008066339817952347,0.00022013559502510622
2013-09-17 04:00:00,0.004463042864349287,0.005983252055745769,0.004118835378678343
2013-09-18 04:00:00,0.011574392941844147,0.01188163528247368,0.012822982614080436
2013-09-19 04:00:00,-0.0016758789696439402,-0.00336775791745747,-0.003157426039419064
2013-09-20 04:00:00,-0.0069918485587755486,-0.002087262209517937,-0.003530265938942767
2013-09-23 04:00:00,-0.004627448522793398,0.00015899832974632967,-0.0013067462028351516
2013-09-24 04:00:00,-0.002353799249245059,0.002902427625756987,0.0017849418891529468
2013-09-25 04:00:00,-0.00289022093585245,-0.0009106184758970181,-0.0009612184733451824
2013-09-26 04:00:00,0.0038454094157596153,-0.0004950271609307946,0.000980738703909434
2013-09-27 04:00:00,-0.004596592660525811,-0.0017794212104678129,-0.002524055978339723
2013-09-30 04:00:00,-0.005328501332097502,-0.0037979118659383416,-0.004072913709038195
2013-10-01 04:00:00,0.007916226346896371,0.0035360766948485,0.0031795533673831594
2013-10-02 04:00:00,-0.0009449110726893473,3.773501592725388e-05,0.0008635069697030096
2013-10-03 04:00:00,-0.009220789356751413,-0.006173942679852051,-0.006168373201914967
2013-10-04 04:00:00,0.0075765118356661,0.00424325381523678,0.0046289839595487605
2013-10-07 04:00:00,-0.008644744089945866,-0.0035596751942735807,-0.0032709371049406406
2013-10-08 04:00:00,-0.011646599041204464,-0.006874929627869086,-0.006557828062305804
2013-10-09 04:00:00,0.0007254133478786784,-0.0027670452498346435,-0.002693066334102101
2013-10-10 04:00:00,0.021557697143979704,0.013579984920818732,0.014689843585566485
2013-10-11 04:00:00,0.006442987035862879,0.003752187935386253,0.003248070494274091
2013-10-14 04:00:00,0.003994311825596952,-0.0008273061204516988,-5.958643279889691e-05
2013-10-15 04:00:00,-0.007254047813113673,-0.004620063213952563,-0.004897448051100139
2013-10-16 04:00:00,0.013965449553282161,0.013391880577090863,0.01290647736382875
2013-10-17 04:00:00,0.006683709174525765,0.007637775451222817,0.00619756654893161
2013-10-18 04:00:00,0.006754380642378877,0.004913915036809868,0.005273086577347085
2013-10-21 04:00:00,5.7245504040626116e-05,-0.0012360066818275952,-0.0011469097112771552
2013-10-22 04:00:00,0.005791293327640723,0.007935924620609214,0.00670613867301002
2013-10-23 04:00:00,-0.004789036694686333,-0.0013163148644312003,-0.0032340582996411623
2013-10-24 04:00:00,0.0033226434145647854,0.0004425168487212528,0.0008690755823934862
2013-10-25 04:00:00,0.004567942498727717,0.004223821275790751,0.004163382230733847
2013-10-28 04:00:00,0.0015911245588358103,-0.00041239445707392814,0.0003160592904271508
2013-10-29 04:00:00,0.005333872021915154,0.00371945359719601,0.003320040092058141
2013-10-30 04:00:00,-0.004967276595613468,-0.005386426553802703,-0.004475913743090054
2013-10-31 04:00:00,-0.0028358080899115734,-0.0008447300300571392,-0.0019060447060025077
2013-11-01 04:00:00,0.0023892345791611813,-0.0028964062956281732,-0.003056638849078197
2013-11-04 05:00:00,0.0035183346990923514,0.002487790684654323,0.0019610226862207146
2013-11-05 05:00:00,-0.003166520166154152,-0.006679271207569082,-0.005760877636481343
2013-11-06 05:00:00,0.005105479366128929,0.0032536998562611606,0.0032852952770476393
2013-11-07 05:00:00,-0.012643261574922904,-0.004198003718135522,-0.005757303552795001
2013-11-08 05:00:00,0.013490955188398601,-0.001531479973784224,0.0014330300342485728
2013-11-11 05:00:00,0.00016935236426096623,-0.0014070836065942062,-0.0005939281676713425
2013-11-12 05:00:00,-0.002029972204996011,0.0006459692800269369,-0.0004908774202783683
2013-11-13 05:00:00,0.008024215918317479,0.006282716541617495,0.00635269071973128
2013-11-14 05:00:00,0.004989336020218449,0.00545806437830052,0.005277068049859856
2013-11-15 05:00:00,0.004350956264746575,0.0034142297405352906,0.0030557832780887303
2013-11-18 05:00:00,-0.0034988489210739937,0.00030715121457058946,-0.0009650844492321231
2013-11-19 05:00:00,-0.002173659031897146,-0.00434173176015531,-0.0037411939540105132
2013-11-20 05:00:00,-0.0031283443952196954,-0.008686214595436592,-0.0069043586179127646
2013-11-21 05:00:00,0.008068834806301384,0.005502845496146547,0.006609311341231994
2013-11-22 05:00:00,0.005002185014049143,0.0067312932948065726,0.006112767491978798
2013-11-25 05:00:00,-0.0009951866842292656,0.0005576484368992053,0.0001515837553200172
2013-11-26 05:00:00,0.0002765481246398416,0.0016627961486443965,0.0012494143882458063
2013-11-27 05:00:00,0.002435285874518245,0.0007733354091419729,0.0009452944380342165
2013-11-29 05:00:00,-0.000662356823445287,-0.00028266606230331615,-0.00035053335711434654
2013-12-02 05:00:00,-0.0025965487162740164,-0.00466908531648742,-0.004008900913878866
2013-12-03 05:00:00,-0.00432090128660878,-0.001121760959305984,-0.0009007581689359334
2013-12-04 05:00:00,-0.0001113913651258347,-0.00388520442071485,-0.002735524960845226
2013-12-05 05:00:00,-0.004395471033079801,-0.003766482345335964,-0.0036009997123067294
2013-12-06 05:00:00,0.011177034431636645,0.008619748279577965,0.008492236932200758
2013-12-09 05:00:00,0.0025420287323469903,0.002458004025433125,0.001875163568168703
2013-12-10 05:00:00,-0.0035828780276383476,0.0007195469014797955,0.0003141085258102194
2013-12-11 05:00:00,-0.011231009185994956,-0.009818513018281228,-0.009048536141610164
2013-12-12 05:00:00,-0.0033012417044748776,-0.003493830837531275,-0.0040483256155794956
2013-12-13 05:00:00,-0.00011229865944795137,0.0018800628005745778,0.001000894039355704
2013-12-16 05:00:00,0.006231795024949083,0.00226629782064709,0.0029495753244392913
2013-12-17 05:00:00,-0.0031799966157949333,-0.00011883784180313208,-0.0010372585945376822
2013-12-18 05:00:00,0.0170725327224861,0.00822972768663539,0.008930417526855082
2013-12-19 05:00:00,-0.0011559683357352801,-0.001082709240846591,-0.0007492171012892122
2013-12-20 05:00:00,0.005817043504685371,0.009645793965956396,0.00889245187356198
2013-12-23 05:00:00,0.005342492835883839,0.0009418520148442243,0.001507762936515744
2013-12-24 05:00:00,0.002191492427691566,-0.0018878003199051198,-0.0007753590586436542
2013-12-26 05:00:00,0.005083934798807643,0.0015089057204707322,0.0020496599201431653
2013-12-27 05:00:00,-5.4513259764576993e-05,-0.0011687698509265988,-0.0006132146209879674
2013-12-30 05:00:00,-0.00016303919737437056,0.002651987860454508,0.0013842635305781783
2013-12-31 05:00:00,0.0047327805335328765,0.00030332332774993774,0.0007817685362234485
2014-01-02 05:00:00,-0.009583575638674291,-0.004532748197509195,-0.006279034523792804
2014-01-03 05:00:00,-0.00016417535935764338,-9.850521561458602e-05,-0.0007311712883400046
2014-01-06 05:00:00,-0.0028976638507113295,-5.508916410341654e-05,-0.00035657450125137213
2014-01-07 05:00:00,0.0061414256889136265,0.0046984949897665995,0.004365594345775936
2014-01-08 05:00:00,0.00021809627275914956,-0.0009580711558043743,-0.0016404957552521803
2014-01-09 05:00:00,0.0006535336550437254,0.00273192673270235,0.0013437582801622216
2014-01-10 05:00:00,0.0027229107059532076,0.006402086305295906,0.005857770531740702
2014-01-13 05:00:00,-0.0133051258466087,-0.0059909405918397544,-0.006529203867962473
2014-01-14 05:00:00,0.010898001421281167,0.004709088596967259,0.00516651666091762
2014-01-15 05:00:00,0.005389951676787685,0.0028126519696831664,0.0031996837358290176
2014-01-16 05:00:00,-0.0012999112188942785,0.0019035160152846677,0.0010721377021792656
2014-01-17 05:00:00,-0.004229575455703349,-0.0008622989747593566,-0.0011605780027919897
2014-01-21 05:00:00,0.0029409190300557775,0.0020680613156693894,0.0022330403681516844
2014-01-22 05:00:00,0.000651802027136883,-0.0005940946148819126,0.00013277301722958157
2014-01-23 05:00:00,-0.00819345015976436,0.0007438371043442483,-0.0007508432388095064
2014-01-24 05:00:00,-0.021336044546433786,-0.010217201218754577,-0.01082342403586891
2014-01-27 05:00:00,-0.004919448803906268,-0.005742781768636207,-0.005722825822189348
2014-01-28 05:00:00,0.005955360945684385,0.004547911534445115,0.004785959903268577
2014-01-29 05:00:00,-0.009605640916944047,-0.002473567447517677,-0.003375925337698504
2014-01-30 05:00:00,0.010600603319174562,0.005210713866976402,0.005098297361442683
2014-01-31 05:00:00,-0.005858482240430396,-0.0008373520927286381,-0.0016272237258562086
2014-02-03 05:00:00,-0.022505358305991985,-0.008629398311289328,-0.009847852479365793
2014-02-04 05:00:00,0.00700524734728436,-4.1296659063050356e-05,0.0017834798892166106
2014-02-05 05:00:00,-0.001254964876685194,-0.004451102744683966,-0.003327135991208874
2014-02-06 05:00:00,0.013187646212417858,0.006195424466906818,0.0070228019513259516
2014-02-07 05:00:00,0.012395638647040741,0.00777490211403169,0.008840409647218817
2014-02-10 05:00:00,0.0018365124405628208,0.002225465926437753,0.0013957753907348656
2014-02-11 05:00:00,0.010943612188182295,0.004250600364608292,0.005341909529585143
2014-02-12 05:00:00,0.0004948644048883288,-0.0017698195710565746,-0.001057071106085472
2014-02-13 05:00:00,0.00516258601180275,0.005363568166787713,0.005345014651261426
2014-02-14 05:00:00,0.005519333482925992,0.0035369133226371033,0.003830909291822415
2014-02-18 05:00:00,0.0011951945036527967,0.0016178622589841929,0.002827909931822692
2014-02-19 05:00:00,-0.006622055275512739,-0.005658098199692229,-0.0049692015277154715
2014-02-20 05:00:00,0.005901148344019003,0.002562795883167057,0.002997966394974838
2014-02-21 05:00:00,-0.001140742255850924,0.001426603372946378,0.0006323749325749305
2014-02-24 05:00:00,0.005546712036044177,0.0023156231945179683,0.002988573195842092
2014-02-25 05:00:00,-0.0003787168812695585,0.003344410947801646,0.001995411786044699
2014-02-26 05:00:00,5.432561639295841e-05,0.002156045427921516,0.0013578941205609984
2014-02-27 05:00:00,0.0052477113536801845,0.005335740728027005,0.0044826854665884755
2014-02-28 05:00:00,0.0025293517417068756,0.001738518416874335,0.0020289071759281184
2014-03-03 05:00:00,-0.007031894636224334,-0.0015488089811908296,-0.0008386555366109987
2014-03-04 05:00:00,0.014055322151475647,0.0024163149438561227,0.0035430189488445335
2014-03-05 05:00:00,0.0009061499145284202,0.001400564494280676,0.0003527104641625976
2014-03-06 05:00:00,0.002290614477589603,-0.002565410673770297,-0.0006633910178671761
2014-03-07 05:00:00,0.00042499936036044517,-0.0022601554668792993,-0.0020857371866768947
2014-03-10 04:00:00,-0.0005313966876273613,0.0002477025841214565,-0.0007307645334295399
2014-03-11 04:00:00,-0.004942326743763492,-0.0019089795420897061,-0.00213470400473228
2014-03-12 04:00:00,0.00026695988227354306,0.002944208161253492,0.0019797839377231562
2014-03-13 04:00:00,-0.011213223911661019,-0.001347801046218921,-0.0031541924851447574
2014-03-14 04:00:00,-0.0028081100833378114,-0.001610881821864507,-0.0010886319710920577
2014-03-17 04:00:00,0.009043681095346479,0.002440403339926611,0.0020727582199022935
2014-03-18 04:00:00,0.0071378666070647245,0.00573082740155324,0.005873852242469523
2014-03-19 04:00:00,-0.005328461862987965,-0.0063051882014480524,-0.005566819359020014
2014-03-20 04:00:00,0.005839061775643639,0.002795084930935365,0.0025081387563545277
2014-03-21 04:00:00,-0.0038785583178212457,0.002006359392806201,0.0010006853842953857
2014-03-24 04:00:00,-0.004135173213782206,0.0003644829752513347,-0.000385729002640711
2014-03-25 04:00:00,0.004745507117858372,0.0013429610863601835,0.002379223721632473
2014-03-26 04:00:00,-0.007192060861813898,-0.0011842494009871355,-0.002044147493112291
2014-03-27 04:00:00,-0.002108712435030413,0.0007451548485917891,0.0011305889451152852
2014-03-28 04:00:00,0.004930254930255007,0.0007032530058490578,0.0013052436249215813
2014-03-31 04:00:00,0.008194408551981391,0.0039292272515778935,0.0040995797334559825
2014-04-01 04:00:00,0.0066304473365208505,0.0005597732832952392,0.0001892812957672409
2014-04-02 04:00:00,0.0033471382225807034,-0.0002904367898854069,5.168646561272129e-05
2014-04-03 04:00:00,-0.0013236449056902577,0.000958310729726164,0.0013360275963827828
2014-04-04 04:00:00,-0.011822593073849474,-0.004420177722236151,-0.004626097381581906
2014-04-07 04:00:00,-0.011051556418773423,-0.004233699298429094,-0.005063147456017137
2014-04-08 04:00:00,0.004123373371094585,0.0034269809840875797,0.0043421457018338
2014-04-09 04:00:00,0.010750789859089949,0.004475689540879379,0.0052354382031218
2014-04-10 04:00:00,-0.02100589674887232,-0.008891502195603949,-0.009781608166065702
2014-04-11 04:00:00,-0.009008432867510963,-0.0021638664515476465,-0.003428871097693531
2014-04-14 04:00:00,0.007878375345580668,0.003679452372200753,0.004854938048206047
2014-04-15 04:00:00,0.006887561280882082,0.006631483645557434,0.00608218967695413
2014-04-16 04:00:00,0.010477567597945159,0.0067904963113836645,0.0068529593112673474
2014-04-17 04:00:00,0.0013968133335697797,-0.0035477023910011067,-0.002225514069795953
2014-04-21 04:00:00,0.003487412592031225,0.0017654527661948194,0.0015093699771023482
2014-04-22 04:00:00,0.004544506285044658,0.004072716888004635,0.003698536317731904
2014-04-23 04:00:00,-0.0023419854700013065,0.0008787654455062023,0.00023243578211681317
2014-04-24 04:00:00,0.002027181929553201,0.0019732676604300005,0.0023873339288530415
2014-04-25 04:00:00,-0.008198774910541218,-0.00434343055215054,-0.00489967619589895
2014-04-28 04:00:00,0.003167489360185405,-3.9902570541272726e-05,0.00010646648475801649
2014-04-29 04:00:00,0.004655188950748013,0.0022514954712668173,0.002651252992503705
2014-04-30 04:00:00,0.0029826150390039885,0.003452637683589721,0.0025095583913326666
2014-05-01 04:00:00,0.00010637853205941461,0.004355504102616203,0.0025252836210097555
2014-05-02 04:00:00,-0.0014338776218429938,0.0016031203789189435,0.0012543435446291217
2014-05-05 04:00:00,0.0019141853832009836,-0.0012647043558456697,-0.0008897095309102985
2014-05-06 04:00:00,-0.008704089659013259,-0.003615604560140295,-0.003941039697419701
2014-05-07 04:00:00,0.005889260923967354,0.002111131394161525,0.0027335086014403155
2014-05-08 04:00:00,-0.0010643340863389916,-0.0023516472661608834,-0.0022274505408972356
2014-05-09 04:00:00,0.0014919137321656173,-0.00039538914977326205,-0.0005683716770628511
2014-05-12 04:00:00,0.009735785217722004,0.00422339963120697,0.00485780111295504
2014-05-13 04:00:00,0.0008958891503263455,0.004003368623980253,0.003595622548997679
2014-05-14 04:00:00,-0.004737501622566587,0.0014888992383599313,0.0008626759130588193
2014-05-15 04:00:00,-0.008780579530876964,-0.0020813325446818126,-0.0034841516572533316
2014-05-16 04:00:00,0.0034686173732842995,0.0009570668654032665,0.001352425604640484
2014-05-19 04:00:00,0.003669182979188612,-0.0007580321318985121,-9.42872299153021e-05
2014-05-20 04:00:00,-0.006305221208976253,-0.002896015704395349,-0.0029273156587861222
2014-05-21 04:00:00,0.008424636193296031,0.0026115033734614543,0.0034124315479635682
2014-05-22 04:00:00,0.002432055359461671,0.0008889080879717514,0.001107398788881919
2014-05-23 04:00:00,0.004008895933787837,0.004546415693999606,0.004238684570721518
2014-05-27 04:00:00,0.00614655408174869,0.006030526619070819,0.0046124703236105295
2014-05-28 04:00:00,-0.0007309029568312031,0.004501465905141223,0.0033046300384775846
2014-05-29 04:00:00,0.005172788846205645,0.0009772588350288377,0.0015470053411241744
2014-05-30 04:00:00,0.0016116440165170332,0.0007919273306984831,7.320261632983707e-05
2014-06-02 04:00:00,0.00114197884013989,-0.002288171566493569,-0.0016600784238236074
2014-06-03 04:00:00,-0.000518656200847234,-0.00523346450767499,-0.004079828077664316
2014-06-04 04:00:00,0.0020228801188613144,0.0011061868312556287,0.0008636488223205507
2014-06-05 04:00:00,0.006521938310952047,0.004092609743859876,0.004163528370943537
2014-06-06 04:00:00,0.004782925694823081,0.0028697554168938487,0.003293803888720803
2014-06-09 04:00:00,0.0010234774519926049,4.027240659771887e-05,0.0006059924768856417
2014-06-10 04:00:00,0.00010242429924001151,-0.001410173002609394,-0.0013098528323616354
2014-06-11 04:00:00,-0.0034763480837508576,-0.0013653785515508996,-0.0018137821520255223
2014-06-12 04:00:00,-0.007080200003617088,-0.0006873346326516255,-0.00015556122065274415
2014-06-13 04:00:00,0.003048835725616428,0.0016153709130122262,0.0016688535436016338
2014-06-16 04:00:00,0.0008238810398406571,0.0014931803226619243,0.001546619198708421
2014-06-17 04:00:00,0.0027795935173282604,-0.0014989127352159851,-0.0005939146434107091
2014-06-18 04:00:00,0.007339464472310597,0.007487820989258376,0.007131881429390806
2014-06-19 04:00:00,0.0011207678966000945,-0.004452035358830476,-0.002193832657951045
2014-06-20 04:00:00,0.0020304644664921323,0.004246326872812256,0.0036754073862373055
2014-06-23 04:00:00,-0.0003060983198034384,-0.0014360009820292285,-0.0014944009049027707
2014-06-24 04:00:00,-0.006024051285603793,0.00044126677149849405,-0.00042350769975225673
2014-06-25 04:00:00,0.004519558981655791,0.0037420613666746764,0.003633399261760473
2014-06-26 04:00:00,-0.0007156390286368053,0.001484473131945241,0.0005970854403379189
2014-06-27 04:00:00,0.001944436898786428,0.0005670626437397353,0.000530331094388481
2014-06-30 04:00:00,-0.0005108555622017619,0.0006822787514521699,-0.0001632868835309221
2014-07-01 04:00:00,0.006693266737363812,0.0006669369302299889,0.0012032163940774781
2014-07-02 04:00:00,0.001014871465944811,-0.003666022978505712,-0.0027859518165816444
2014-07-03 04:00:00,0.004918341062957188,0.001510817414566601,0.0016818252400241263
2014-07-07 04:00:00,-0.003481349618405849,0.0008387216861625024,-0.0006886064204993273
2014-07-08 04:00:00,-0.006429881174923713,0.0006267822685453784,-0.000761684267668605
2014-07-09 04:00:00,0.0044838073645645515,0.003009221522941008,0.0022403644863018823
2014-07-10 04:00:00,-0.003956776708760712,-0.0022677764816620093,-0.0021401565391355733
2014-07-11 04:00:00,0.0013753453254141679,0.003377222996004248,0.0018539325410440455
2014-07-14 04:00:00,0.005035062460776452,0.0012953450184872482,0.0021151151807558112
2014-07-15 04:00:00,-0.0018724536997024588,-0.0019371271172844429,-0.0026621495146615603
2014-07-16 04:00:00,0.003701767654996857,0.004347697125694961,0.003972234806673058
2014-07-17 04:00:00,-0.011366101054410271,-0.0017781377350589486,-0.0028046106179491215
2014-07-18 04:00:00,0.010219060074111441,0.004843210476472537,0.004504054089879561
2014-07-21 04:00:00,-0.0018715054215727722,0.0008681486451148411,0.0008402338961082778
2014-07-22 04:00:00,0.004358070675621439,0.003448933916862051,0.0028117177898072214
2014-07-23 04:00:00,0.0022199679859318255,0.0008116539583159277,0.001215710978826823
2014-07-24 04:00:00,5.0182769946838235e-05,-0.002956374622794389,-0.002326844435333941
2014-07-25 04:00:00,-0.004681340917248256,0.0019147031465755362,0.0011246014065817932
2014-07-28 04:00:00,0.0004043628754508699,-0.0003107637511527984,-0.00036704981090844856
2014-07-29 04:00:00,-0.004297164569606382,-0.0011237551333787455,-0.001799401566754333
2014-07-30 04:00:00,0.0001520286541496496,-0.0054638254826718585,-0.004505426467544204
2014-07-31 04:00:00,-0.019747904505084346,-0.013038486830200436,-0.013251857539398958
2014-08-01 04:00:00,-0.0030556914548600655,0.0012630473906498187,-0.000300952664102183
2014-08-04 04:00:00,0.007220941405091219,0.0032852671422648697,0.0043034697107304344
2014-08-05 04:00:00,-0.009696028663672362,-0.004522627508814269,-0.005320510637621711
2014-08-06 04:00:00,0.00031236335311768393,0.00043178896077518126,0.00100588286974439
2014-08-07 04:00:00,-0.005414830296916362,0.0004824313105880498,-0.0002531592080907919
2014-08-08 04:00:00,0.011568928630044661,0.0060776102358524485,0.005821100165739002
2014-08-11 04:00:00,0.002897987719863382,0.0017041824530173776,0.0018710529190344547
2014-08-12 04:00:00,-0.0013934665689668835,-0.003433044525177054,-0.003415702060169734
2014-08-13 04:00:00,0.006769201433164174,0.00667545618736991,0.005942481605616001
2014-08-14 04:00:00,0.004721624782361156,0.006053591445058038,0.004055118507992016
2014-08-15 04:00:00,-0.0002041583829063276,0.00424052759822009,0.0035523367890093914
2014-08-18 04:00:00,0.00837960082063205,0.0010515474954191362,0.0012035896731932391
2014-08-19 04:00:00,0.005218618779728734,0.0018955723830918812,0.0024066407209872966
2014-08-20 04:00:00,0.002671366025239319,0.0009486383813743781,0.0013946723688288529
2014-08-21 04:00:00,0.002915742733786253,0.003990891662907181,0.003671995505196013
2014-08-22 04:00:00,-0.0015537984692028939,0.001297106547085969,0.0005791649705411018
2014-08-25 04:00:00,0.005070401114131373,0.004542676606669405,0.004328421114453196
2014-08-26 04:00:00,0.000649703474851826,-0.000901456682242019,-0.0005384972549050349
2014-08-27 04:00:00,-0.0003996505906683767,0.0031690002697069676,0.002477306186964445
2014-08-28 04:00:00,-0.0005490556113706413,0.0017659683209645617,0.0013222456044125195
2014-08-29 04:00:00,0.002847883509182303,0.0019776876107327366,0.002110611630906134
2014-09-02 04:00:00,-0.0004983169317882563,-0.00719913830389376,-0.006912366329024155
2014-09-03 04:00:00,-0.0005480702892048939,0.001898680642025941,0.001747147990140685
2014-09-04 04:00:00,-0.0014467065114291966,-0.005741292970297441,-0.0049266873192729925
2014-09-05 04:00:00,0.004495682566685311,0.0019383792718188795,0.001965979328249945
2014-09-08 04:00:00,-0.0025861304287347897,-0.0013787582786532802,-0.0019091776600678955
2014-09-09 04:00:00,-0.0063309688597805724,-0.004109493968350008,-0.004847772466418287
2014-09-10 04:00:00,0.00376260172626508,-0.00026647993748150087,-0.0003347706530618112
2014-09-11 04:00:00,0.0011497582371660098,-0.0006323921634832532,-0.0007989275229393523
2014-09-12 04:00:00,-0.005841259426281553,-0.007693977672076002,-0.007437669987840667
2014-09-15 04:00:00,-0.0007534061986443907,0.00014783473897466158,0.0001237418521506495
2014-09-16 04:00:00,0.0075385296979746386,0.0029027107182065135,0.004229870914054312
2014-09-17 04:00:00,0.0013469436961424108,-0.00021756279528029065,-0.0003764196573154521
2014-09-18 04:00:00,0.005329855057347288,0.004474492661275064,0.003196216485814041
2014-09-19 04:00:00,-0.0009008302188896478,0.004549759842258161,0.002982455619012292
2014-09-22 04:00:00,-0.007723247875538353,-0.004145355404335116,-0.005112093018387531
2014-09-23 04:00:00,-0.005724262713218353,-0.000959587330807787,-0.0015783299050885935
2014-09-24 04:00:00,0.007827984585333958,0.0024795201076694526,0.0034597294459225987
2014-09-25 04:00:00,-0.016135809000492385,-0.004943177006526022,-0.006339792087341156
2014-09-26 04:00:00,0.007945385181462816,0.004181867565609076,0.004158204197244985
2014-09-29 04:00:00,-0.0018187163653009542,0.0021154164671225223,0.0019097398390850227
2014-09-30 04:00:00,-0.002632496805133777,-0.003836970499652659,-0.005007669459271447
2014-10-01 04:00:00,-0.013551715025077793,-0.00037476802528202315,-0.002658371389942515
2014-10-02 04:00:00,0.00015410618838540557,-0.0033923941100553632,-0.0029101092584348453
2014-10-03 04:00:00,0.011009528017245085,0.008312354319369409,0.006931244325263064
2014-10-06 04:00:00,-0.0011705345704458026,-0.0004646079358300525,0.0007462291464526817
2014-10-07 04:00:00,-0.015436406620809473,-0.0038613174242364753,-0.005600724827655256
2014-10-08 04:00:00,0.01748946721729938,0.010594319549664543,0.01017835290416602
2014-10-09 04:00:00,-0.019833107496914026,-0.013641853738485567,-0.014383327653841172
2014-10-10 04:00:00,-0.011414855388185652,-0.0028784252661280697,-0.004223934308789812
2014-10-13 04:00:00,-0.016426849455714265,-0.007423826031459057,-0.008031896941951434
2014-10-14 04:00:00,0.0015476523214539295,0.003545017572694631,0.0013857998636528034
2014-10-15 04:00:00,-0.006766151484579486,-0.0009010986123705097,-0.0029491659285294956
2014-10-16 04:00:00,-0.0008577742843530745,-0.00306104375796028,-0.0014230794150347224
2014-10-17 04:00:00,0.011810151197074292,0.0048521397382592195,0.00577114798702043
2014-10-20 04:00:00,0.009710234082236369,0.007279720045789339,0.006197864171312561
2014-10-21 04:00:00,0.019810818441706735,0.008693316784729533,0.010305726794698267
2014-10-22 04:00:00,-0.007111108741545524,-0.0038352105115414983,-0.005064641336286469
2014-10-23 04:00:00,0.011624936690193044,0.0034281512201424385,0.005494529989327502
2014-10-24 04:00:00,0.007695086373041171,0.005018348851417631,0.0042902157884831425
2014-10-27 04:00:00,-0.0013745270683444,-8.957451645208437e-05,-0.0005441163612955324
2014-10-28 04:00:00,0.011470252470640485,0.004380730575052416,0.005820560284900555
2014-10-29 04:00:00,-0.0015123216968994102,-1.2900093606436989e-06,0.0009391529267525956
2014-10-30 04:00:00,0.00641108144062752,0.00418165811411244,0.003254960238518001
2014-10-31 04:00:00,0.011435315699988458,0.00582379063744991,0.005948907944903969
2014-11-03 05:00:00,0.0005456117196114274,0.00032743676668265385,-0.000568632399301794
2014-11-04 05:00:00,-0.003469956438965527,-0.000837693977810838,-0.0025954298108178176
2014-11-05 05:00:00,0.006316519574649737,0.0032199630764934814,0.0036376882412307967
2014-11-06 05:00:00,0.0040031390293409075,-0.0001827836341648406,0.0005548738611223735
2014-11-07 05:00:00,0.0009357894205499484,0.005156284589968596,0.004464627683152056
2014-11-10 05:00:00,0.003147033733977178,-0.001786083662013738,-0.0018229310152927838
2014-11-11 05:00:00,0.0009802609041118515,0.0008579316768346779,0.0012957724056890329
2014-11-12 05:00:00,-0.0010768509620170397,-0.0009828838715770561,-0.0012186102540885702
2014-11-13 05:00:00,0.0011270205927433885,0.0016202518780354502,-0.0004497881146588779
2014-11-14 05:00:00,0.00024558238995098236,0.0020983751378063965,0.0026848921449892592
2014-11-17 05:00:00,0.0006359691677082502,-0.0006227635857929848,-0.0007875763699736859
2014-11-18 05:00:00,0.005773967602459962,0.004571826248421651,0.003784521989938794
2014-11-19 05:00:00,-0.0016053190993062794,-0.0035066190656934506,-0.0033838344103447435
2014-11-20 05:00:00,0.0017544741025325994,0.003140919827544009,0.0034627587748452537
2014-11-21 05:00:00,0.005350280712233646,0.0056226372156734875,0.006088778096314872
2014-11-24 05:00:00,0.002806263409001586,0.0020168969383478784,0.001059657804114822
2014-11-25 05:00:00,-0.0007236053858991065,0.002893452744233316,0.0015975040974819054
2014-11-26 05:00:00,0.0025586737040230734,0.0026244893057123077,0.002119074519393205
2014-11-28 05:00:00,-0.002118436690358938,0.001888599763372079,-0.0034807575935638774
2014-12-01 05:00:00,-0.006950029502781119,-0.006503557794447135,-0.003863356575605125
2014-12-02 05:00:00,0.00646384090598473,-6.490884562904316e-06,-0.0011466353952228501
2014-12-03 05:00:00,0.0038631396309198873,0.003880258826640981,0.0029014334134870867
2014-12-04 05:00:00,-0.0011066040737535143,0.002680820525157968,0.0015487686377526175
2014-12-05 05:00:00,0.0016373213167011347,-0.0013496476740327613,-0.0010139103550772966
2014-12-08 05:00:00,-0.006682572519933649,0.0008797377251808626,-0.0020778387675743025
2014-12-09 05:00:00,-0.0006774121371865283,0.0016494410406458603,0.0018418217527061743
2014-12-10 05:00:00,-0.01603158996757581,-0.006696911967373831,-0.008980535982377913
2014-12-11 05:00:00,0.005069510462379245,0.004685615213156069,0.0033586130715210437
2014-12-12 05:00:00,-0.016161203393525114,-0.004271834657451267,-0.006449840088021076
2014-12-15 05:00:00,-0.006869512104606401,-0.004945236077015714,-0.006344712311906764
2014-12-16 05:00:00,-0.008019456215412002,0.00013920062298076238,-0.0016774794322393254
2014-12-17 05:00:00,0.019604729355980233,0.008157811925027358,0.00964140129772496
2014-12-18 05:00:00,0.024728814256135268,0.007719773961303477,0.00918336516053302
2014-12-19 05:00:00,0.004255118768218047,0.007931626347994936,0.00806530693671177
2014-12-22 05:00:00,0.004599752488704034,0.0032999839371302465,0.0013439480391927883
2014-12-23 05:00:00,0.0013495081827827882,-0.007124079202125655,-0.004133744274129237
2014-12-24 05:00:00,9.676263532942819e-05,0.002235148829510214,0.0003792249801584989
2014-12-26 05:00:00,0.0032246963879631885,0.0034193135632618167,0.0029418818624856844
2014-12-29 05:00:00,0.0013431394147151998,0.0037956973862879554,0.0020902757356749176
2014-12-30 05:00:00,-0.0053661435807222935,-0.0021344757845211722,-0.0025132407392748136
2014-12-31 05:00:00,-0.009923210209087485,-0.005190022039314823,-0.00613408632344895
2015-01-02 05:00:00,-0.000534877203082984,0.004126446466286881,0.001822186772095391
2015-01-05 05:00:00,-0.018059686780452,-0.0045526699295779455,-0.007549679265528875
2015-01-06 05:00:00,-0.00941877646634015,0.0015557666971423917,-0.0011920191501690776
2015-01-07 05:00:00,0.012460755526181977,0.00668658582868451,0.006266091723878174
2015-01-08 05:00:00,0.017745288018626848,0.00534987019610873,0.007069890712218985
2015-01-09 05:00:00,-0.008013679192242273,-0.0004273085863301324,-0.001691463867593934
2015-01-12 05:00:00,-0.007833714661198754,-0.0024110394857572042,-0.00518299105138671
2015-01-13 05:00:00,-0.002812448655606592,-0.001687469193363955,-0.0020911575341251874
2015-01-14 05:00:00,-0.006037489960173503,-0.000588215802557612,-0.0002466186047290985
2015-01-15 05:00:00,-0.009160507303321297,0.0007977843170210667,-0.002150312611548799
2015-01-16 05:00:00,0.013114398407522154,0.0027691782851684277,0.0059604209570926605
2015-01-20 05:00:00,0.0021326057752324434,0.006595099692161411,0.0038986835114520283
2015-01-21 05:00:00,0.005047851280268967,-0.0015949042889040316,0.0001964924752556387
2015-01-22 05:00:00,0.014871329467320837,0.007483745866478308,0.007728686035054921
2015-01-23 05:00:00,-0.005482949434150175,0.0022775977674138305,0.000253595385540783
2015-01-26 05:00:00,0.0023414286749081636,0.0001878857310749103,0.00014507682055218122
2015-01-27 05:00:00,-0.013190057353441809,-0.007289107458394195,-0.006922984570087576
2015-01-28 05:00:00,-0.012824458891526391,-0.0011552382958283525,-0.004233506544731325
2015-01-29 05:00:00,0.009243497422344094,0.0029140097744434707,0.0031033632357074232
2015-01-30 05:00:00,-0.012574877971921361,-0.00045004906231837973,0.00018941395153371232
2015-02-02 05:00:00,0.012383914905048865,0.005920293566915768,0.007677115654418009
2015-02-03 05:00:00,0.014461165296370204,0.00020983258786917355,0.005104322572373244
2015-02-04 05:00:00,-0.003807708009517019,-0.001600862656076685,-0.003978083745967021
2015-02-05 05:00:00,0.010094906856281005,0.001665293508647813,0.004116854708577778
2015-02-06 05:00:00,-0.002765012289042579,-0.008739878711191019,-0.006691421127177344
2015-02-09 05:00:00,-0.00447610263059417,-0.003326967579239426,-0.0021677384928191932
2015-02-10 05:00:00,0.010653612090921749,0.003210527632285487,0.002742190826167213
2015-02-11 05:00:00,0.0005803712954683959,0.0010883611107687762,0.0001242489513298971
2015-02-12 05:00:00,0.009616480940728866,0.004446386063860918,0.00629156650044368
2015-02-13 05:00:00,0.004116558664611025,-0.0016375346269635218,0.0004942919488670871
2015-02-17 05:00:00,0.001573162340981149,-0.005078280989328832,-0.003518079594171697
2015-02-18 05:00:00,9.480119515981045e-05,0.0024328563648878367,0.0006373285368616586
2015-02-19 05:00:00,-0.0007136524128857902,-0.0030740030046001233,-0.0027442167494165282
2015-02-20 05:00:00,0.006000589111518018,0.004773788297800241,0.004092165222954303
2015-02-23 05:00:00,-0.00014187606434235,0.004498445487707281,0.0026844179325587027
2015-02-24 05:00:00,0.0028406209050420017,0.0069545755687362215,0.005698071946532002
2015-02-25 05:00:00,-0.000849746364373849,0.001217907137666141,0.002298576616274328
2015-02-26 05:00:00,-0.0011810188853619286,-0.006175989018808382,-0.00563695396151841
2015-02-27 05:00:00,-0.003406420197135329,0.0013190222746223058,0.0015912689519501423
2015-03-02 05:00:00,0.00631337779450214,-0.0036625246724348425,-0.003230820294932146
2015-03-03 05:00:00,-0.00410409677236212,-0.00391262197201232,-0.0029358965436512507
2015-03-04 05:00:00,-0.0042157056358907985,-0.0024028435332416054,-0.0033223914721913885
2015-03-05 05:00:00,0.001094399160351811,0.0001504477474195909,-0.00011493912996903834
2015-03-06 05:00:00,-0.014064431996432147,-0.01727526120755478,-0.016302778030181708
2015-03-09 04:00:00,0.00414428623106744,0.006178666269209998,0.004971087669249829
2015-03-10 04:00:00,-0.016221935665029386,-0.0044697863864769025,-0.0070984071599008765
2015-03-11 04:00:00,-0.002341135624686852,0.0015093253771428787,0.001301326329996666
2015-03-12 04:00:00,0.012713455128754658,0.007345118099189473,0.006955560487361156
2015-03-13 04:00:00,-0.006132302643930498,-0.004906819268128815,-0.006623068703037893
2015-03-16 04:00:00,0.013360586755611692,0.011867463884553776,0.010786692572451595
2015-03-17 04:00:00,-0.0029724642037467497,0.0015306126345491227,-6.713276073044947e-06
2015-03-18 04:00:00,0.012021704188232452,0.01493388823098325,0.015740141060725278
2015-03-19 04:00:00,-0.004561486958311933,-0.004775145238576384,-0.005944803435946888
2015-03-20 04:00:00,0.0088268337429811,0.00740594909985277,0.008233026460998416
2015-03-23 04:00:00,-0.0019487225321325186,-0.0016561053622150324,-0.0003722731099876863
2015-03-24 04:00:00,-0.005618634293539482,0.0004963792756419454,-0.0012746411877471052
2015-03-25 04:00:00,-0.014654076077743827,-0.012170288158530919,-0.011036316498781219
2015-03-26 04:00:00,-0.0023814635963513853,-0.0076647267643917385,-0.004893281523345216
2015-03-27 04:00:00,0.0022898302714777774,0.006349075026147189,0.003108703363767473
2015-03-30 04:00:00,0.012199761830517408,0.0053357110588346576,0.006355609191494749
2015-03-31 04:00:00,-0.008739685688958998,-0.004385024488151633,-0.005757798005067349
2015-04-01 04:00:00,-0.0035359659875182636,0.0031324971773836205,0.0036350114082671857
2015-04-02 04:00:00,0.003597248663715913,-0.00208009279307988,-0.0015382897346982727
2015-04-06 04:00:00,0.0067333482441456205,0.0018064545445938937,0.003637240201269632
2015-04-07 04:00:00,-0.002646366327340832,0.0017661213038353554,0.001441631230516216
2015-04-08 04:00:00,0.003376903087832561,0.0021483861311490937,0.00018600631891092486
2015-04-09 04:00:00,0.004423497142551636,-0.0025317766091931043,-0.0012353078855120822
2015-04-10 04:00:00,0.005457053159768188,0.003861673449620495,0.004757680146375276
2015-04-13 04:00:00,-0.0045228627970888,-0.0021583618928643577,-0.0027559070895345817
2015-04-14 04:00:00,0.0019133425303961005,0.003982948724739454,0.003735032983858377
2015-04-15 04:00:00,0.004486532673804167,0.0023552672945080567,0.004446317918839227
2015-04-16 04:00:00,-0.00028470875771957616,-0.002161390044156031,-0.0005957462204246422
2015-04-17 04:00:00,-0.01150368339787411,-0.00231631326712085,-0.0036852429411640794
2015-04-20 04:00:00,0.009136726639530135,0.001952436582523686,0.0023889020962933657
2015-04-21 04:00:00,-0.001191061503162727,-0.0025260068041413233,-0.0028010559018082025
2015-04-22 04:00:00,0.004913936292337162,-0.0031583052773716874,-0.0012932184242199773
2015-04-23 04:00:00,0.002516606205063665,0.0032325709055121,0.004038573753388119
2015-04-24 04:00:00,0.0023198686291436843,0.0038867816200101935,0.0032075233656410186
2015-04-27 04:00:00,-0.0041574208709269644,-0.0024944525225561788,-0.0024944525225561788
2015-04-28 04:00:00,0.003178819419882961,-0.0036093185001511595,-0.002063481529077027
2015-04-29 04:00:00,-0.004114568724294165,-0.007370791884703487,-0.005479738577851467
2015-04-30 04:00:00,-0.010020554024749773,-0.005312370832750579,-0.004716009944953225
2015-05-01 04:00:00,0.010841401427150066,0.001120314907340169,0.0023571100393637518
2015-05-04 04:00:00,0.0028472487548441006,-0.002065881084358257,-0.0011770638636450336
2015-05-05 04:00:00,-0.011451711255444641,-0.007424766875263699,-0.006464869331995427
2015-05-06 04:00:00,-0.004116871800934341,-0.009318247100073895,-0.007606216095195573
2015-05-07 04:00:00,0.003989417127771011,0.007768589583917552,0.004849627621919117
2015-05-08 04:00:00,0.01316639146546672,0.008980082129167321,0.009261887001133328
2015-05-11 04:00:00,-0.004772806311044819,-0.012593294408602195,-0.010599960779917837
2015-05-12 04:00:00,-0.002991272776230014,-0.0007574634564650128,3.061395363079811e-05
2015-05-13 04:00:00,0.00019035775671261135,-0.003090131640562488,-0.002179922689725966
2015-05-14 04:00:00,0.010427790531691183,0.0073333120048483915,0.007663597681426059
2015-05-15 04:00:00,0.0010838523074727657,0.008670582171976759,0.006611361963739526
2015-05-18 04:00:00,0.0031066415841332073,-0.004847147351588222,-0.003440383588214779
2015-05-19 04:00:00,-0.00032827023989057125,-0.003743712101488806,-0.0049765765754698045
2015-05-20 04:00:00,-0.000704157923730242,0.0002528218933509186,-0.00013811094695179716
2015-05-21 04:00:00,0.002912455749655374,0.007341939623095461,0.007167584255152536
2015-05-22 04:00:00,-0.0023889521949939097,-0.0012671344670961869,-0.002408204350130605
2015-05-26 04:00:00,-0.010751764633735506,0.0003927134701968045,-0.003263761496099871
2015-05-27 04:00:00,0.009492049831981042,0.0066097015604099415,0.005020541471980588
2015-05-28 04:00:00,-0.0011280571005372053,-0.0016543666185540483,-0.0008927324029812554
2015-05-29 04:00:00,-0.006212870637091306,-0.0028456206811076296,-0.001808298871089486
2015-06-01 04:00:00,0.002036337662785437,-0.0030772180374174954,-0.002228303470359505
2015-06-02 04:00:00,-0.000992537851584041,-0.006176319594523783,-0.003592685719725497
2015-06-03 04:00:00,0.00264968573605473,-0.0048405056432549555,-0.00451927188647595
2015-06-04 04:00:00,-0.008446849855543226,0.00013996382528502858,-0.0020685645123684647
2015-06-05 04:00:00,-0.001713215894889597,-0.00590008699158151,-0.004224659187055102
2015-06-08 04:00:00,-0.006149261186932153,-0.004131574582652963,-0.003964142429112694
2015-06-09 04:00:00,-0.00014408067535054414,-0.0032533110195656968,-0.0008688735493928676
2015-06-10 04:00:00,0.011993329209212256,0.0036951394359682863,0.004962295088870983
2015-06-11 04:00:00,0.003223542789035694,0.010348229288492484,0.0073523435891003405
2015-06-12 04:00:00,-0.007654955870139313,-0.0045929735220835875,-0.005605922950469744
2015-06-15 04:00:00,-0.004285355774860111,-0.0019269792485244073,-0.002542838810187398
2015-06-16 04:00:00,0.005451572156040196,0.006419673989025654,0.005918040626046372
2015-06-17 04:00:00,0.0016170505780530586,-0.0021199906988237593,-0.0010626991889340796
2015-06-18 04:00:00,0.01039921707697844,0.00427546946896964,0.004766484663273995
2015-06-19 04:00:00,-0.0044390873189015245,0.002474192844162726,0.0002812125653640751
2015-06-22 04:00:00,0.0051231401684241895,-0.00508860361559309,-0.002704144323120117
2015-06-23 04:00:00,0.0007080421856018315,-0.0019758038862315087,-0.00017634592334754258
2015-06-24 04:00:00,-0.007263093891174521,-0.000907996838544345,-0.0024476457022483693
2015-06-25 04:00:00,-0.0030403582805591522,-0.003226527305255322,-0.00276230075996795
2015-06-26 04:00:00,-0.0001904121290531302,-0.004610580448371793,-0.003032476981415322
2015-06-29 04:00:00,-0.020970320244829033,-0.0019947331879511566,-0.005093566075337829
2015-06-30 04:00:00,0.002093011714201065,-0.0015172125163045891,0.0013326558028272653
2015-07-01 04:00:00,0.00801602001245727,-0.0005894885832202776,-0.000461915541330382
2015-07-02 04:00:00,-0.0009157749383510438,0.0007651859444011589,0.00026778904549683573
2015-07-06 04:00:00,-0.002846000622258038,0.0057060694274776004,0.0005850416890513127
2015-07-07 04:00:00,0.006288688392491526,0.007530844056826957,0.006009028792438054
2015-07-08 04:00:00,-0.016777404291178133,-0.006611492017862196,-0.007943898365550161
2015-07-09 04:00:00,0.0018091917729927687,-0.0067952812380652995,-0.003647906554142366
2015-07-10 04:00:00,0.012591805530912659,0.0012115537196032197,0.003262820009864642
2015-07-13 04:00:00,0.0110365976712965,0.005381237956463059,0.005749328162436429
2015-07-14 04:00:00,0.004338138956005322,0.00391663331884895,0.00324095624786459
2015-07-15 04:00:00,-0.0003320754847412344,0.004039659529608009,0.0018185069171253179
2015-07-16 04:00:00,0.008024063286623528,0.007576631617774377,0.0064160443166555664
2015-07-17 04:00:00,0.0008477355188662994,0.0025744443001609607,0.0015267033600045443
2015-07-20 04:00:00,0.0005179264230896763,-0.001373851159496109,-0.0025550765989361458
2015-07-21 04:00:00,-0.003951244379510888,-0.00020533272034035628,-0.0003244934236417364
2015-07-22 04:00:00,-0.0017944458496389482,0.0014135703628016087,-0.0006504351122291754
2015-07-23 04:00:00,-0.005630040340813491,0.0016053635651489318,-0.0004936095555081454
2015-07-24 04:00:00,-0.010372097301685201,-0.005232263627335065,-0.006279037735892923
2015-07-27 04:00:00,-0.005817272270398299,-0.001348469666678542,-0.003804632060578084
2015-07-28 04:00:00,0.012283043047918163,0.004452736017351943,0.006003228841654529
2015-07-29 04:00:00,0.006879061611080983,0.002641681099334425,0.00332640839348346
2015-07-30 04:00:00,0.00023744095826305767,0.003224569101117769,0.002079279548235058
2015-07-31 04:00:00,-0.0015182597023720712,0.0020486273085840393,-7.058428145176885e-05
2015-08-03 04:00:00,-0.0033723718046401174,0.002187423131572697,-0.0005181850140772105
2015-08-04 04:00:00,-0.001954652411168989,-0.004345821628928515,-0.002970781935764577
2015-08-05 04:00:00,0.003295724999941241,-0.0010248372402064114,-0.0006598781107536532
2015-08-06 04:00:00,-0.00818802534116847,-0.0013616071810959468,-0.002313917634663731
2015-08-07 04:00:00,-0.001919843141161115,0.004095136444857994,0.0023960243589853376
2015-08-10 04:00:00,0.012599371095115552,0.0026057674092472725,0.00598291594756839
2015-08-11 04:00:00,-0.00902345643917779,0.0009376380272244859,-0.0019827689576523483
2015-08-12 04:00:00,0.0011981929219724297,-0.0014615507232332628,-0.0012379827373624084
2015-08-13 04:00:00,-0.0012444236861378632,-0.002036244155538092,-0.0021654567462828234
2015-08-14 04:00:00,0.0036422126742998717,0.003123357802044291,0.0022407515661066356
2015-08-17 04:00:00,0.0055866669680253445,0.005159060790327974,0.004315915982907503
2015-08-18 04:00:00,-0.002896507057653319,-0.0048861198366695335,-0.004622973111627026
2015-08-19 04:00:00,-0.007905779497876742,-0.0007932038317071113,-0.0028999127314994428
2015-08-20 04:00:00,-0.020880915051105786,-0.008488750932494193,-0.009232390572516324
2015-08-21 04:00:00,-0.030102662491525378,-0.0168555493958918,-0.018817092392632427
2015-08-24 04:00:00,-0.04210689439108173,-0.025390831143520677,-0.027857476523750927
2015-08-25 04:00:00,-0.01176780154499113,-0.01348643366559843,-0.01146448561229516
2015-08-26 04:00:00,0.038393927260068406,0.015314707431675553,0.016624426091028842
2015-08-27 04:00:00,0.02473509381366612,0.015070791397743965,0.01862197957977969
2015-08-28 04:00:00,5.024703727474211e-05,0.001210454982700826,0.0035275594906633905
2015-08-31 04:00:00,-0.008079043571036504,-0.00792013979845354,-0.004736810807579572
2015-09-01 04:00:00,-0.029848134542244886,-0.015026757387870291,-0.01906150888639638
2015-09-02 04:00:00,0.01898169156080254,0.007947048904066011,0.009664497010886652
2015-09-03 04:00:00,0.0007161428492106214,0.0023804647649256607,0.0025463680490773297
2015-09-04 04:00:00,-0.01513678761753745,-0.005429900574549595,-0.007576709360208778
2015-09-08 04:00:00,0.02513095300438062,0.009177210454804062,0.011375754648254077
2015-09-09 04:00:00,-0.013371605276829235,-0.006103502598619959,-0.007888857324854281
2015-09-10 04:00:00,0.005441486797036932,0.0005640258975047716,0.002099032938972423
2015-09-11 04:00:00,0.004544501348570762,0.005246940956569723,0.00448574159048144
2015-09-14 04:00:00,-0.0037105765125503565,-0.0016002056821605715,-0.0030042854521195594
2015-09-15 04:00:00,0.012499482206766999,-0.00016611423968173646,0.0020827963905645677
2015-09-16 04:00:00,0.008666572611693235,0.003690664836647572,0.005724707776501736
2015-09-17 04:00:00,-0.002247837012763987,0.0035333892587909644,0.0016609800323326485
2015-09-18 04:00:00,-0.016341440538749308,-0.0036508269783506854,-0.006698527863037608
2015-09-21 04:00:00,0.005167671092639603,-0.003419022754223011,-0.0006565377551316254
2015-09-22 04:00:00,-0.012979836870052552,-0.002226300763699539,-0.004209582733909511
2015-09-23 04:00:00,-0.0015986931755032074,-0.0009920282673593127,-0.001779056227492437
2015-09-24 04:00:00,-0.0036157056201392423,0.0005569606899382021,0.0004765708091074353
2015-09-25 04:00:00,-0.00025931589050598447,-0.0036139481686775724,-0.0021517527531149105
2015-09-28 04:00:00,-0.025097151293065445,-0.008212792770060838,-0.011310312004115253
2015-09-29 04:00:00,0.0005851019405751501,0.0014835827083205188,0.0018697921705175258
2015-09-30 04:00:00,0.01865849710185774,0.009807486660680365,0.010885782986880787
2015-10-01 04:00:00,0.002608737564951502,0.003272028487373335,0.002185262725424919
2015-10-02 04:00:00,0.014937810261747453,0.011385775848435163,0.011444458564654413
2015-10-05 04:00:00,0.017795028759961307,0.005249873354140621,0.007926797879295277
2015-10-06 04:00:00,-0.003426151318611126,-0.00033015981431869755,0.0011928496891273179
2015-10-07 04:00:00,0.008190745516067688,0.003585481139281032,0.003726023399200761
2015-10-08 04:00:00,0.009026427180166552,0.002065890942036663,0.0033515300954918836
2015-10-09 04:00:00,0.000596402646134031,0.0014075039238669264,0.0015912223685362603
2015-10-12 04:00:00,0.0009437263472455992,0.00360838739611471,0.0012615721183628745
2015-10-13 04:00:00,-0.006302113379265228,-0.0030997097185881057,-0.003914855040736775
2015-10-14 04:00:00,-0.004793913540431682,0.0006240849643688101,8.546764821937291e-06
2015-10-15 04:00:00,0.015354421978836408,0.007252570927514278,0.007483693441709414
2015-10-16 04:00:00,0.004546630280974684,0.0028573137438656195,0.0028898723681979326
2015-10-19 04:00:00,0.0004919060034538347,-0.0008023819623862228,-0.002343827383960129
2015-10-20 04:00:00,-0.0012788076810390514,-0.0032269855491233734,-0.0024139109596769347
2015-10-21 04:00:00,-0.006203203787834899,0.0002510804312681582,-0.0015991268434408785
2015-10-22 04:00:00,0.01689369546683528,0.010813487334920246,0.010976629560526295
2015-10-23 04:00:00,0.010961685760537687,0.003164718300973845,0.003421358957686782
2015-10-26 04:00:00,-0.0024574521361078183,0.0011879736468221051,0.00025569741249662484
2015-10-27 04:00:00,-0.0019326934476092683,-0.00016006486999458063,-0.0008778566394617604
2015-10-28 04:00:00,0.011374830101630096,0.005216434494398836,0.007297518882344689
2015-10-29 04:00:00,-0.0005741370998483264,-0.006708163844784898,-0.005711691511530259
2015-10-30 04:00:00,-0.004309976246000935,0.000433963402244753,0.0006756550757926808
2015-11-02 05:00:00,0.011831032385439144,0.005260396210946849,0.00519362470414172
2015-11-03 05:00:00,0.0028992431236589677,-0.0015404912629301216,0.001065243631008628
2015-11-04 05:00:00,-0.0030330874069407487,-0.001356748283924758,-0.0031619370410203686
2015-11-05 05:00:00,-0.0009983497440587685,-0.001656285688954573,-0.002185088000503788
2015-11-06 05:00:00,-0.0005234595002298059,-0.006176127635949303,-0.0053102186485247446
2015-11-09 05:00:00,-0.009331581691154445,-0.00785111715850333,-0.008159390888288398
2015-11-10 05:00:00,0.002306847037780946,0.0025669559060834237,0.0020684131241564983
2015-11-11 05:00:00,-0.003931562076694983,-0.003201361707842776,-0.0040070169510611825
2015-11-12 05:00:00,-0.013960153799693509,-0.006450730356844202,-0.008369441121532005
2015-11-13 05:00:00,-0.011228099088500532,-0.004451322834852523,-0.005786598864826365
2015-11-16 05:00:00,0.015207030432659918,0.008756581231306626,0.009338340439022963
2015-11-17 05:00:00,-0.0007298224697593891,0.00023126614570512238,-0.0014680554149978044
2015-11-18 05:00:00,0.01586623723244096,0.010354465739007645,0.010570118339538937
2015-11-19 05:00:00,-0.0008622002374802928,0.0021491149522490094,0.0014825061785647131
2015-11-20 05:00:00,0.0036440442169274334,0.0009610867771655761,0.001126569596236726
2015-11-23 05:00:00,-0.001146645508120936,0.0005411176259491724,0.001009584952705156
2015-11-24 05:00:00,0.0013392310319060297,0.0007703046419033743,0.0023881359045070383
2015-11-25 05:00:00,-0.00014317354588877507,0.0008412435686846466,0.0004717009377356529
2015-11-27 05:00:00,0.0011465906449035224,0.0002915051654270417,-0.0011266222453054197
2015-11-30 05:00:00,-0.004151587655167099,-0.0009037829884577908,-0.0019308156580566506
2015-12-01 05:00:00,0.009535746770555464,0.011124271332399304,0.01090112885893859
2015-12-02 05:00:00,-0.010205249158051433,-0.005992796989528348,-0.008115995417883859
2015-12-03 05:00:00,-0.014002718922269453,-0.019274933574954092,-0.015417817086817795
2015-12-04 05:00:00,0.019503048210094853,0.01521578802078869,0.014196561114444027
2015-12-07 05:00:00,-0.006058591148602632,0.00024595542230838614,-0.0036136942315909914
2015-12-08 05:00:00,-0.006719381400714708,-0.003834498253760676,-0.004391760323556936
2015-12-09 05:00:00,-0.0077798118699561325,-0.005094815086575233,-0.00491514409127387
2015-12-10 05:00:00,0.0025814994976178784,0.002075204274255293,0.001579198920615643
2015-12-11 05:00:00,-0.019381639521879213,-0.005326131804779142,-0.007925978812632838
2015-12-14 05:00:00,0.005052688465001731,-0.002139458887654123,-0.0015118834884464414
2015-12-15 05:00:00,0.010497748913954386,0.003941220217822039,0.004307356226790793
2015-12-16 05:00:00,0.014631916916618026,0.007922659869509062,0.0076893579316800065
2015-12-17 05:00:00,-0.015238130559019014,-0.00462078059765072,-0.006799996063129821
2015-12-18 05:00:00,-0.01781499699287825,-0.008469391942720915,-0.008570094974675757
2015-12-21 05:00:00,0.008249169416974844,0.004852152897459661,0.004424345189820455
2015-12-22 05:00:00,0.009074227243125232,0.002554772243982883,0.0028230147381592906
2015-12-23 05:00:00,0.012382798203102618,0.004420969983085587,0.006998248002267016
2015-12-24 05:00:00,-0.001649884250308098,0.0013015780504099796,0.0007287009002612697
2015-12-28 05:00:00,-0.0022851196659204875,-0.00018905899829710902,-0.0019035310376723901
2015-12-29 05:00:00,0.01067199754769188,-0.00024205359752911375,0.0030859155610512114
2015-12-30 05:00:00,-0.007087919208901727,-0.004652198030548549,-0.00552104221207701
2015-12-31 05:00:00,-0.010003295089948794,-0.0042026038759910515,-0.0041257301328666346
2016-01-04 05:00:00,-0.013979480936232469,-0.005501621586452042,-0.0069716282043117295
2016-01-05 05:00:00,0.0016914587869250042,-0.0005989947867210523,-0.0011759216807101125
2016-01-06 05:00:00,-0.012614360221150922,-0.002178530407730927,-0.005125449561564289
2016-01-07 05:00:00,-0.02399153442373081,-0.013677030343877194,-0.014320905017846906
2016-01-08 05:00:00,-0.01097615352828063,-0.0047942143986754,-0.005708635137007123
2016-01-11 05:00:00,0.0009897691955045307,-0.003783602903639949,-0.005423612073800866
2016-01-12 05:00:00,0.008068140796422929,0.010610844475517169,0.008525788270354185
2016-01-13 05:00:00,-0.02494072533742675,-0.01102163705626382,-0.0125732364247937
2016-01-14 05:00:00,0.01641714713287712,0.006106151229123745,0.00728609558069757
2016-01-15 05:00:00,-0.021465930573980052,-0.0066448437917072,-0.0103122054370717
2016-01-19 05:00:00,0.0013307420195260988,-0.0004420148430546168,-0.0009603950558650709
2016-01-20 05:00:00,-0.012815279385038125,-0.0034773575066503913,-0.005282194413445585
2016-01-21 05:00:00,0.005602033089883829,0.0006457201119124617,0.0026714069443914412
2016-01-22 05:00:00,0.02051553012042273,0.010783312157432556,0.014154837178494207
2016-01-25 05:00:00,-0.015116473778469253,-0.006899760834504675,-0.009619706476992895
2016-01-26 05:00:00,0.013643111822702947,0.008376271163073445,0.010307241772891839
2016-01-27 05:00:00,-0.010883123722966404,-0.006625142752955581,-0.005388731326660844
2016-01-28 05:00:00,0.005209029635447449,0.003696685898738261,0.004672081790135473
2016-01-29 05:00:00,0.02437742878198823,0.018017214746824228,0.01811739567419557
2016-02-01 05:00:00,-0.00036133698028417705,-0.0014414938742211003,-0.003013252282847956
2016-02-02 05:00:00,-0.018022524971990417,-0.003392667153042982,-0.0070022720193187666
2016-02-03 05:00:00,0.005995286253048349,0.0002798198238391776,0.0036253942178102404
2016-02-04 05:00:00,0.0015677199885333337,0.00287905581444905,0.0022360977216531962
2016-02-05 05:00:00,-0.01904977128961083,-0.010963379880666023,-0.011714422706065373
2016-02-08 05:00:00,-0.01346064153933113,0.0005316157133487005,-0.0020992322295494185
2016-02-09 05:00:00,5.340311858681446e-05,0.00045802836135599995,-0.002214620071045681
2016-02-10 05:00:00,-0.0008628512208368466,0.003007068064293828,0.0022904906635310197
2016-02-11 05:00:00,-0.01300807225018119,-0.005003307656738953,-0.0044711697013211085
2016-02-12 05:00:00,0.02061717121246054,0.005729525806679003,0.008850777369459172
2016-02-16 05:00:00,0.016877977818358314,0.00589869414706965,0.005835697386511163
2016-02-17 05:00:00,0.01633487145807333,0.007341297556336323,0.010059778081141436
2016-02-18 05:00:00,-0.004095812899383766,0.0024609940579077617,0.0006766930713869799
2016-02-19 05:00:00,-0.0004684380711373892,5.5042069209787524e-05,-0.0009054726679687986
2016-02-22 05:00:00,0.01447925088297608,0.008474037583799365,0.01005473731541796
2016-02-23 05:00:00,-0.012629915973097483,-0.005959111367772674,-0.007709814090234624
2016-02-24 05:00:00,0.004575898352729091,0.0019544534134122047,0.0034363348777348593
2016-02-25 05:00:00,0.012111650609836433,0.008699910653527309,0.008262432843412715
2016-02-26 05:00:00,-0.0023013265566271812,-0.005238718287955369,-0.004432840988622666
2016-02-29 05:00:00,-0.007842466297014461,-0.0029569732133348124,-0.0021232400248141882
2016-03-01 05:00:00,0.02350697367258392,0.0070605733404056166,0.008899898081881217
2016-03-02 05:00:00,0.004492598381461432,0.004346284688345259,0.004482198012198602
2016-03-03 05:00:00,0.003919458356060224,0.0038094482319951605,0.003990597732385459
2016-03-04 05:00:00,0.003253869010392041,-0.0006126155806588155,0.001966599705109906
2016-03-07 05:00:00,0.000797736909942115,0.0003541514182396011,0.0022103748846584504
2016-03-08 05:00:00,-0.010917438965809656,-0.002132303292480553,-0.004581138450584665
2016-03-09 05:00:00,0.004939298470978182,0.0005323563035682264,0.0026541656418165973
2016-03-10 05:00:00,0.0008026607630902127,-0.0011591389652140906,-0.0008980882002789238
2016-03-11 05:00:00,0.01613706235305612,0.0056404057826678665,0.007024274325401858
2016-03-14 04:00:00,-0.0012824362790860855,0.0004867159897483875,-0.0007201883651092535
2016-03-15 04:00:00,-0.0016295754293205178,-0.0006018801847074151,-0.0015216755721193299
2016-03-16 04:00:00,0.0057874045829398035,0.004660963544211682,0.006104944793913236
2016-03-17 04:00:00,0.006343865862431519,0.005459201740413322,0.006162062373901245
2016-03-18 04:00:00,0.003929693978325766,0.003196383235977684,0.00291314187593471
2016-03-21 04:00:00,0.0014187573231767558,-0.002216975371326102,-0.0011553606485073973
2016-03-22 04:00:00,-0.0005373295717929771,-0.0004160817100327119,0.00034154905086235536
2016-03-23 04:00:00,-0.006599572934816167,0.0005700333217954828,-0.002676108586996329
2016-03-24 04:00:00,-0.00044300021321475036,-0.00011127947728790662,-0.0007455955972612727
2016-03-28 04:00:00,0.000590987519687447,0.0008795678585948874,0.001047956066211797
2016-03-29 04:00:00,0.00925042762242101,0.009744245330795522,0.008471693335814445
2016-03-30 04:00:00,0.004387003571775461,-0.0015792648748451659,-0.0009006388357377548
2016-03-31 04:00:00,-0.002426743015800037,0.0013814741736812857,0.0005218152227924321
2016-04-01 04:00:00,0.006812246635643726,0.0051306011573224895,0.00313917405669084
2016-04-04 04:00:00,-0.0032381732752068126,-0.0016981162344696043,-0.0031375673255574447
2016-04-05 04:00:00,-0.009988022674938257,-0.001618198434941309,-0.002944770013379905
2016-04-06 04:00:00,0.010921503263266796,0.0036477929883619526,0.0054635575080940624
2016-04-07 04:00:00,-0.011965897253567004,-0.002241339807481778,-0.0037838166946610238
2016-04-08 04:00:00,0.00269683453908387,-0.0009112555353286034,0.0021149170418332417
2016-04-11 04:00:00,-0.002347208744975071,-0.0019235047960338703,-0.0010405754144068966
2016-04-12 04:00:00,0.009312685416175137,0.0028268184246997394,0.005687670194520744
2016-04-13 04:00:00,0.010101099718535789,0.0074659830078324775,0.007627477811962269
2016-04-14 04:00:00,4.8136547281751874e-05,-0.0018892230974478787,-0.0022114411023743566
2016-04-15 04:00:00,-0.0011058817876691274,0.0027626889991865023,0.001538759866630601
2016-04-18 04:00:00,0.00702675760746474,0.0024872314898889405,0.0033619123371820044
2016-04-19 04:00:00,0.0031541612466603475,0.0006436091042892221,0.0030850559100040753
2016-04-20 04:00:00,0.0009529071689902135,-0.003828465793079561,-0.0007873678332688478
2016-04-21 04:00:00,-0.00537832686362083,-0.005606350699534723,-0.0054346485207361845
2016-04-22 04:00:00,0.0,-0.0010255232192681873,-0.0011940529673765022
2016-04-25 04:00:00,-0.0017229004245666868,-0.002685537549132544,-0.002343727570237308
2016-04-26 04:00:00,0.0014862383855964723,-0.000923013396700423,0.0008118145060640679
2016-04-27 04:00:00,0.0020580130781779893,0.00522687586926196,0.005142423964956766
2016-04-28 04:00:00,-0.009075759349112755,-0.0037959634309439267,-0.0036512369124879645
2016-04-29 04:00:00,-0.005398939690413385,-0.0022164223107005165,-0.001502626847927724
2016-05-02 04:00:00,0.00794865566890679,0.0007419182276448217,0.0003769880314368648
2016-05-03 04:00:00,-0.00870320639958766,-0.00018361486974793808,-0.0029730931182854413
2016-05-04 04:00:00,-0.005578420077238411,-0.0011528059542111444,-0.00163073848086257
2016-05-05 04:00:00,-0.00019491762131307322,0.002557140560400018,0.0009006132070515369
2016-05-06 04:00:00,0.0036591536077277276,0.00048585653484698463,0.0015547439568043054
2016-05-09 04:00:00,0.0008262589086207583,0.0017525850634882547,-0.0007570761075771817
2016-05-10 04:00:00,0.012434021279176033,0.007491094740762527,0.00994540079940689
2016-05-11 04:00:00,-0.009354933865776571,-0.00335115494288547,-0.0015844415817447108
2016-05-12 04:00:00,0.000290570316672234,-0.0016491638169011226,-0.0010551822309790458
2016-05-13 04:00:00,-0.008714230453831795,-0.0013511807821492859,-0.0024584347717846347
2016-05-16 04:00:00,0.009865459868674487,0.0024724578070998587,0.004439127652771524
2016-05-17 04:00:00,-0.009333818174006692,-0.004929532095173062,-0.004345860424520942
2016-05-18 04:00:00,0.00029291077238391416,-0.005518561312092318,-0.004840742403359676
2016-05-19 04:00:00,-0.0034650375690105095,-0.00034900963742410217,-0.0010547351808596005
2016-05-20 04:00:00,0.0063171897645386554,0.004097938489091346,0.0044319809057923095
2016-05-23 04:00:00,-0.0013624566022576445,7.365722518271056e-05,-0.0006948247623902339
2016-05-24 04:00:00,0.01296226211544571,0.005998842250748071,0.00644347100537791
2016-05-25 04:00:00,0.0067830553640042535,0.002560593129924138,0.004103884377476042
2016-05-26 04:00:00,0.0002870528877401135,0.002243569436965753,0.0016579311782480733
2016-05-27 04:00:00,0.004298996236356878,0.0019950992245342026,0.0025482422671682216
2016-05-31 04:00:00,-0.001902476746820092,-0.00018657767846805837,-0.0010334242756134039
2016-06-01 04:00:00,0.0020490757307867202,0.0028523949687655923,0.003466381069102664
2016-06-02 04:00:00,0.003043903283367788,0.004709195715518044,0.004190372851204693
2016-06-03 04:00:00,-0.0029873635126373976,0.0039019245776191983,0.0031499187291212263
2016-06-06 04:00:00,0.005088717811253307,8.11072119589972e-05,0.0020249386394470383
2016-06-07 04:00:00,0.0015612088003633673,0.0019043791522127761,0.002651260615673401
2016-06-08 04:00:00,0.0032596188286035943,0.004098323920727465,0.0052598178066599385
2016-06-09 04:00:00,-0.0013653795939132518,0.001762021895881594,0.0009241561385972539
2016-06-10 04:00:00,-0.009477486209087393,-0.0037481052650579104,-0.0054545663747486255
2016-06-13 04:00:00,-0.007711644109393512,-0.0028465313166368793,-0.0032916451038866863
2016-06-14 04:00:00,-0.0019671035802522052,-0.0014755228038075608,-0.0020527525386452306
2016-06-15 04:00:00,-0.001394055805279848,0.0007011111593307364,-0.0002075181031395368
2016-06-16 04:00:00,0.0029846093203473867,0.0037347321471174148,0.0015359564912632235
2016-06-17 04:00:00,-0.0037240008472116948,-0.004725742407181999,-0.0017570620281261665
2016-06-20 04:00:00,0.0064396154901760205,-0.0004134202849689129,0.0015727091264888691
2016-06-21 04:00:00,0.0028389760654496943,-0.000145237759321182,-0.0004617994475846765
2016-06-22 04:00:00,-0.0016314060191222612,-0.00031975873959235715,-0.0010731462794649426
2016-06-23 04:00:00,0.013022569697009212,0.003238148006246443,0.005171465163421806
2016-06-24 04:00:00,-0.035909304871341474,-0.010806657888685178,-0.015514882540503584
2016-06-27 04:00:00,-0.017909793486789893,-0.0007590548179268828,-0.0034556256302554207
2016-06-28 04:00:00,0.01803616749852921,0.0116551990329393,0.0130489655073605
2016-06-29 04:00:00,0.017027646995428913,0.007147589909887796,0.009360304171453804
2016-06-30 04:00:00,0.013645212742521506,0.009661051152276601,0.008709672426159843
2016-07-01 04:00:00,0.002100585867391036,0.0068142454805383505,0.006663541744497281
2016-07-05 04:00:00,-0.0071928901422883,0.0006924086088856869,-0.00339101947959225
2016-07-06 04:00:00,0.005997588960517053,0.004245045338883191,0.004480755877794751
2016-07-07 04:00:00,-0.0006199884093187613,-0.0004001033695403944,-0.003229477321565355
2016-07-08 04:00:00,0.01489039849634155,0.011880363425077877,0.012162163545497127
2016-07-11 04:00:00,0.0035267695205130067,-0.0013935386834305064,-0.0009193542730119849
2016-07-12 04:00:00,0.007263548492682181,-0.002217637490272529,0.001315638419352161
2016-07-13 04:00:00,-0.00013976356249523203,0.004630517715663696,0.0021936386557798613
2016-07-14 04:00:00,0.00558377932377474,-0.0024668438840069313,-0.0006101464888871424
2016-07-15 04:00:00,-0.0013417547669024588,-0.004243733282423112,-0.0036512625543821393
2016-07-18 04:00:00,0.002687032424614433,0.0012364640601144393,0.0008615436739109915
2016-07-19 04:00:00,-0.0010164537891041991,0.0016466648352151392,0.00047688161490065943
2016-07-20 04:00:00,0.004163087875441285,0.0003113318533697557,0.00018090301815696362
2016-07-21 04:00:00,-0.003777127946371972,-0.0014562933516904632,-0.0022041164158905337
2016-07-22 04:00:00,0.004484847675922943,0.003383625265297496,0.003004834831682668
2016-07-25 04:00:00,-0.002715935624320265,-0.001917562920539728,-0.002944464399182334
2016-07-26 04:00:00,0.0004614004779319725,0.0009111871313685516,0.0003359285638538266
2016-07-27 04:00:00,-0.001061060509715106,0.004344765758914826,0.0021231312889165017
2016-07-28 04:00:00,0.0011547699520826349,-4.640376115379048e-05,-0.0001432915664061007
2016-07-29 04:00:00,0.0016145830336438127,0.004302228901221783,0.004316319458513851
2016-08-01 04:00:00,-0.0008287230246469823,-0.004834145984318839,-0.005500615196183822
2016-08-02 04:00:00,-0.006407437457053078,-0.007965541571425483,-0.007077822578129277
2016-08-03 04:00:00,0.0029226486380315997,0.0019850697336858403,0.003568881848456118
2016-08-04 04:00:00,0.00106385793445396,0.0036439273066588562,0.003313869847970707
2016-08-05 04:00:00,0.008178974251978222,0.0007481371598140989,0.0022075347008035486
2016-08-08 04:00:00,-0.0005958593167659787,0.00039618474569309565,0.0007648592248418185
2016-08-09 04:00:00,0.0005962145767763882,0.004292072645830958,0.003031487903592389
2016-08-10 04:00:00,-0.0024749068990235212,6.212463938255492e-05,-0.0015052062870908878
2016-08-11 04:00:00,0.004640583412892418,-0.0007828974406869807,0.001654942191761211
2016-08-12 04:00:00,-0.0008688049868965653,0.0028477500794424682,0.0027667483450147575
2016-08-15 04:00:00,0.0028837173110394243,-0.0020391434509460906,0.0005515489324303677
2016-08-16 04:00:00,-0.005157710434292917,-0.004161043985748303,-0.0030836338729008927
2016-08-17 04:00:00,0.0018812711251614544,0.0035278139045854754,0.0033302009062770254
2016-08-18 04:00:00,0.0022436250766717514,0.0019781989956334733,0.00308854279580637
2016-08-19 04:00:00,-0.0014620607925170948,-0.0029714674693540836,-0.002777512988639674
2016-08-22 04:00:00,-4.5985614819055165e-05,0.00334655843903009,0.0015771082551210955
2016-08-23 04:00:00,0.002013430863196941,0.001636980386707254,0.00193027390117424
2016-08-24 04:00:00,-0.005114480348583084,-0.0040112544860449574,-0.00497241397716427
2016-08-25 04:00:00,-0.0006887789718013071,-0.0019309295339248857,-0.0011477480341171575
2016-08-26 04:00:00,-0.0018832726201839511,-0.0034580554045082978,-0.0032111661078621954
2016-08-29 04:00:00,0.004924493747331393,0.008303088104066792,0.006562510817516853
2016-08-30 04:00:00,-0.0016486863509677097,-0.00252982672782065,-0.003089989480585487
2016-08-31 04:00:00,-0.00284427492608752,-0.0011337996352147163,-0.003185636200908293
2016-09-01 04:00:00,4.606707283838496e-05,0.00046886167389836864,-0.0007533355538475452
2016-09-02 04:00:00,0.004508299682832062,-0.0005573293100968883,0.001382641884576019
2016-09-06 04:00:00,0.003022072241039231,0.0047274067775456615,0.0046937963784516425
2016-09-07 04:00:00,-9.135872552701318e-05,-0.0003413496511065928,0.0006274486880740726
2016-09-08 04:00:00,-0.002282956420428528,-0.006386200440747336,-0.003353711556599537
2016-09-09 04:00:00,-0.023934887164825613,-0.02095067323605557,-0.020848934781657388
2016-09-12 04:00:00,0.014347459285287023,0.00881498064181816,0.008763354374156672
2016-09-13 04:00:00,-0.014375552147153359,-0.013168496556317289,-0.013329633078161629
2016-09-14 04:00:00,-0.0003751242719275405,0.00037174412436444823,-0.0005381671651266573
2016-09-15 04:00:00,0.009992967855777746,0.0042675348586428625,0.005187390195282326
2016-09-16 04:00:00,-0.003865747925590246,0.0009126298000631697,0.00024329771494546713
2016-09-19 04:00:00,0.0001877018324401014,-0.0011935764385639924,-0.0009362786988323712
2016-09-20 04:00:00,4.685434545814715e-05,0.0014279522738664062,0.0014245061712195638
2016-09-21 04:00:00,0.011245346767384312,0.009982055853822568,0.01041642209703959
2016-09-22 04:00:00,0.00630144584374337,0.006960464899947371,0.006711264742460666
2016-09-23 04:00:00,-0.005479207379427864,-0.0036673560599534303,-0.004725722943143051
2016-09-26 04:00:00,-0.008102224549359494,-0.0023177621126446945,-0.002267309977551468
2016-09-27 04:00:00,0.006208148066069175,0.006658890363732706,0.004971067364917847
2016-09-28 04:00:00,0.004963427097921969,0.0021127984316746673,0.004669084409125335
2016-09-29 04:00:00,-0.009047513439595312,-0.004416494122637759,-0.004064240694423682
2016-09-30 04:00:00,0.0075464941835508,0.000952778166709045,0.002180787800046236
2016-10-03 04:00:00,-0.002404364346688115,-0.0027625357394198916,-0.0015664726501371292
2016-10-04 04:00:00,-0.005097863935361047,-0.007736669987927081,-0.006831373769720383
2016-10-05 04:00:00,0.0044254927807847455,0.0007913567681977259,0.001853356728319022
2016-10-06 04:00:00,0.0006954149805442622,-0.0018120975801743102,-0.0010572489636489488
2016-10-07 04:00:00,-0.003429222626279871,-0.001788316260123035,-0.0021184384147249877
2016-10-10 04:00:00,0.005208404184828375,0.0007652196143552279,0.0024750777249906483
2016-10-11 04:00:00,-0.012629653332887125,-0.008478940249485723,-0.008839983354122838
2016-10-12 04:00:00,0.0013117988548507764,0.0011786145534286251,0.0003598964782613788
2016-10-13 04:00:00,-0.003275366649513667,-0.0004608908573185077,-0.00017691875697993813
2016-10-14 04:00:00,0.0005164489188738131,-0.0052950371438564405,-0.0038282297601218264
2016-10-17 04:00:00,-0.003472272481716443,0.0004698971157182101,-3.734986797270242e-05
2016-10-18 04:00:00,0.006262268133630844,0.005056199582451626,0.004927831121278414
2016-10-19 04:00:00,0.0026673639603316257,0.0019317779409480538,0.0025020943591598233
2016-10-20 04:00:00,-0.001866564468952503,-0.0006987819947277041,-0.0017125737406049391
2016-10-21 04:00:00,0.000467099299259921,0.0008811347556772376,0.0011238334156653319
2016-10-24 04:00:00,0.004253051775097383,0.0008116157864177962,0.0013119154915290697
2016-10-25 04:00:00,-0.003350691122842475,-0.0009556339610858886,-0.0016756569446170098
2016-10-26 04:00:00,-0.002007753202148632,-0.003909854293598003,-0.0038884358230684367
2016-10-27 04:00:00,-0.0026664917041558933,-0.005957546885701293,-0.004274853986667692
2016-10-28 04:00:00,-0.002956061447953684,-0.0026609240183588455,-0.0030944208923386228
2016-10-31 04:00:00,4.75466511893341e-05,0.002481554679276199,0.0005490449409882858
2016-11-01 04:00:00,-0.0072454314845293855,-0.004316801423326888,-0.003856496739808346
2016-11-02 04:00:00,-0.006018518674111073,-0.0018706748560660897,-0.00350338868864436
2016-11-03 04:00:00,-0.00457714512734253,-0.005816647129990549,-0.005385755330471986
2016-11-04 04:00:00,-0.0011017182099651857,0.0029233347216137463,0.0013515642866334886
2016-11-07 05:00:00,0.02205696641307031,0.009833409854262285,0.01109177072328038
2016-11-08 05:00:00,0.00450400357259384,0.0010794680297757874,0.001349685777839327
2016-11-09 05:00:00,0.010601992069579458,-0.010611746379507903,-0.005893600376265218
2016-11-10 05:00:00,0.002495324594985915,-0.00441096748089489,-0.0037441851346751926
2016-11-11 05:00:00,-0.002304728620840746,-0.0036319030391084306,-0.00497571368294577
2016-11-14 05:00:00,0.0007855276785662113,-0.0019214351860929128,-0.0015314347081163747
2016-11-15 05:00:00,0.007802780954220712,0.006660170325409531,0.008390867564587222
2016-11-16 05:00:00,-0.0018786558862845526,0.00248204464810462,0.00035525301217433905
2016-11-17 05:00:00,0.005141077320084175,-0.002801103618928691,-0.0011230558621313606
2016-11-18 05:00:00,-0.0022376866918036864,-0.0024977201310702134,-0.0013842138298706948
2016-11-21 05:00:00,0.007551441441134399,0.00552407714590868,0.008070599095693876
2016-11-22 05:00:00,0.0019532966017470343,0.0010397863644262984,0.0009402165825009301
2016-11-23 05:00:00,0.0005437349357693133,-0.0012258765524658876,-0.00043945831640833654
2016-11-25 05:00:00,0.003715792334314738,0.002826066344564904,0.00194941734644416
2016-11-28 05:00:00,-0.004694613615564003,0.00012979942175317394,-0.0002737258045471202
2016-11-29 05:00:00,0.0019499702760201743,0.002845901703687481,0.00043488764886766545
2016-11-30 05:00:00,-0.0023989720342234566,-0.007919250983743843,-0.003250507609358765
2016-12-01 05:00:00,-0.0036757332500968465,-0.006428916465140477,-0.003532149959898201
2016-12-02 05:00:00,0.0005012614703530094,0.003231703256996932,0.003209097735516653
2016-12-05 05:00:00,0.006008411614852882,0.0031702248039581883,0.0037917548628377596
2016-12-06 05:00:00,0.0031674043344898095,0.0015991248925861345,0.0012280213803784856
2016-12-07 05:00:00,0.013081117434412759,0.011266321980665284,0.009643175945152183
2016-12-08 05:00:00,0.0024485192493206576,-0.0032485884946863667,-0.0018754913730123055
2016-12-09 05:00:00,0.006040556582893153,-0.0013512672639118604,0.00040809369757587326
2016-12-12 05:00:00,-0.001147915296280444,6.018047037217313e-05,0.0005139696667307848
2016-12-13 05:00:00,0.006673960458370987,0.005431585617925583,0.005329558759693698
2016-12-14 05:00:00,-0.008254254708677133,-0.009421753301342562,-0.009257440429969432
2016-12-15 05:00:00,0.004117288041725953,0.004490561039243168,0.0038572418914054945
2016-12-16 05:00:00,-0.0019561287801065363,-0.0020936582626897016,-0.0014140761049700522
2016-12-19 05:00:00,0.0021775362035072465,0.005609214640973147,0.003958083109894728
2016-12-20 05:00:00,0.0038576409964969915,0.0003214881960903245,0.0012699202272216656
2016-12-21 05:00:00,-0.002782426053491327,9.589065016768483e-05,-0.0009216339009863852
2016-12-22 05:00:00,-0.0017275427252410047,-0.0017514823367683618,-0.0017015108305085348
2016-12-23 05:00:00,0.0014642544474461339,0.0016933184500071085,0.0016830348185946642
2016-12-27 05:00:00,0.002481001465002741,0.00020093593835936998,0.0020672658533653744
2016-12-28 05:00:00,-0.008264519460400521,-0.0020351831647613663,-0.0027027014881035867
2016-12-29 05:00:00,-0.00022290656334944536,0.0012836260850539016,0.0010559523715081064
2016-12-30 05:00:00,-0.0036548171986480193,-0.0015876144691001626,-0.0015491813158808874
2017-01-03 05:00:00,0.007649558065834672,0.006302014943651635,0.004674450449170874
2017-01-04 05:00:00,0.00594947496554421,0.005107704842841931,0.005489975384172241
2017-01-05 05:00:00,-0.0007944473165447663,0.005784871645678558,0.004726775734482148
2017-01-06 05:00:00,0.0035779721165736245,-0.0015262159659826138,-0.0007341554399289409
2017-01-09 05:00:00,-0.0033010051410939933,0.001229891056002286,-0.0010888458781909698
2017-01-10 05:00:00,0.0,-0.0002626594266952775,-0.0006459903134109935
2017-01-11 05:00:00,0.0028262066948403497,0.0030427946131216022,0.0038013881306771195
2017-01-12 05:00:00,-0.0025100535631242815,-0.002390153126002992,-0.0007032303050024335
2017-01-13 05:00:00,0.0022956369593114534,-0.0005258805709192238,-0.00023849883477071736
2017-01-17 05:00:00,-0.0035237138653984035,0.002073241054581332,0.0009634343477295748
2017-01-18 05:00:00,0.0022100602691303983,-0.003797076758273033,-0.003397912211471698
2017-01-19 05:00:00,-0.0037043560559540945,-0.004966211611154736,-0.004597964977164981
2017-01-20 05:00:00,0.0036738148028778728,0.0014056230234325007,0.0027525169527340743
2017-01-23 05:00:00,-0.0026021107918532405,0.002440642224338197,0.001440165049475661
2017-01-24 05:00:00,0.006411696722980809,0.00110620216732169,0.002043452428573544
2017-01-25 05:00:00,0.008655538647988292,0.00017317710682025408,0.0007996820811981492
2017-01-26 05:00:00,-0.0010452877140038064,0.0007194213211760615,0.000825520635632171
2017-01-27 05:00:00,-0.0015696875081417927,0.0005015029410856853,-0.0006779677049929655
2017-01-30 05:00:00,-0.006201946365826494,-0.004925133883357802,-0.005195567378253585
2017-01-31 05:00:00,-8.775793804627341e-05,0.0027309691886419963,0.002609772242841868
2017-02-01 05:00:00,0.0003953714275977127,-0.0022360342184787113,-0.000538354433809651
2017-02-02 05:00:00,0.0006588726270442269,0.00022740652270467616,0.0002693857860851411
2017-02-03 05:00:00,0.0068931400024747624,0.003967698679254905,0.003946938416707291
2017-02-06 05:00:00,-0.001787801221219687,0.0013475622889730365,0.0001139699874315391
2017-02-07 05:00:00,4.396091712788319e-05,0.0029667664523095995,0.0017888997703126908
2017-02-08 05:00:00,0.0013101471117060726,0.006225633824718369,0.005246946634325588
2017-02-09 05:00:00,0.005932695129528209,-0.001054250411814906,0.0006055423933943429
2017-02-10 05:00:00,0.003946325931730277,0.0021359737166731117,0.003264451452623396
2017-02-13 05:00:00,0.005442477667250367,0.0020068013381919323,0.0011999912910524713
2017-02-14 05:00:00,0.003995174563906412,-0.0004938515871794726,0.00035491064151893514
2017-02-15 05:00:00,0.005220731335285889,0.001291687871184699,0.0018777401325583364
2017-02-16 05:00:00,-0.0008516979452336537,0.001674504491315276,0.000499592130586124
2017-02-17 05:00:00,0.0015763685733394261,0.0033201946012501263,0.002536849121197071
2017-02-21 05:00:00,0.005955102258082157,0.002874875903292695,0.002922666063352186
2017-02-22 05:00:00,-0.0008877798431196071,0.00013354838803956168,-0.0005406095801864241
2017-02-23 05:00:00,0.0006769443351843929,0.001603159752227823,0.001622779802701624
2017-02-24 05:00:00,0.001268961745831243,0.005203047184533505,0.00390191246761401
2017-02-27 05:00:00,0.0015629179640419544,-0.0014227192831664849,-0.001087377245262433
2017-02-28 05:00:00,-0.0026994139562266373,-0.00013568185509771325,-0.0001235269201573795
2017-03-01 05:00:00,0.0139976543991569,0.0016961948489171421,0.0038170841055635944
2017-03-02 05:00:00,-0.006297151084729502,-0.005217950088777212,-0.006441320120915184
2017-03-03 05:00:00,0.0006292747613922955,0.001419133687605978,0.0016735460398618063
2017-03-06 05:00:00,-0.00297791627030608,-0.003697135503622562,-0.0033475792369118797
2017-03-07 05:00:00,-0.0029868848883006782,-0.0030044874278386093,-0.0031501206609258698
2017-03-08 05:00:00,-0.001856666892496972,-0.0032757720741805278,-0.004989024786259755
2017-03-09 05:00:00,0.0012685416933801985,-0.0024310246485303557,-0.002489379240954215
2017-03-10 05:00:00,0.003503975113137603,0.003505740132215429,0.002224667169511618
2017-03-13 04:00:00,0.0005046038707603451,-0.002221793404115502,-0.0017247842269142778
2017-03-14 04:00:00,-0.003826310821069656,-0.00037325204651872347,-0.001256853248597689
2017-03-15 04:00:00,0.008653669026510213,0.010078342516661065,0.009733410863762247
2017-03-16 04:00:00,-0.0019670557259185983,-0.003205645770694954,-0.00283298168979339
2017-03-17 04:00:00,-0.0017561610122204252,0.0014569076939771057,0.0011639265427451971
2017-03-20 04:00:00,-0.001097069880197421,0.0010612679886144115,0.0005646873105221606
2017-03-21 04:00:00,-0.012839393806880595,-0.004380140370298834,-0.005745056364579581
2017-03-22 04:00:00,0.002353132855413831,0.0030101109054040177,0.0025434394402061747
2017-03-23 04:00:00,-0.0010671016370489284,-0.0012041736707275154,-0.0012646792938770801
2017-03-24 04:00:00,-0.0007263082790970321,0.0009923245520418568,0.0009717688072474306
2017-03-27 04:00:00,-0.0010262452697679114,0.0012043367895560265,0.00061518604726013
2017-03-28 04:00:00,0.0072769554014839866,0.001697901382052702,0.0029693980054304905
2017-03-29 04:00:00,0.0009347140911393215,0.00294832614448084,0.0032860177195191517
2017-03-30 04:00:00,0.003184030495645196,-0.0013200460187223321,-0.00011559207913088861
2017-03-31 04:00:00,-0.002327564528273096,-0.00023321958077240348,-0.00032642215461127207
2017-04-03 04:00:00,-0.001739249800013054,0.0029908900015028104,0.001587805200310277
2017-04-04 04:00:00,0.0006373595135695798,-0.0017872179006073188,-0.000254716754707207
2017-04-05 04:00:00,-0.0029725989247282314,-0.0005607292860249301,-0.000670366973349501
2017-04-06 04:00:00,0.0028111906165879663,0.0010937111097870655,0.0015028939586598233
2017-04-07 04:00:00,-0.0010195074149822458,-0.002228787302842483,-0.00156426363886476
2017-04-10 04:00:00,0.0005951081897885846,0.0022126381122894666,0.0025274550305156352
2017-04-11 04:00:00,-0.0011896576293003447,0.003079498883447651,0.002324356075986844
2017-04-12 04:00:00,-0.004381756953739768,-0.0004400579689268322,-0.0009873070197560893
2017-04-13 04:00:00,-0.006494932676261556,-0.0026619336133347103,-0.002649355377210738
2017-04-17 04:00:00,0.008860078016085238,0.004084822302899749,0.0038160785629560824
2017-04-18 04:00:00,-0.002984354638078779,0.0034415720878541393,0.0017469158402243612
2017-04-19 04:00:00,-0.0018385484066789637,-0.0032844424559776986,-0.004485553000133136
2017-04-20 04:00:00,0.008138808309771095,0.003335048973691368,0.0033271137323327873
2017-04-21 04:00:00,-0.003186588261910539,-0.0019119529571463233,-0.0029033545473701296
2017-04-24 04:00:00,0.010997657289165463,0.004623475056554005,0.0047834786259007165
2017-04-25 04:00:00,0.005818779355645676,-0.001324326155666267,0.0003484164106212106
2017-04-26 04:00:00,-0.0006287562984137463,0.0018292900281713378,0.0007443240719588683
2017-04-27 04:00:00,0.0008392372297147954,0.0003725979502334997,-0.0001308631781239412
2017-04-28 04:00:00,-0.0021794074824166287,-0.0004229362526252167,-0.0009136458095042822
2017-05-01 04:00:00,0.0025200630601758256,-0.0018132921492843848,-0.0007792658543351537
2017-05-02 04:00:00,0.0003769599879066554,0.0022744880001627442,0.0006835149877287394
2017-05-03 04:00:00,-0.001214754623681813,-0.00046593507994439063,-0.0009406522218067704
2017-05-04 04:00:00,0.0011741407638479195,-0.0012663111394557005,-0.0031692319535581493
2017-05-05 04:00:00,0.0039370935273965735,0.002725323313395567,0.004037080093110368
2017-05-08 04:00:00,-0.0001667028576105567,-0.0022766101821391385,-0.0021473982026695036
2017-05-09 04:00:00,-0.0009181535557819531,-0.00058406048710975,-0.0010618842588718924
2017-05-10 04:00:00,0.0017957056974609031,0.0006133189340245427,0.0023343751154549673
2017-05-11 04:00:00,-0.002042693247260363,-0.0012256159483562178,-0.0008135306542153219
2017-05-12 04:00:00,-0.0016708699886912592,0.0020185838472063233,0.0012633073871010537
2017-05-15 04:00:00,0.0055233490130639495,0.002226724211517838,0.0030457376710286586
2017-05-16 04:00:00,-0.0009154893628767757,0.000937464829124468,0.0007018287830742098
2017-05-17 04:00:00,-0.017743918854367435,-0.004819771564260765,-0.0055970576177516215
2017-05-18 04:00:00,0.004028296603243664,0.002871416547533823,0.002487887870756833
2017-05-19 04:00:00,0.006504339215553934,0.004842457088172658,0.006569607643898556
2017-05-22 04:00:00,0.005077457908705396,0.0019472376323606433,0.002885612744952504
2017-05-23 04:00:00,0.0022126522975169927,-0.0013636692079168624,-0.0010204573290566454
2017-05-24 04:00:00,0.002332922825082351,0.0036522205080478987,0.002890707255956715
2017-05-25 04:00:00,0.0047795584385841305,0.0029972610764233297,0.0007779997903077482
2017-05-26 04:00:00,-0.00020687519589623893,0.0005576198173227854,0.0011324210239612499
2017-05-30 04:00:00,-0.0008688378003904873,0.001454699198874998,0.0001537173261050628
2017-05-31 04:00:00,-0.0002483721920517601,0.0008501797892595198,-0.00048436759470222874
2017-06-01 04:00:00,0.007952283247785408,0.0048132823780262955,0.004117415334945806
2017-06-02 04:00:00,0.0033282625193291615,0.006733067343883104,0.005065943397377304
2017-06-05 04:00:00,-0.0007368969014897031,-0.0029257716669415456,-0.002859652613567465
2017-06-06 04:00:00,-0.003196893328570982,0.00026060220499546393,0.0004132633357554871
2017-06-07 04:00:00,0.0018501268124437864,-0.0008021097881122153,-0.0017091040265295955
2017-06-08 04:00:00,0.0004924848525618142,-0.0007612039071272837,-0.0004970302024611905
2017-06-09 04:00:00,-0.001517759492133619,-0.0015204088408327541,-0.0008061683958460963
2017-06-12 04:00:00,-0.00020540076399855334,-0.0002518400987205682,-0.0011275056967711252
2017-06-13 04:00:00,0.0048898886295793975,0.002998206739041942,0.0034049606912331717
2017-06-14 04:00:00,-0.001267921345964318,0.0054138678293204736,0.002115829760466858
2017-06-15 04:00:00,-0.0019240914004847731,-0.0017878417595276197,-0.0012009101799576039
2017-06-16 04:00:00,0.00021848743488472877,0.0009241357878429391,0.0011525987032737996
2017-06-19 04:00:00,0.00832503598317369,0.004425146654861356,0.003930225592706637
2017-06-20 04:00:00,-0.006743917162312707,-0.00046399779708461387,-0.002357441389175785
2017-06-21 04:00:00,-0.00024706827406206777,0.0006688132384641054,-0.0006153651996094301
2017-06-22 04:00:00,-0.00045271103321053996,0.0006063622182058692,0.0005324244960768442
2017-06-23 04:00:00,0.0011943521984121297,0.0005289785812134795,0.0010119305248232902
2017-06-26 04:00:00,0.0006578770632552633,0.0018973453145763486,0.0017387658815404272
2017-06-27 04:00:00,-0.008056154191311227,-0.009106470952468304,-0.00688304078628189
2017-06-28 04:00:00,0.008950370508505667,0.0040462848285644165,0.005019671501799916
2017-06-29 04:00:00,-0.008788778272390663,-0.008625764266842428,-0.007362118715690247
2017-06-30 04:00:00,0.001864309930002861,0.0001936774109059234,0.002472930353313263
2017-07-03 04:00:00,0.0016955931766620136,-0.00027075734135149085,0.0010893423841970788
2017-07-05 04:00:00,0.0023121455633634547,0.0014839208821359584,-4.7100450933079945e-05
2017-07-06 04:00:00,-0.009144522253346943,-0.008796260152820668,-0.007899317165563047
2017-07-07 04:00:00,0.006485186377689134,0.0014935468859443631,0.0011200307749525402
2017-07-10 04:00:00,0.0010741043263950978,0.001231345218600488,0.0015056824773513888
2017-07-11 04:00:00,-0.0007428017438440015,0.00023782263762548442,0.0010452773744321188
2017-07-12 04:00:00,0.007514659769749965,0.007270290576106309,0.006095483050717032
2017-07-13 04:00:00,0.0016802361162233659,-0.0015086057752786268,-0.0009489595122816995
2017-07-14 04:00:00,0.004664074196490731,0.003285466154227823,0.004277150298569188
2017-07-17 04:00:00,-0.00012203798311327674,0.0010294302466157923,0.00040966129198818365
2017-07-18 04:00:00,0.0005293936902359686,0.003810971770709282,0.0033519842950496814
2017-07-19 04:00:00,0.005414119349341773,0.0034087275584028464,0.004262751062155545
2017-07-20 04:00:00,0.00044530601991099594,0.001421074676408951,0.0009962777970806025
2017-07-21 04:00:00,-0.0008903569703861969,0.0011596851752994298,-0.0006289841574452226
2017-07-24 04:00:00,-0.00024298314545823096,-0.0017051890901957911,-0.0011077125164861699
2017-07-25 04:00:00,0.0024308465340272534,-0.0037493284002080964,-0.0013424040029065274
2017-07-26 04:00:00,4.051468043098083e-05,0.000671705523144528,0.001466134455462864
2017-07-27 04:00:00,-0.0009294707514914125,-0.002528957657489772,-0.001427219311007333
2017-07-28 04:00:00,-0.0011731453286584204,0.001667039624813316,0.0016123157503967088
2017-07-31 04:00:00,-0.0005671038864580868,0.00014399954882535763,0.0006249369974797637
2017-08-01 04:00:00,0.0022288690020193513,0.004145737256396132,0.0023133061797271145
2017-08-02 04:00:00,0.0004851722711090023,0.0005157883001005725,0.0006613870706938529
2017-08-03 04:00:00,-0.0019399597045660633,0.0029735363798964578,0.0012008928492221681
2017-08-04 04:00:00,0.0018221014606512043,-0.0023035896435955384,-0.001251523271703647
2017-08-07 04:00:00,0.001859444936310739,0.0015640248143182322,0.0016543555952191146
2017-08-08 04:00:00,-0.0024609901705530124,-0.0029158364374283876,-0.002488686210878699
2017-08-09 04:00:00,-4.054089177529807e-05,0.002158270843290944,0.002285565268863099
2017-08-10 04:00:00,-0.014115300427956834,-0.005053445638717102,-0.007444810366672605
2017-08-11 04:00:00,0.0014767025315576277,0.0010760159626090448,0.0013679585331004328
2017-08-14 04:00:00,0.009913412784473108,0.003891558821121688,0.003526119555717678
2017-08-15 04:00:00,-0.00012169452902344169,-0.0017584850484148706,-0.0018149383482890303
2017-08-16 04:00:00,0.00174424078556501,0.0025154922972390192,0.0018739009007612607
2017-08-17 04:00:00,-0.015590778020536877,-0.006363420408456388,-0.006836072795075654
2017-08-18 04:00:00,-0.0015631015503786427,-0.001032433957562273,0.0007744706069242381
2017-08-21 04:00:00,0.0007827023781761255,0.0014488719535152405,-8.878724505045942e-06
2017-08-22 04:00:00,0.010457131670045916,0.004730073596026419,0.005388982237570062
2017-08-23 04:00:00,-0.003585301268050678,0.0005695125984098936,0.0007736874354053124
2017-08-24 04:00:00,-0.0023307013833751,-0.002875157614013935,-0.0025733886680414982
2017-08-25 04:00:00,0.0023361462426545465,0.0029468659685827348,0.002358128334299925
2017-08-28 04:00:00,4.0774242161534247e-05,-0.0002268088654961531,-9.63700565192016e-05
2017-08-29 04:00:00,0.0011446312652139135,0.0019757299103038586,0.0016534921225099808
2017-08-30 04:00:00,0.004737763310115106,0.0027171943275754898,0.002005321700774132
2017-08-31 04:00:00,0.006016057680553688,0.0048008353371789434,0.007294047019725958
2017-09-01 04:00:00,0.0014142961112537655,-0.002211046447080989,-0.0013137058692516356
2017-09-05 04:00:00,-0.007181985993700457,0.0020339337189311697,0.000646578780905505
2017-09-06 04:00:00,0.003413667387943242,-0.00040597873483707615,0.0011976588007765242
2017-09-07 04:00:00,-0.0001215170820622058,0.004021899183114664,0.0029328377574974417
2017-09-08 04:00:00,-0.0011749965266508733,-0.0015714652675473894,-0.0024666940149804307
2017-09-11 04:00:00,0.010666164669514089,0.0016246073020539141,0.003016806567729746
2017-09-12 04:00:00,0.0033705895164497512,-8.022329858312647e-05,0.0007094382394809638
2017-09-13 04:00:00,0.00048001498501593076,-0.001289494459264562,-0.0004342845521280057
2017-09-14 04:00:00,-0.00031992626128996005,0.0014551472682326817,0.0011089018997117116
2017-09-15 04:00:00,0.0013461733044155544,0.0009653928511676568,0.0013843903359795683
2017-09-18 04:00:00,0.00212707631749276,-0.0010254214680460287,-0.0005803892788638354
2017-09-19 04:00:00,0.0010010874456773955,-0.0003825284038574406,-0.0003325544147709026
2017-09-20 04:00:00,0.00036010335661518234,0.0005021414949199166,0.0012808525782945113
2017-09-21 04:00:00,-0.0026795110111307308,-0.001830190348649796,-0.0021636720235899687
2017-09-22 04:00:00,0.00020053819210841262,0.0012647052280743143,0.0013692321827774912
2017-09-25 04:00:00,-0.0020446196491229474,0.0012773133978373652,0.002337418043553785
2017-09-26 04:00:00,0.0006025168744516751,-0.0003629644306763158,-0.001074711670308659
2017-09-27 04:00:00,0.003894571480975939,-0.0036905616809326694,-0.0025698335143805704
2017-09-28 04:00:00,0.0011995665687516421,-0.0004654336804589043,-0.0001691402750314319
2017-09-29 04:00:00,0.0035151189123059368,0.003008763347095922,0.002267047720192572
2017-10-02 04:00:00,0.004338648815066515,0.0018705076604862204,0.0012095202162739518
2017-10-03 04:00:00,0.0021399462299942495,0.0016703888132231005,0.0016392784051457055
2017-10-04 04:00:00,0.0011865799770092167,0.0007440876410718999,0.0008669345663540273
2017-10-05 04:00:00,0.005925113305719654,0.002043756997927204,0.003532688892300173
2017-10-06 04:00:00,-0.0011388195745131169,-0.0018128534113531327,-0.003081843165959053
2017-10-09 04:00:00,-0.0016512547958359436,0.00027128393206148353,2.144160470960448e-05
2017-10-10 04:00:00,0.0026383987505498308,0.0022285085568028774,0.0032482360740916593
2017-10-11 04:00:00,0.0015710113295857031,0.0017157604827130247,0.0017170233666891298
2017-10-12 04:00:00,-0.0014901845024082316,0.0008096379379375574,0.0002542517527160504
2017-10-13 04:00:00,0.0012175934819644851,0.0036119696190909604,0.0038637496452843313
2017-10-16 04:00:00,0.001333416306911861,0.0005138189617118981,0.0008421144596232999
2017-10-17 04:00:00,0.0007051984561872171,0.0009321302626295047,0.0006768372967511649
2017-10-18 04:00:00,0.0009786236009703408,-0.0020495345553734894,-0.0014544667681501422
2017-10-19 04:00:00,0.0002736542946428777,0.0008677661319223874,0.00024287699974868672
2017-10-20 04:00:00,0.005160508310170453,-0.0011494456253253742,0.00042745268560733256
2017-10-23 04:00:00,-0.003889390350599986,-0.0016236677779700721,-0.0018011593860675522
2017-10-24 04:00:00,0.0017570120522409916,-0.0014255268910929877,0.00022004121294635372
2017-10-25 04:00:00,-0.004950154375675253,-0.004882078761152875,-0.0042771651491173455
2017-10-26 04:00:00,0.0012929092159090771,-0.0005594059992199974,0.0002179785537695934
2017-10-27 04:00:00,0.008176061635794207,0.007551974043340115,0.0073951184420925735
2017-10-30 04:00:00,-0.0037251107759234126,0.001594959027866261,0.0008885567093520176
2017-10-31 04:00:00,0.0015579780843468782,0.0010632317806198444,0.0012815815230280856
2017-11-01 04:00:00,0.0013220085122669367,0.0025743916865225815,0.0021915626577053704
2017-11-02 04:00:00,0.0003885945410093683,0.0019967227162877247,0.00218005402924637
2017-11-03 04:00:00,0.003338604553829949,0.003088443616074521,0.0034374528440337835
2017-11-06 05:00:00,0.0015477301168553836,0.0024251489037475874,0.003962264853590946
2017-11-07 05:00:00,-0.0006952982011600994,0.0012638193810366794,0.00023859253635186714
2017-11-08 05:00:00,0.0017008601039540938,0.00013607996640789826,0.0001746041788134645
2017-11-09 05:00:00,-0.00362779067527752,-0.003316152247095205,-0.0028483639930929503
2017-11-10 05:00:00,-0.00030982789844402614,-0.006217827126115761,-0.004892429340938997
2017-11-13 05:00:00,0.000929704433709766,0.0013959073355758634,0.0008815031690106445
2017-11-14 05:00:00,-0.002322573093750502,0.0013083482578943653,-0.0007127027697070964
2017-11-15 05:00:00,-0.005005153623283354,0.0013417756541128424,0.0001315808863788571
2017-11-16 05:00:00,0.008500800971465994,0.0016240340724448018,0.002182774421755296
2017-11-17 05:00:00,-0.0029384794665583414,0.0012020276220469307,0.002079681740128647
2017-11-20 05:00:00,0.0017061358418928307,0.0008653905718849497,0.00010839968803780795
2017-11-21 05:00:00,0.006542873196865084,0.0051921564378822,0.005554975748100732
2017-11-22 05:00:00,-0.0008844780616956704,0.0007632587017434745,0.0009919091587411
2017-11-24 05:00:00,0.002309652984757271,0.0002847717147745675,0.0008651026724241894
2017-11-27 05:00:00,-0.0004991771153022295,-0.0008673896371506728,-0.000907913117984116
2017-11-28 05:00:00,0.010144853694236344,0.00662397185607495,0.006063147294071424
2017-11-29 05:00:00,-0.0006086427669547145,-0.004308760360972474,-0.003996057071110293
2017-11-30 05:00:00,0.008754659131401388,0.003914670015582633,0.0038178901471493834
2017-12-01 05:00:00,-0.0020754420666684315,0.004152565169082978,0.003669452779049154
2017-12-04 05:00:00,-0.0012095729736926186,-0.0005360570080730875,-0.0018104648400719126
2017-12-05 05:00:00,-0.003596732303144168,-0.00016778832160790902,-0.0006653510866775571
2017-12-06 05:00:00,0.00018995722496062406,0.001497135354621504,-0.0005256838605995019
2017-12-07 05:00:00,0.0031531399504316493,-0.001240620474087795,-0.000141640373980778
2017-12-08 05:00:00,0.005453155031235779,0.00330326265529961,0.0037991954345643285
2017-12-11 05:00:00,0.0030128887813776206,0.0009868779186828823,0.0014427238316398249
2017-12-12 05:00:00,0.0017646915267792718,0.0009005317909652977,6.510806254764743e-05
2017-12-13 05:00:00,-0.00011229732579942642,0.0029393364753698584,0.0017462915223309561
2017-12-14 05:00:00,-0.0040862185934443795,-0.0007551885618547467,-0.0008626629457329613
2017-12-15 05:00:00,0.008327569967738091,0.006497860078482321,0.006122530554022454
2017-12-18 05:00:00,0.006340982222337033,0.0001585575078777877,0.0015119818552871368
2017-12-19 05:00:00,-0.0038403997548333013,-0.00749384857811739,-0.005442208541474691
2017-12-20 05:00:00,-0.0005241008409103687,-0.004743751684624331,-0.0030749710456333236
2017-12-21 05:00:00,0.0020598206517383755,0.003567407636795172,0.003046542176771516
2017-12-22 05:00:00,-0.0002618104151439482,0.00038869583221261554,0.000686249576049347
2017-12-26 05:00:00,-0.0011959700108500337,0.00046870335561106664,0.0016536040060967094
2017-12-27 05:00:00,0.0004865315400104375,0.005502036707586955,0.00444280786676301
2017-12-28 05:00:00,0.002057521079356084,0.0008872730668998408,0.0014595236764135433
2017-12-29 05:00:00,-0.003770583549115636,-0.0016306715963733565,-0.001486653942905991
2018-01-02 05:00:00,0.007157081121641262,-2.5542937549572625e-05,0.0015360394908634832
2018-01-03 05:00:00,0.006325489650689908,0.005707661507171435,0.0058287405036339555
2018-01-04 05:00:00,0.004214712751361427,0.002465501966548933,0.002362215624960573
2018-01-05 05:00:00,0.006663868863177935,0.002856088232146492,0.00278384685739742
2018-01-08 05:00:00,0.0018290024073908118,0.0008427534395483605,0.0008465849090801281
2018-01-09 05:00:00,0.002263128159920136,-0.003990878759681671,-0.0019950113932552193
2018-01-10 05:00:00,-0.0015299683936679243,-0.0014022680093390915,-0.0009242614084946088
2018-01-11 05:00:00,0.007296571365788651,0.006025653282894706,0.005554442534247384
2018-01-12 05:00:00,0.0065186440809561486,0.004587138900208609,0.005070565094236556
2018-01-16 05:00:00,-0.003418307556730893,-0.0003805858936417382,-0.0012695961768619092
2018-01-17 05:00:00,0.009531793608787531,0.005175183926663518,0.0054295761917723786
2018-01-18 05:00:00,-0.0016807991559090185,-0.004724347517222926,-0.0037953805113035474
2018-01-19 05:00:00,0.0045494463744994995,0.0006280210081941015,0.000976030678847861
2018-01-22 05:00:00,0.008131237231744137,0.0052687371976526615,0.00540820380326683
2018-01-23 05:00:00,0.002122157343359188,0.002994368960668137,0.003273329021960136
2018-01-24 05:00:00,-0.00038790363170193576,-0.002399056959169443,-0.0008011602587124299
2018-01-25 05:00:00,0.000423709229968372,0.0035377405195265777,0.0021361518457880925
2018-01-26 05:00:00,0.0115776197345836,0.005463347385725248,0.006593487901802465
2018-01-29 05:00:00,-0.006630143964617363,-0.006761569987636062,-0.006355526200122419
2018-01-30 05:00:00,-0.010256767482438978,-0.008500665209140302,-0.008611710151158924
2018-01-31 05:00:00,0.0004971460430009955,0.0026587399669884887,0.0021857221657499482
2018-02-01 05:00:00,-0.0011356552700856337,-0.006478455211067447,-0.004035030688915508
2018-02-02 05:00:00,-0.0217697277278196,-0.016773640270224165,-0.01746700731241334
2018-02-05 05:00:00,-0.041822547403184474,-0.021313481242528694,-0.023200217594714766
2018-02-06 05:00:00,0.019702493159024836,0.009336205807382524,0.009363348305665242
2018-02-07 05:00:00,-0.0054249810458428804,-0.007056335693641769,-0.007241676205026159
2018-02-08 05:00:00,-0.03750903142204998,-0.022943148825533676,-0.023861527999844954
2018-02-09 05:00:00,0.015021399751874664,0.0064854124577902635,0.00565115451926711
2018-02-12 05:00:00,0.014684519456958478,0.010574143940364643,0.010753265840715008
2018-02-13 05:00:00,0.0024876059519578497,0.0032822756344950575,0.0030196823828911867
2018-02-14 05:00:00,0.013496050557851191,0.003660166126872787,0.006307058766495598
2018-02-15 05:00:00,0.012760317748092165,0.009016203079723395,0.008857906873138144
2018-02-16 05:00:00,0.00029261503234523367,0.0023435347432282597,0.001982913818307885
2018-02-20 05:00:00,-0.006260990823337087,-0.005508782653779942,-0.004768973737565163
2018-02-21 05:00:00,-0.00497413713694117,-0.007891690918675743,-0.0067852181480990365
2018-02-22 05:00:00,0.0012960543774325206,0.001976823986144671,0.0025806279753895376
2018-02-23 05:00:00,0.015939172219057607,0.013116363849431245,0.012884860980561073
2018-02-26 05:00:00,0.011612633374004533,0.0071030030297421385,0.007602958440952268
2018-02-27 05:00:00,-0.012486808471669053,-0.00806753522626884,-0.008926622857060206
2018-02-28 05:00:00,-0.010129998305933974,-0.0035356632770917606,-0.005243939304660517
2018-03-01 05:00:00,-0.014540620798066062,-0.005993731192920838,-0.006495690175483261
2018-03-02 05:00:00,0.005154680122628763,-0.00015901026479983073,0.0006539443197944418
2018-03-05 05:00:00,0.011557989095972498,0.005853372817017099,0.006725053918121437
2018-03-06 05:00:00,0.0025348888629592725,0.0018935590623798237,0.002159051041148663
2018-03-07 05:00:00,-0.00036639763082713106,-0.000660042667535099,-0.0016220649460332972
2018-03-08 05:00:00,0.004838880601480078,0.005208272025849147,0.004029992952384542
2018-03-09 05:00:00,0.017402337661715173,0.007812706944085646,0.009438991162395074
2018-03-12 04:00:00,-0.001254753761626426,0.0015540135314740635,0.0007973274550823749
2018-03-13 04:00:00,-0.006462970974049687,-0.0018539767702032022,-0.002660413877613754
2018-03-14 04:00:00,-0.0051311102187791,0.00044501295372960685,-0.00043590681751965983
2018-03-15 04:00:00,-0.0010899697972358569,-0.0006539818783415141,-0.0007142587767459463
2018-03-16 04:00:00,0.0010843692460860144,-0.0007796733738437034,-6.021331976712157e-05
2018-03-19 04:00:00,-0.013530324709078223,-0.009386798268997265,-0.009730694153809914
2018-03-20 04:00:00,0.0017005540297057031,-0.0005875608005670332,0.00047985815656128585
2018-03-21 04:00:00,-0.001919027281011343,-0.0007141134924549373,0.0009794475956575567
2018-03-22 04:00:00,-0.024997040626797418,-0.011034465256740587,-0.012792821244634968
2018-03-23 04:00:00,-0.021314704361224734,-0.013088192149453491,-0.01212102268802967
2018-03-26 04:00:00,0.027359009372515786,0.014884286378933263,0.015326008128410428
2018-03-27 04:00:00,-0.017011838018857195,-0.005930085958063346,-0.007411816988541099
2018-03-28 04:00:00,-0.002954638430136436,-0.000714927748443772,-0.0013935901604962496
2018-03-29 04:00:00,0.012777707195525956,0.009611930009896862,0.010016863568645507
2018-04-02 04:00:00,-0.021584745921870985,-0.012161670808096714,-0.013713491282506717
2018-04-03 04:00:00,0.012816911487834481,0.004605230946817684,0.005913769964712157
2018-04-04 04:00:00,0.010699207210550732,0.005592721689140134,0.005383754704641052
2018-04-05 04:00:00,0.007891927201840732,0.0017523311320133406,0.002975069991993373
2018-04-06 04:00:00,-0.022285756366321796,-0.00899715080183101,-0.01080289494139013
2018-04-09 04:00:00,0.004928130763343086,0.003617578742713112,0.004707639411128639
2018-04-10 04:00:00,0.015900801756580485,0.008814855789721453,0.010708169056413107
2018-04-11 04:00:00,-0.005242463106885142,-0.001724987638087172,-0.0013255906817031483
2018-04-12 04:00:00,0.008227262750243103,0.002006658219340895,0.0023358663361203623
2018-04-13 04:00:00,-0.002933040489039085,-0.000831264059449177,-0.0010055936881348203
2018-04-16 04:00:00,0.00822140986551001,0.005065122604870308,0.004685241292935193
2018-04-17 04:00:00,0.010698571885458419,0.007510632281263118,0.007295757726724749
2018-04-18 04:00:00,0.0007402614196716506,-0.0027552432449647227,-0.00010032574201562783
2018-04-19 04:00:00,-0.005547567198050607,-0.006587097981025214,-0.006170849644104959
2018-04-20 04:00:00,-0.008479459695893254,-0.007970784480796623,-0.007421441249360595
2018-04-23 04:00:00,-0.00015023409650016806,1.1400088501312147e-05,-7.122567413133662e-05
2018-04-24 04:00:00,-0.013466899411621713,-0.009903095431755271,-0.009962804251531709
2018-04-25 04:00:00,0.002471367315299622,-0.0011962751143660192,-0.00035381025947913705
2018-04-26 04:00:00,0.01016587793813617,0.008898931416883027,0.008716331379397556
2018-04-27 04:00:00,0.0009388245159225317,0.0036486848498503924,0.0028201556977437646
2018-04-30 04:00:00,-0.007690507308230066,-0.003907854766317298,-0.003626797678673221
2018-05-01 04:00:00,0.001776888689648537,-0.0003745799329783585,-0.000583880567067696
2018-05-02 04:00:00,-0.006717767152801257,-0.00446969408973581,-0.004359935640222046
2018-05-03 04:00:00,-0.002203542561051597,0.00047008457719308625,0.0006520330947116904
2018-05-04 04:00:00,0.012946534801225873,0.008374033185317842,0.008905515356861949
2018-05-07 04:00:00,0.0033831029597926054,0.00139117239307982,0.0014943032371124818
2018-05-08 04:00:00,0.0,-0.00037036900693250275,5.020508116304677e-06
2018-05-09 04:00:00,0.00966587738065594,0.0034068783861996624,0.004907460038041411
2018-05-10 04:00:00,0.009350408071189253,0.008830964360118099,0.008528862020699756
2018-05-11 04:00:00,0.003051655823664179,0.0028400012587299185,0.0019759747862464257
2018-05-14 04:00:00,0.00047630539992860044,-0.0018277217677480364,-0.0005718865615173872
2018-05-15 04:00:00,-0.0068869598041889635,-0.008685295815471594,-0.007435892876862781
2018-05-16 04:00:00,0.004204850231667612,0.0009877612674919598,0.0019264839335125126
2018-05-17 04:00:00,-0.000844748133489337,-0.0025273801107920544,-0.001911872721169727
2018-05-18 04:00:00,-0.0025000489045042817,0.0019419422413971214,0.0011365695723252636
2018-05-21 04:00:00,0.007518817511392051,0.0047160209314554,0.005436189608622533
2018-05-22 04:00:00,-0.0027803970136573986,-0.002282212570151843,-0.002019357954693368
2018-05-23 04:00:00,0.002751322537422274,0.004554546949762584,0.004374748611631785
2018-05-24 04:00:00,-0.0020484440191078646,0.0019589865879696467,0.000510151621377808
2018-05-25 04:00:00,-0.0023825319704556813,0.0010603281153243717,-0.0010383410253103744
2018-05-29 04:00:00,-0.0115014806799143,0.001860241574638312,-0.0012734437025464507
2018-05-30 04:00:00,0.013344766449624457,0.005323688558960215,0.007283014009385958
2018-05-31 04:00:00,-0.006125855382361545,-0.004334369368902368,-0.004446208468500556
2018-06-01 04:00:00,0.009817748291370387,0.0037771116774535595,0.0036399303319760382
2018-06-04 04:00:00,0.004751194359969846,-4.195259265382667e-05,-0.0004913072187932245
2018-06-05 04:00:00,0.0007277663405249601,0.0013742426257060902,0.0013093246195709173
2018-06-06 04:00:00,0.008360660016789367,0.0017751907882040726,0.002923912183629673
2018-06-07 04:00:00,-0.00010801348976752223,0.0038095047248666524,0.0032344035080742904
2018-06-08 04:00:00,0.0029559780718861894,0.0005723778490805739,0.0008166830938688529
2018-06-11 04:00:00,0.0013303644227919964,6.193365208573265e-05,0.00018998916347600086
2018-06-12 04:00:00,0.0012923096172314796,0.0008758433308356129,0.000794675483480889
2018-06-13 04:00:00,-0.0031907033790488093,-0.0021154138722694338,-0.0016725716477881012
2018-06-14 04:00:00,0.0025174523377387015,0.004830444400467604,0.002883139756388842
2018-06-15 04:00:00,-0.0012754586677873325,-0.0003994293422237449,-0.0029202729744909227
2018-06-18 04:00:00,-0.002056949134676578,-0.001599681037031986,-0.0006397439258433611
2018-06-19 04:00:00,-0.0038329608849549945,2.8267516275315256e-05,-0.0015870449523589403
2018-06-20 04:00:00,0.0017059099590668314,-0.002481418248369405,-0.0017211922875309592
2018-06-21 04:00:00,-0.006268598175787732,-0.0016595749653974586,-0.0029398958224735707
2018-06-22 04:00:00,0.0018233299087553334,0.0010608223115915027,0.003058584339653547
2018-06-25 04:00:00,-0.013613146362850603,-0.007271851060844003,-0.008643325790143874
2018-06-26 04:00:00,0.002214180637084562,0.001891374498651244,0.0027373161811613308
2018-06-27 04:00:00,-0.008284233641797645,-0.0012008319946542833,-0.001626007916245498
2018-06-28 04:00:00,0.005717464750670143,0.003528632862093861,0.003446912742138508
2018-06-29 04:00:00,0.0014397193313044898,-0.0005116338214050221,0.0009764030377752865
2018-07-02 04:00:00,0.0021380218106914484,0.000969951846157091,-0.0010446117071521769
2018-07-03 04:00:00,-0.0035312165750194247,2.3787003140896337e-05,-0.0006273490933103698
2018-07-05 04:00:00,0.008158129130141134,0.006042391629243937,0.006333858782818846
2018-07-06 04:00:00,0.008457810313252212,0.006382436901278377,0.006515537347452382
2018-07-09 04:00:00,0.00900464243133059,0.0028284661557750556,0.003987218072745003
2018-07-10 04:00:00,0.0035980154470502956,0.0021258767126142164,0.00190632727656721
2018-07-11 04:00:00,-0.007314187676398354,-0.002846825474270287,-0.006713992416492376
2018-07-12 04:00:00,0.009065795001651722,0.005406791876247974,0.0059472026116219705
2018-07-13 04:00:00,0.000787599822217766,0.0014855413859924393,0.001408772112378731
2018-07-16 04:00:00,-0.0008942202006206879,-0.0021988741733925954,-0.0038972115671258136
2018-07-17 04:00:00,0.004045389766596186,0.00167452486259938,0.00198267058680327
2018-07-18 04:00:00,0.0021036011333628313,-0.0003446597413676591,0.0009557882350869074
2018-07-19 04:00:00,-0.003771348365458338,0.00027230725651581364,-0.00048024930719132726
2018-07-20 04:00:00,-0.0011428938081017304,-0.00559334227840167,-0.0036529886772699747
2018-07-23 04:00:00,0.0018589060460203477,-0.0038200559941161238,-0.0022320104070732705
2018-07-24 04:00:00,0.005032377041181535,0.004394496537017334,0.004580137351282509
2018-07-25 04:00:00,0.008522547067896902,0.0044785461020819374,0.005983099375838486
2018-07-26 04:00:00,-0.0023592664314764367,-0.0021856246856909677,-0.001993108478989691
2018-07-27 04:00:00,-0.006775985471379142,-0.003394789864314029,-0.003966651248742825
2018-07-30 04:00:00,-0.005223583061214621,-0.004506874822104434,-0.003583967414352962
2018-07-31 04:00:00,0.004929337910133835,0.005141512592109442,0.0040191504221399055
2018-08-01 04:00:00,-0.0016707410453752347,-0.004261200975392732,-0.004895771708050001
2018-08-02 04:00:00,0.005448059678462069,0.003842956608872683,0.0042876513200331475
2018-08-03 04:00:00,0.00428459007579951,0.004560135488803319,0.004413665122076683
2018-08-06 04:00:00,0.0036668462178701677,0.002434869167085063,0.002551016038194476
2018-08-07 04:00:00,0.0033025049747767987,-9.743428676860493e-05,0.0011785422911471223
2018-08-08 04:00:00,-0.00042044364608440077,0.00015230646040880207,-0.001161293739632474
2018-08-09 04:00:00,-0.0013659356253666877,0.0025477395074635424,0.001296799427936124
2018-08-10 04:00:00,-0.0066999842743137306,-0.001114823366992934,-0.0018411151663917601
2018-08-13 04:00:00,-0.003743378510654649,-0.003075008913917143,-0.0033959423243295037
2018-08-14 04:00:00,0.00638062383743998,0.0029314204057656833,0.003332642256386975
2018-08-15 04:00:00,-0.00746712165828789,-0.002149660794667008,-0.004911341038505369
2018-08-16 04:00:00,0.008091288048905465,0.004821765454257898,0.0056126734024208765
2018-08-17 04:00:00,0.003519808829654858,0.002608349684866296,0.002902397801648227
2018-08-20 04:00:00,0.0021402122904403686,0.003962279970048544,0.0034712058946638753
2018-08-21 04:00:00,0.002345197041859093,6.052645214920109e-05,0.0005753272405645826
2018-08-22 04:00:00,-0.0005933092557142139,0.0012259253470799259,0.0022530957044115895
2018-08-23 04:00:00,-0.0013277409742937785,-0.00017289422977642124,-0.0005041799435429705
2018-08-24 04:00:00,0.006017929138710354,0.0043970920535920215,0.004961634361739308
2018-08-27 04:00:00,0.007895511197038907,0.0024478235892857023,0.0033688332470979687
2018-08-28 04:00:00,0.00048297426961085854,-0.0021116624074185796,-0.0019166121905927922
2018-08-29 04:00:00,0.005380990596127289,0.0037580935538801706,0.004730343070611998
2018-08-30 04:00:00,-0.004048402029835363,-0.001569723012444668,-0.00195705145475763
2018-08-31 04:00:00,3.472319823805137e-05,-0.000902510838892523,-0.0005564875032977423
2018-09-04 04:00:00,-0.001722635999194977,-0.003346410319647908,-0.0033435541139642975
2018-09-05 04:00:00,-0.002691338949704636,-0.0026813339820676908,-0.002819804385913338
2018-09-06 04:00:00,-0.0030101112454078427,-0.0003358357994373007,-0.001284440850429136
2018-09-07 04:00:00,-0.0019431745629091557,-0.004561537658155567,-0.003478862694263107
2018-09-10 04:00:00,0.0017380933689761235,0.002520181214984074,0.0025007085353167865
2018-09-11 04:00:00,0.0032978316498060156,-0.0010654953454867669,0.0006833382603536166
2018-09-12 04:00:00,0.00024233423739139504,0.001089329792045879,0.0015438114852404095
2018-09-13 04:00:00,0.005913989460836655,0.004153702054172426,0.0029166417490130384
2018-09-14 04:00:00,0.00017200284164253787,-0.0018109649840247768,-0.0019678576622023545
2018-09-17 04:00:00,-0.005294159733810422,-0.003176495840286253,-0.0032927872716500104
2018-09-18 04:00:00,0.0054262597698626625,-0.0009279825724937134,0.0010492615877377934
2018-09-19 04:00:00,0.0010656761527794156,-0.001747365167600057,-0.0005162985548269327
2018-09-20 04:00:00,0.0081035617055083,0.006714540076580233,0.0062514393132614195
2018-09-21 04:00:00,-0.0009136215922544988,-0.0007189904715791506,-0.00044706118364848944
2018-09-24 04:00:00,-0.0033218766113024545,-0.003017889640676086,-0.0012751314683073442
2018-09-25 04:00:00,-0.0009280603679050481,-0.0009678655121055034,-0.0006397575087166319
2018-09-26 04:00:00,-0.002992320688499084,0.0010157500608664939,-0.00013674256611878626
2018-09-27 04:00:00,0.0027945425999960083,0.0019492195657148325,0.002332834572510878
2018-09-28 04:00:00,0.0001030913793531596,-0.0009929239405623402,0.00028257506111789576
2018-10-01 04:00:00,0.0034744553450187787,-0.0008520216928421314,0.0017741948837418755
2018-10-02 04:00:00,-0.0005827647642709932,0.002095469374456882,0.0018118811845421632
2018-10-03 04:00:00,0.000548336044771558,-0.006619547744762456,-0.003957000568860813
2018-10-04 04:00:00,-0.007815590487815993,-0.007510515902781623,-0.007883967391517666
2018-10-05 04:00:00,-0.005596991164718457,-0.006796405566761176,-0.006154966277494945
2018-10-08 04:00:00,0.0,-0.0013446495725557561,-0.0012817033580505455
2018-10-09 04:00:00,-0.00145921277931238,0.0031721942914226583,0.002872588077863192
2018-10-10 04:00:00,-0.03166279587341292,-0.020087478736601105,-0.021773673016870665
2018-10-11 04:00:00,-0.022026836117484128,-0.008352140698009759,-0.011066462910964237
2018-10-12 04:00:00,0.01388812861619404,0.006939957728969404,0.008076902260940766
2018-10-15 04:00:00,-0.005616672550093016,-0.0035447597480060544,-0.0032774645621340805
2018-10-16 04:00:00,0.021865680330291237,0.014028340541984007,0.014247290499478059
2018-10-17 04:00:00,0.00017887495867441316,-0.002264515837641934,-0.0025599640847296045
2018-10-18 04:00:00,-0.014441311058306816,-0.008805102051109692,-0.009890470685988261
2018-10-19 04:00:00,-0.000542661806481548,-0.0012030246557767521,-0.0004170862912817985
2018-10-22 04:00:00,-0.004488950660215041,-0.0032211430253312303,-0.0029765245277565524
2018-10-23 04:00:00,-0.005090713176430062,-0.0017862656848009581,-0.004298034233511638
2018-10-24 04:00:00,-0.030298448729753957,-0.015159410877056077,-0.016604757021050662
2018-10-25 04:00:00,0.01794062330351376,0.009091704146930502,0.00991543756322848
2018-10-26 04:00:00,-0.017587275429426508,-0.008137768456288552,-0.007991284692301415
2018-10-29 04:00:00,-0.005540594881674354,-0.004228750876821352,-0.00503356730367569
2018-10-30 04:00:00,0.01481875440374103,0.006904104001930199,0.006880054632715226
2018-10-31 04:00:00,0.010680605208164495,0.004375983656928017,0.0035460867144671776
2018-11-01 04:00:00,0.010641956677222453,0.006755865354636725,0.005955643167322288
2018-11-02 04:00:00,-0.00592297400857289,-0.008527172558071694,-0.007521360413910571
2018-11-05 05:00:00,0.005517134891054543,0.0048820642589594955,0.004429608418909337
2018-11-06 05:00:00,0.006327639475301572,0.003547510536874343,0.0031928464993675187
2018-11-07 05:00:00,0.02140891881656848,0.013379226031169766,0.013006531127548826
2018-11-08 05:00:00,-0.0018148670429521951,-0.0011243910927798194,-0.0017150467518668555
2018-11-09 05:00:00,-0.009768174610205071,-0.0028745863493508713,-0.004706804514075768
2018-11-12 05:00:00,-0.018685614080748092,-0.008600052536573966,-0.009496789288364428
2018-11-13 05:00:00,-0.0018707510678288575,-0.0013676258396987163,-0.004056939818311689
2018-11-14 05:00:00,-0.006836751803327323,-0.0038567255136323416,-0.003038119831196306
2018-11-15 05:00:00,0.010436568006234603,0.006086731116805177,0.00594363286310886
2018-11-16 05:00:00,0.0026005075249573295,0.0038752437062110623,0.003920731719281068
2018-11-19 05:00:00,-0.016914288692622237,-0.009032495052819799,-0.009311514593508185
2018-11-20 05:00:00,-0.01850620246208623,-0.01096472625745457,-0.014039192927546306
2018-11-21 05:00:00,0.003407483709357617,0.001905543288217615,0.00277201592249412
2018-11-23 05:00:00,-0.0066786831232578114,-0.003589930700490318,-0.006613028359409201
2018-11-26 05:00:00,0.0161443901103262,0.00878338992109513,0.00946671443007485
2018-11-27 05:00:00,0.0033644920629452013,0.0024712904522282476,0.0019677879098023874
2018-11-28 05:00:00,0.023025224200669436,0.011867335819135237,0.012027688920020874
2018-11-29 05:00:00,-0.0021850353791014188,0.00026188935276441074,0.0005239729770498248
2018-11-30 05:00:00,0.006095568498032167,0.005154357350039839,0.004324369654935723
2018-12-03 05:00:00,0.013241088831168257,0.010784802533220672,0.012363858208779964
2018-12-04 05:00:00,-0.03240250621745622,-0.012744957618549255,-0.014355163150462523
2018-12-06 05:00:00,-0.0015168873302745522,0.0003460357600831854,-0.0007986791449700603
2018-12-07 05:00:00,-0.02323608908012842,-0.013197157943761884,-0.01222349533917013
2018-12-10 05:00:00,0.0018970759105547685,0.0027934026150306934,0.0007872594286499554
2018-12-11 05:00:00,0.0002270965620527754,6.908938445273625e-05,0.0006684021368389304
2018-12-12 05:00:00,0.0050353722413774005,0.0012379356034303956,0.001362016484435047
2018-12-13 05:00:00,-0.00033911836040800836,-0.0011498764487871682,0.0003778795956527638
2018-12-14 05:00:00,-0.018464779469993364,-0.009689887445034783,-0.011566773916878036
2018-12-17 05:00:00,-0.01961829284744454,-0.009441371562231259,-0.011188821128302495
2018-12-18 05:00:00,-0.0010964220525855328,0.0017377456096688616,-0.0009567680281559966
2018-12-19 05:00:00,-0.014975837653653179,-0.003701471110955823,-0.0046211361567306776
2018-12-20 05:00:00,-0.016277762997395473,-0.011218924311340816,-0.01178858586626883
2018-12-21 05:00:00,-0.020489650433547224,-0.012359964204060603,-0.01321765878938751
2018-12-24 05:00:00,-0.026422907211998026,-0.013865630546398423,-0.01546909499942919
2018-12-26 05:00:00,0.05052490264778342,0.026028629836818903,0.029323962722736085
2018-12-27 05:00:00,0.007677363147099214,0.004673175457416079,0.0037047512382243127
2018-12-28 05:00:00,-0.0012899312725165313,0.002591479571350197,0.0009265130505722082
2018-12-31 05:00:00,0.008758824260170162,0.006775371522258666,0.006672178073281886
2019-01-02 05:00:00,0.0010403279137480848,0.0027310478166189703,0.0024803812623676036
2019-01-03 05:00:00,-0.02386286608711452,-0.009765820311038318,-0.010077913268384496
2019-01-04 05:00:00,0.033495629603228716,0.01546713530659409,0.017989883218663526
2019-01-07 05:00:00,0.007884819294376122,0.0035515650594822195,0.004587128208854796
2019-01-08 05:00:00,0.00939521923734521,0.004585997023515365,0.005851469128227338
2019-01-09 05:00:00,0.00467347738315671,0.002178114738671244,0.004320039695334488
2019-01-10 05:00:00,0.0035278543234713577,-0.00045669179842096124,-7.292100716660432e-05
2019-01-11 05:00:00,0.0003861564359570746,0.0017924725896450778,0.0010769761703422142
2019-01-14 05:00:00,-0.0061011702273532364,-0.00514931363786233,-0.005625727416591597
2019-01-15 05:00:00,0.01146100849202103,0.005415870265362343,0.006571058933631457
2019-01-16 05:00:00,0.002419727668872218,0.0018516309190591772,0.002274212084456928
2019-01-17 05:00:00,0.007586807605231893,0.00465197995262514,0.004691981896344743
2019-01-18 05:00:00,0.013309713030221992,0.005889138624441825,0.007452270215137603
2019-01-22 05:00:00,-0.013510254054617143,-0.005396128548348565,-0.0067805809264854565
2019-01-23 05:00:00,0.0020924780005158183,0.001089419403590419,0.0010014893255778866
2019-01-24 05:00:00,0.0005314635298530046,0.0029451298522161994,0.002547796337541852
2019-01-25 05:00:00,0.00846156049855451,0.0031611658900847052,0.004157248401931613
2019-01-28 05:00:00,-0.007600253333266083,-0.004958166234490035,-0.00620914317189678
2019-01-29 05:00:00,-0.0013271206768952215,0.0012300438137645476,0.001701300184258936
2019-01-30 05:00:00,0.01583086281052548,0.009201084639023317,0.009985576819988717
2019-01-31 05:00:00,0.008782163575548285,0.008709134279508389,0.007336359162493309
2019-02-01 05:00:00,0.00048198129764220887,-0.0021266279473663554,-0.0006206179479369856
2019-02-04 05:00:00,0.00703518295125849,0.002435278485585889,0.00294559182785995
2019-02-05 05:00:00,0.004191970317758198,0.004342184188184284,0.003438723180392211
2019-02-06 05:00:00,-0.001318325954663413,-0.0005924972896033775,-0.0005139196240867783
2019-02-07 05:00:00,-0.009532719570964798,-0.0030758601575371133,-0.004697117234743031
2019-02-08 05:00:00,0.0012213509940794953,0.0024401193729036933,0.0021425861539294375
2019-02-11 05:00:00,0.0005547275452180145,-0.0012362951451116546,-0.001425033502313011
2019-02-12 05:00:00,0.012859496820125882,0.00669816623116124,0.007536966057953687
2019-02-13 05:00:00,0.0032466505491668407,0.00043436338140603317,0.001393784204791526
2019-02-14 05:00:00,-0.0022181005519584795,0.0009483426491318392,0.0006352826806385937
2019-02-15 05:00:00,0.010897244560235775,0.007162253883537995,0.00886287215612962
2019-02-19 05:00:00,0.0017306876744611621,0.002054965914212481,0.0020522431246881244
2019-02-20 05:00:00,0.0020153113098149156,6.434719989911741e-05,0.0006640366326778224
2019-02-21 05:00:00,-0.003555641848963065,-0.00570878696900654,-0.004502450510604228
2019-02-22 05:00:00,0.006199762360077132,0.006102906786796902,0.005756380857089183
2019-02-25 05:00:00,0.001361644997474265,-0.00036741978808390045,-0.0015629287374965715
2019-02-26 05:00:00,-0.000715648811522196,0.001550556174231388,0.0014972002275154494
2019-02-27 05:00:00,-0.00042993977137872896,-0.004789646927893099,-0.003154203897581376
2019-02-28 05:00:00,-0.0018622126701075548,-0.0024790515533096523,-0.0023886288476056006
2019-03-01 05:00:00,0.006243695224288137,4.9060674907952084e-05,-0.00015445837519937342
2019-03-04 05:00:00,-0.0036375512914699204,0.0009523941116035052,0.00048551251554915774
2019-03-05 05:00:00,-0.00135995290597557,2.0273226488010218e-05,0.00031658422838181104
2019-03-06 05:00:00,-0.006056702527630242,-0.002165433655544846,-0.003098263831206216
2019-03-07 05:00:00,-0.008365735759185866,-0.002425459322226797,-0.0033267936609550075
2019-03-08 05:00:00,-0.0019999701395703173,0.00048508543817571436,4.4863258283913104e-07
2019-03-11 04:00:00,0.014501563241341886,0.007516551034888729,0.00793946091721136
2019-03-12 04:00:00,0.003770845816139179,0.005067548921731646,0.004999607696039332
2019-03-13 04:00:00,0.006619158017554971,0.0032175889584663327,0.0040353848488339115
2019-03-14 04:00:00,-0.0006398571544533604,-0.003272992306337064,-0.0029885004923318028
2019-03-15 04:00:00,0.004940494409100715,0.005609833562015165,0.0049484493328764804
2019-03-18 04:00:00,0.0036256943607928527,0.0019455393324442126,0.0025055309174973448
2019-03-19 04:00:00,0.0002480634626034206,-0.0007386948073918377,-0.00026681026380012126
2019-03-20 04:00:00,-0.003009520917791386,0.00237850764842924,0.00208057233696648
2019-03-21 04:00:00,0.011294391490786815,0.007656751237332049,0.00694168376753701
2019-03-22 04:00:00,-0.019246424885909996,-0.005333809126049594,-0.007757968463327504
2019-03-25 04:00:00,-0.0007517934186862529,0.00018967143393173742,0.00040589459830007166
2019-03-26 04:00:00,0.007453911803882551,0.0041844688799260515,0.004443934202476374
2019-03-27 04:00:00,-0.005228869551548332,0.0005436291149411689,-0.0009380501928736183
2019-03-28 04:00:00,0.003790376458336686,0.003669568920167743,0.003007056964839283
2019-03-29 04:00:00,0.0063054349285385225,0.0034039529519148902,0.00356171119515869
2019-04-01 04:00:00,0.011859098751072716,0.001433992028028185,0.00379774078876115
2019-04-02 04:00:00,0.0004901699472514842,0.0010338098831852883,0.001098119317456625
2019-04-03 04:00:00,0.0015732807150068417,-0.0025231127708121638,-0.0015320444673636246
2019-04-04 04:00:00,0.0026536381217050486,0.0027255505640261914,0.0025042874011877102
2019-04-05 04:00:00,0.004840421952563512,0.0034209318930435106,0.0036019358113751564
2019-04-08 04:00:00,0.0007619326818191219,-0.0009617767224655795,-0.00023598662052306526
2019-04-09 04:00:00,-0.005124857494988588,-0.0018127190250597502,-0.0023131066041148785
2019-04-10 04:00:00,0.0034110453052385026,0.003014446661923653,0.003636683527010831
2019-04-11 04:00:00,-0.00027738890205319944,-0.002515855976163084,-0.002418105801436965
2019-04-12 04:00:00,0.006765618942889073,0.0012102937201718062,0.0022300729960940675
2019-04-15 04:00:00,-0.00065494594803861,0.0006178428566749662,0.00018120133159446044
2019-04-16 04:00:00,0.0006553751833593413,-0.0021112048887651728,-0.0018536531439522828
2019-04-17 04:00:00,-0.0024468780618722707,-0.0013044469316467742,-0.001715279155721816
2019-04-18 04:00:00,0.0019694239146166304,0.003275493644472771,0.003061439701443214
2019-04-22 04:00:00,0.0008619170250803165,-0.0014030247809076802,-0.000429442122863366
2019-04-23 04:00:00,0.008991763263185515,0.006245266992398246,0.006155479828349519
2019-04-24 04:00:00,-0.0022194006764557628,0.0019317378866691825,0.0007480223035934096
2019-04-25 04:00:00,-0.0006160859593096202,-0.000952240076719324,-0.0009912178792001124
2019-04-26 04:00:00,0.004656635862273495,0.004155587964072849,0.00264379871221968
2019-04-29 04:00:00,0.001567931251908572,-0.0016115312509526805,-0.000911070175963724
2019-04-30 04:00:00,0.0005105590063538834,0.0023547970600930946,0.002154402253385523
2019-05-01 04:00:00,-0.007516819396167884,-0.0028600779178333813,-0.0035833332773606234
2019-05-02 04:00:00,-0.002158768221625862,-0.0032001603992287686,-0.0038461324961300497
2019-05-03 04:00:00,0.009787685757703057,0.007008052930398589,0.006787249863979405
2019-05-06 04:00:00,-0.004115226810297634,-0.0013692946869301227,-0.0013292093105905735
2019-05-07 04:00:00,-0.016699685678086995,-0.006955416000415536,-0.008977789035860571
2019-05-08 04:00:00,-0.0013891481702117403,-0.0025620335951398233,-0.002002673824714507
2019-05-09 04:00:00,-0.0030255033399329,-0.00017576838207364874,-0.0010939066398469753
2019-05-10 04:00:00,0.005023040339539708,0.0024694945279712496,0.0027971506207144833
2019-05-13 04:00:00,-0.02512992931943525,-0.011935496673261369,-0.013230993493539709
2019-05-14 04:00:00,0.009043361631617008,0.00424878348944615,0.005888381550241351
2019-05-15 04:00:00,0.005857430933379426,0.005971420972169827,0.006242130265943402
2019-05-16 04:00:00,0.009261468302546483,0.004224914565193671,0.005121810251789017
2019-05-17 04:00:00,-0.006465130277864994,-0.0029881141567626333,-0.004145420592673521
2019-05-20 04:00:00,-0.006612275117166222,-0.00479277455629532,-0.004146166533686324
2019-05-21 04:00:00,0.009015805948207056,0.004773131594392454,0.004994835581014645
2019-05-22 04:00:00,-0.003071531859301535,0.0004513447162088459,-0.0015615296801865684
2019-05-23 04:00:00,-0.012218710445943581,-0.0028322515803088644,-0.006052228660810998
2019-05-24 04:00:00,0.002268800467099652,0.0017060194420748687,0.002981693336007685
2019-05-28 04:00:00,-0.009300833829546606,-0.002700752909993786,-0.0025889532041708735
2019-05-29 04:00:00,-0.00671045677523141,-0.0028139999042987363,-0.003497777615939035
2019-05-30 04:00:00,0.002730993498137435,0.00507797131522687,0.0031990208662828644
2019-05-31 04:00:00,-0.01347526721270964,-0.0030774953602578743,-0.0069677622023119334
2019-06-03 04:00:00,-0.0025427221505188724,0.001149912930659336,0.00015055719175453017
2019-06-04 04:00:00,0.021706532625351604,0.008463537116892007,0.01020044365027376
2019-06-05 04:00:00,0.008662115590055697,0.002936513359880877,0.001458204635529592
2019-06-06 04:00:00,0.006502628775618913,0.005191944875442012,0.006619007008521272
2019-06-07 04:00:00,0.01000694674776903,0.009464938246857235,0.008930433464674257
2019-06-10 04:00:00,0.004589273849654241,-0.0010116257459189984,-0.0003340006216895117
2019-06-11 04:00:00,-0.0002422463910022321,0.00010011150723252541,0.0006996850390983411
2019-06-12 04:00:00,-0.00176536564504437,-0.0007530642631501605,-0.002208451445446835
2019-06-13 04:00:00,0.004126236936814465,0.003853192128583061,0.004773803301103818
2019-06-14 04:00:00,-0.001104846167963025,0.0003437895060515396,0.00048659094790399755
2019-06-17 04:00:00,0.00038005764869519787,0.0009277335250787555,0.0002943966352606519
2019-06-18 04:00:00,0.010471081934353865,0.008287398002870816,0.008970423902020918
2019-06-19 04:00:00,0.002257244795633051,0.0019285220291288762,0.0015899241299664579
2019-06-20 04:00:00,0.00955416178877111,0.006788988896974902,0.008544400477093261
2019-06-21 04:00:00,-0.001453316586753517,-0.005266635547323628,-0.003912552064578689
2019-06-24 04:00:00,-0.0012245433807186457,0.002247809334600759,0.0019480466199725212
2019-06-25 04:00:00,-0.009808357805375367,-0.004646549192043059,-0.004639115024581653
2019-06-26 04:00:00,-0.0009969806126469694,-0.0031580525193323217,-0.002012394792697725
2019-06-27 04:00:00,0.0035459269007778182,0.004946493294183796,0.00424175900575452
2019-06-28 04:00:00,0.005145600553625229,0.0028164277841792986,0.0018149746286474258
2019-07-01 04:00:00,0.009078414061329143,0.004511491791301214,0.004681809592974517
2019-07-02 04:00:00,0.0026044325957652603,0.0046480514495657495,0.0022227542109861886
2019-07-03 04:00:00,0.007995003151385571,0.007648528103039797,0.007905899352760959
2019-07-05 04:00:00,-0.0011376976469765765,-0.005987827850011484,-0.004469331102443918
2019-07-08 04:00:00,-0.005494902860562201,-0.0027530486888327045,-0.003016910528139183
2019-07-09 04:00:00,0.0012466645832287515,0.0005970174829011299,0.0009548651502854777
2019-07-10 04:00:00,0.004777832972805873,0.0006639493213182576,0.003384388919875447
2019-07-11 04:00:00,0.0023442858693414337,-0.003933649255899008,-0.002536127551807443
2019-07-12 04:00:00,0.0044770987474525015,0.003147651483029623,0.0032819787227732484
2019-07-15 04:00:00,0.00033246576877421496,0.0025034429434589445,0.0008689314750877086
2019-07-16 04:00:00,-0.003224952871619946,-0.0031262233238896096,-0.0038982695684036004
2019-07-17 04:00:00,-0.006805437935202274,0.0002359633071964849,-0.001734429641245494
2019-07-18 04:00:00,0.0036611369443859676,0.002226763299804935,0.0015132040940638027
2019-07-19 04:00:00,-0.005555042387378917,-0.004272312892735863,-0.003455711328698751
2019-07-22 04:00:00,0.0024563380842599347,0.0022331434042265116,0.0017219787488301104
2019-07-23 04:00:00,0.007150404300986901,0.002107429543926953,0.0032978707268664035
2019-07-24 04:00:00,0.004699213365017663,0.004557194247381347,0.0036743430383929907
2019-07-25 04:00:00,-0.004777169699553885,-0.00477849944696136,-0.004686548904565835
2019-07-26 04:00:00,0.0067002594885228195,0.004965514587076969,0.004858370920977117
2019-07-29 04:00:00,-0.0018211624892404688,-0.0009710557762116379,-0.0006143637673712953
2019-07-30 04:00:00,-0.0024547294249118723,-0.0004994951764965227,-0.00016442335242861084
2019-07-31 04:00:00,-0.010940419963205827,-0.0033478711062131295,-0.00479094377806012
2019-08-01 04:00:00,-0.008708076640479234,0.0027191609177550377,-0.002032123353176174
2019-08-02 04:00:00,-0.007529422550796694,-0.000820940513112811,-0.001612839241615927
2019-08-05 04:00:00,-0.030073068851551144,-0.011128678281137148,-0.013716116999394078
2019-08-06 04:00:00,0.014022893030026129,0.011610979169941603,0.010278694918832241
2019-08-07 04:00:00,0.0005907659899628825,0.000497312662828353,-0.0008110220878394304
2019-08-08 04:00:00,0.019620017442817606,0.01262913817744371,0.01295761513179563
2019-08-09 04:00:00,-0.006811495196823003,-0.004885193397362731,-0.0038084386705282474
2019-08-12 04:00:00,-0.012173247562860201,0.001035841386691684,-0.0017848903934577051
2019-08-13 04:00:00,0.015551863568431967,0.00796035848322667,0.01066153839739966
2019-08-14 04:00:00,-0.029567808691864705,-0.008728864088101492,-0.012495975995721508
2019-08-15 04:00:00,0.0026416155706812106,0.006032764120181878,0.004118679532922675
2019-08-16 04:00:00,0.014754946653121381,0.005648765821753976,0.006382424932697883
2019-08-19 04:00:00,0.012048348434265277,0.001508023551163573,0.00341029804100299
2019-08-20 04:00:00,-0.007662959513907941,-0.0004600293766319199,-0.0012260156428231413
2019-08-21 04:00:00,0.008135546467768151,0.0022152629146835238,0.0032164510977730205
2019-08-22 04:00:00,-0.00030775845617225794,-0.0028409181472575764,-0.002643827281707323
2019-08-23 04:00:00,-0.025687399857147852,-0.008838829028609663,-0.011219495474776343
2019-08-26 04:00:00,0.011058465242100413,0.005018449135970204,0.005355086216748739
2019-08-27 04:00:00,-0.003923757393161642,0.003809181238349302,0.002943997792110475
2019-08-28 04:00:00,0.007041736024733014,0.004739973236038208,0.0054837188072561546
2019-08-29 04:00:00,0.012772772893929751,0.006148038400882472,0.006793080547366104
2019-08-30 04:00:00,-0.00044425312729612365,-0.0001578294029226601,-0.00177758648067341
2019-09-03 04:00:00,-0.005847180739402047,-0.0029911988936708322,-0.0036599187454020242
2019-09-04 04:00:00,0.011350191887407268,0.0074077157608069205,0.009631203971785917
2019-09-05 04:00:00,0.012855618837664728,0.00046908364111053393,0.002147700839683197
2019-09-06 04:00:00,0.0007721745326678686,0.0033097454793780123,0.0028633813047436616
2019-09-09 04:00:00,0.0005034438469471159,-0.006804111895344001,-0.004101632758057626
2019-09-10 04:00:00,-0.00023485230800179835,-0.007152073509557688,-0.0052682170374086955
2019-09-11 04:00:00,0.007111054172957099,0.0035557907508406033,0.003013593014096338
2019-09-12 04:00:00,0.0034635715827002755,-0.0005423750881308198,-0.00028274682269530116
2019-09-13 04:00:00,-0.000663742391177724,-0.008941655464845022,-0.006805802957310425
2019-09-16 04:00:00,-0.0030886530524736333,0.003244296544312109,0.006404069503747989
2019-09-17 04:00:00,0.002531783102030838,0.0036884428657276034,0.0012449524637065167
2019-09-18 04:00:00,0.0005983037669228253,0.002056578371390039,0.0009861918630817534
2019-09-19 04:00:00,-6.643844595222159e-05,0.0011633611028692094,0.0013826993568594847
2019-09-20 04:00:00,-0.004724924883275583,0.0024491132360351165,0.001257466596235113
2019-09-23 04:00:00,-0.0002344954997620663,-0.00022515786880130672,5.436377530543271e-05
2019-09-24 04:00:00,-0.007846668165246151,0.00011361128179452392,-0.002251588065085364
2019-09-25 04:00:00,0.0059144356887690375,-0.002302248179508971,-0.0014262307476329839
2019-09-26 04:00:00,-0.002082867144269196,0.0013234478878114246,0.0006801558442181886
2019-09-27 04:00:00,-0.005387454198864217,-0.0022492869529417755,-0.0028885244208913252
2019-09-30 04:00:00,0.0046377489379945125,0.003763630075897062,0.0025308860274938618
2019-10-01 04:00:00,-0.011894945572842874,-0.005932858372216044,-0.0063003660811669525
2019-10-02 04:00:00,-0.017664153737575017,-0.00962141525336202,-0.010730616630505906
2019-10-03 04:00:00,0.008192508378860097,0.008564660637680887,0.007518139103160026
2019-10-04 04:00:00,0.013532203442955915,0.011072329278915837,0.01114052588989518
2019-10-07 04:00:00,-0.004314565820948246,-0.005903864325831387,-0.005208406027920986
2019-10-08 04:00:00,-0.015524857620005994,-0.00823745814709862,-0.008573583852641686
2019-10-09 04:00:00,0.009496233682208644,0.0034383264906029166,0.0042703824052569336
2019-10-10 04:00:00,0.0067633052286324435,-0.0018997260350402728,0.00025593100730995086
2019-10-11 04:00:00,0.010367316157035456,0.0012697114849530948,0.003698632887892062
2019-10-14 04:00:00,-0.0011140866274362837,0.002236635620814398,0.0010525584585701297
2019-10-15 04:00:00,0.009900454918162938,0.0011049225340384432,0.002050946674062182
2019-10-16 04:00:00,-0.0016059247448122482,-0.00047703092975723835,-0.00046691258018376474
2019-10-17 04:00:00,0.0029489685115122732,0.0007974367537545655,0.0014351581032621017
2019-10-18 04:00:00,-0.004377011152868593,-0.0026262066917211555,-0.0026917433108270103
2019-10-21 04:00:00,0.006779027100608959,0.0010584048021613055,0.0016795130752729982
2019-10-22 04:00:00,-0.0032664546817900986,0.0003788587133179756,-7.4507360951559e-05
2019-10-23 04:00:00,0.0029093743434909225,0.002147645313357893,0.003293050265402564
2019-10-24 04:00:00,0.0016340494752504764,0.00017737956141430358,0.0008962795352972508
2019-10-25 04:00:00,0.004095060579688337,0.0005032247479702435,0.0015715686237493865
2019-10-28 04:00:00,0.005636511581224912,-0.00025682217989677616,0.0002684926389480147
2019-10-29 04:00:00,-0.00029670895808375786,8.424700739915192e-05,-0.00017424278121934701
2019-10-30 04:00:00,0.0030668657528247767,0.007694044920277277,0.005586226693881924
2019-10-31 04:00:00,-0.002663226175608102,0.003798109674674599,0.0018654322280109437
2019-11-01 04:00:00,0.009263930954062971,0.004326910679536899,0.0064612665221125964
2019-11-04 05:00:00,0.0040176605654023145,-0.0028540351103236725,-0.0008972624311983754
2019-11-05 05:00:00,-0.0011059012904975907,-0.00516204781993761,-0.003782811902720229
2019-11-06 05:00:00,0.00022792160673934525,0.0025573997925786517,0.000872876063111172
2019-11-07 05:00:00,0.003516668704525605,-0.005137355093147945,-0.003389692274112055
2019-11-08 05:00:00,0.002466507278873431,-0.00020315278218059358,0.0004745100022535364
2019-11-11 05:00:00,-0.0019102440928837616,-0.0008790920845698657,-0.0015864633604575793
2019-11-12 05:00:00,0.0021081771420154993,0.003101781193160491,0.002707035540587044
2019-11-13 05:00:00,0.00032351099650385073,0.0027896793625232785,0.002334080771639613
2019-11-14 05:00:00,0.0014559241615850205,0.00500556863096131,0.0036510146200419923
2019-11-15 05:00:00,0.007236603472293934,0.003906837041652888,0.004531750096806674
2019-11-18 05:00:00,0.0007374061336733462,0.0011683709866501246,-4.0066798922622346e-05
2019-11-19 05:00:00,-0.00028841688198721904,0.0031601556906979858,0.0014189484461343493
2019-11-20 05:00:00,-0.0037188509220577037,0.0019076152599004415,0.0021817766227662187
2019-11-21 05:00:00,-0.001608880676729263,-0.0034689141422262764,-0.001938623725809174
2019-11-22 05:00:00,0.002223595917557608,0.0018493549977034451,0.0016565365916000664
2019-11-25 05:00:00,0.007750735769402883,0.00582271628565989,0.00552964757965535
2019-11-26 05:00:00,0.002265142090408956,0.0036967838392882426,0.0036889068211790168
2019-11-27 05:00:00,0.004457817755638471,0.001512840177901431,0.0012937530207145721
2019-11-29 05:00:00,-0.003708934317078416,-0.0030781549293301238,-0.004849582363552906
2019-12-02 05:00:00,-0.0084945974832763,-0.010429998339995472,-0.009227333542180461
2019-12-03 05:00:00,-0.006706432752306091,0.0043629816087307665,0.0023316720455486273
2019-12-04 05:00:00,0.006170384252995209,-0.00029178327880017337,0.0022753487429621245
2019-12-05 05:00:00,0.0017978681315515832,-0.0008667788119925302,-0.000187343708400478
2019-12-06 05:00:00,0.009133987821921652,0.0032664621325729118,0.00446219816732546
2019-12-09 05:00:00,-0.003144188496555622,-0.0010191989342272611,-0.0013636570186074226
2019-12-10 05:00:00,-0.001114844437298368,-0.0006399463074974409,-0.00019990502463560487
2019-12-11 05:00:00,0.0028383621547727333,0.00484724121055371,0.0036158955573095453
2019-12-12 05:00:00,0.008618926065314225,-0.001411842387347484,0.0011285198624509836
2019-12-13 05:00:00,0.0005991981635282695,0.004986660562314826,0.004336534683510717
2019-12-16 05:00:00,0.006870199621902273,0.0005259721540302295,0.002118139126754148
2019-12-17 05:00:00,0.00021913065047018954,-0.00042000198305029994,0.00015589881110684707
2019-12-18 05:00:00,6.262496193287781e-05,-0.0032471721192596005,-0.002363674507391411
2019-12-19 05:00:00,0.0040988507677779396,0.0030991729571612225,0.003375063045520932
2019-12-20 05:00:00,0.004384142581936423,0.0031579700609533743,0.002902122953334296
2019-12-23 05:00:00,0.0015280323748485536,0.00033151519003573595,0.0005030708973099096
2019-12-24 05:00:00,3.099922636717878e-05,0.0011619441476336866,0.0013174740159165534
2019-12-26 05:00:00,0.005323407806234082,0.004158511235504614,0.004670678566018216
2019-12-27 05:00:00,-0.00024770422424391647,0.0002888377333575055,0.0003663942086368888
2019-12-30 05:00:00,-0.005513351852831749,-0.00476439761555858,-0.004586873787098522
2019-12-31 05:00:00,0.002429366395064747,-0.002459972328416704,-0.0021036233322936585
2020-01-02 05:00:00,0.009351636106917471,0.010128224872507552,0.009124311998744727
2020-01-03 05:00:00,-0.0075720151278334535,0.0016167676482653501,0.0012664966187293514
2020-01-06 05:00:00,0.003814945645830292,1.771397988714618e-05,0.000771176507410043
2020-01-07 05:00:00,-0.002811978966599016,-0.0036534903295852407,-0.0032236807216750926
2020-01-08 05:00:00,0.005329933524168329,0.0005535456407526952,-0.00026866757538400736
2020-01-09 05:00:00,0.006780368392112379,0.0054724425030654444,0.004682243113543493
2020-01-10 05:00:00,-0.0028774175078463138,0.0018297480202463137,0.000940698389007788
2020-01-13 05:00:00,0.006877244644167169,0.0029129055507358887,0.0024601200905131626
2020-01-14 05:00:00,-0.0015247546429616454,0.0011429518068326373,0.001072942288695722
2020-01-15 05:00:00,0.0022597574912754936,0.004008237058609776,0.002839448676511058
2020-01-16 05:00:00,0.008318577245961079,0.003730935376845235,0.0039189310759498944
2020-01-17 05:00:00,0.0031127137499928903,-0.0015516302608103774,-0.00037874452130176595
2020-01-21 05:00:00,-0.001958445952419674,0.003027256960137348,0.0014059686582511886
2020-01-22 05:00:00,0.00012072686215902628,0.001477601174495602,-0.0002129812648859143
2020-01-23 05:00:00,0.0011470180195003454,0.003489093989733716,0.0019485423594152508
2020-01-24 05:00:00,-0.008893260295547822,-0.0021005790279999383,-0.004408769035506133
2020-01-27 05:00:00,-0.016029507786889607,-0.003395944815827767,-0.0068044721442239615
2020-01-28 05:00:00,0.010479149331043658,0.003154960970642051,0.004410121126798839
2020-01-29 05:00:00,-0.0008258237301355109,0.0034163942474633837,0.0019686117633713977
2020-01-30 05:00:00,0.0032453575552218172,0.0020023757326545154,0.0011119894560017495
2020-01-31 05:00:00,-0.018157653680715757,-0.0072426472116501545,-0.008971962273847011
2020-02-03 05:00:00,0.007428227118132069,0.004133033982111423,0.0023621618786578984
2020-02-04 05:00:00,0.015241440541510443,0.0037581489380201115,0.005244589300189062
2020-02-05 05:00:00,0.011548236501924602,0.0025548037598838386,0.0051835769513161045
2020-02-06 05:00:00,0.0033645084974149864,0.0038214529695495877,0.0037831420592107532
2020-02-07 05:00:00,-0.0053298831835111304,0.0017933058770871484,-2.0697355702873482e-06
2020-02-10 05:00:00,0.007465590065822925,0.005587287120234796,0.004415601424049953
2020-02-11 05:00:00,0.0017331091512482466,-0.0009762632880309767,-0.000125018702163826
2020-02-12 05:00:00,0.006442543974929604,0.0018390325546491226,0.0037297455134748577
2020-02-13 05:00:00,-0.001066637136007742,0.0008947015267420257,0.0005792895262550113
2020-02-14 05:00:00,0.0016018123045902222,0.0027118471042732574,0.0022059447833564613
2020-02-18 05:00:00,-0.0025768334759098677,0.0011935184370234666,0.0012594697552303024
2020-02-19 05:00:00,0.004781366585679958,0.0028412953461311565,0.003796687350929695
2020-02-20 05:00:00,-0.0041084816325573925,0.0006684025936343654,-0.0005176596421712201
2020-02-21 05:00:00,-0.010298257583642001,-0.0024428969813091728,-0.00378122147399862
2020-02-24 05:00:00,-0.03316520757502639,-0.013927617528287237,-0.017314948994016532
2020-02-25 05:00:00,-0.030302429340278603,-0.01605159417908706,-0.018446132295401086
2020-02-26 05:00:00,-0.003678074627527006,-0.00432542747210547,-0.004779612548757273
2020-02-27 05:00:00,-0.044911794836048013,-0.022607704071306144,-0.025395887670513994
2020-02-28 05:00:00,-0.00420128841600953,0.006512642603687025,0.002521439761598532
2020-03-02 05:00:00,0.04330637939783166,0.023040690131153018,0.026054205028549392
2020-03-03 05:00:00,-0.028632387647761548,-0.010968801055001861,-0.0123059351809625
2020-03-04 05:00:00,0.042032733672263456,0.020971958069826477,0.0221055548781738
2020-03-05 05:00:00,-0.03324161526974301,-0.00998827101133175,-0.01355193736756004
2020-03-06 05:00:00,-0.016531005820799916,0.010898906768693187,0.002436017755599028
2020-03-09 04:00:00,-0.07809432185517406,-0.03601520136048777,-0.04650998048548995
2020-03-10 04:00:00,0.0517447233194297,0.01054359502023132,0.018834995872434854
2020-03-11 04:00:00,-0.04874827117411895,-0.04396819224084951,-0.0420979892969231
2020-03-12 04:00:00,-0.09567736373355362,-0.05492764405088535,-0.05955374886792424
2020-03-13 04:00:00,0.08548640373407213,0.042250467773837785,0.04559596474087977
2020-03-16 04:00:00,-0.10942374154798717,-0.03974768432383946,-0.052252397911835974
2020-03-17 04:00:00,0.05399203548590159,0.005721757062989361,0.010808382113832372
2020-03-18 04:00:00,-0.05063295308108651,-0.052944559120676436,-0.05060692282712371
2020-03-19 04:00:00,0.0021250039026861067,0.01216523974266046,0.011566407350897378
2020-03-20 04:00:00,-0.04309412675824842,0.004221538971257054,-0.004382958772139256
2020-03-23 04:00:00,-0.025568295279124964,0.0011428513687761245,-0.0017898134481016065
2020-03-24 04:00:00,0.09060318617208796,0.0469161705245555,0.050945633777917505
2020-03-25 04:00:00,0.014970329558031903,0.008073625900635274,0.009980706924801718
2020-03-26 04:00:00,0.05838976919486716,0.03700257525988362,0.03616257295819907
2020-03-27 04:00:00,-0.029785874534882906,-0.007194430807024197,-0.010212742188572365
2020-03-30 04:00:00,0.032476046921414925,0.016194318542910535,0.01675445061180748
2020-03-31 04:00:00,-0.014905663684015469,-0.012190344823862408,-0.012607758244356669
2020-04-01 04:00:00,-0.045004727638322084,-0.021398521325491426,-0.02564405552161415
2020-04-02 04:00:00,0.023075424905840247,0.016383313540407052,0.017670124283418742
2020-04-03 04:00:00,-0.014454268948031701,-0.007720817751182341,-0.005445285061257343
2020-04-06 04:00:00,0.06716627167296174,0.03925550250368794,0.040041948698657216
2020-04-07 04:00:00,0.001019835191333085,-0.0035771113268133984,-0.0018329889488288287
2020-04-08 04:00:00,0.03356826355908327,0.01723049980715228,0.01769860046680536
2020-04-09 04:00:00,0.015217062595912045,0.009857257543228526,0.009935691696297088
2020-04-13 04:00:00,-0.009129935308029746,-0.009130001897754193,-0.0064868894223781845
2020-04-14 04:00:00,0.02949251963106292,0.01759793098034086,0.016771982113078256
2020-04-15 04:00:00,-0.021247769664923033,-0.0021530653536764744,-0.006860270541583902
2020-04-16 04:00:00,0.004824270468105407,0.007437352816104515,0.006038959848706537
2020-04-17 04:00:00,0.02701541460377843,0.010847483416248235,0.012626893862872234
2020-04-20 04:00:00,-0.01761802776868504,-0.007353013973311073,-0.009818293304477033
2020-04-21 04:00:00,-0.030363304051023277,-0.013181181071233117,-0.019151501199289545
2020-04-22 04:00:00,0.022194667056955053,0.00922997214939274,0.011650934256218205
2020-04-23 04:00:00,-7.153086005007303e-05,0.0020805514102248514,0.0012737068041812404
2020-04-24 04:00:00,0.013938126718331612,0.009301595214695492,0.007775390639387547
2020-04-27 04:00:00,0.014418940203916986,0.001205953442580475,0.0011981591044385005
2020-04-28 04:00:00,-0.004598704736420212,0.0018453455580990318,0.0007894304988748545
2020-04-29 04:00:00,0.026178483667604224,0.013631395118166046,0.01595811991041567
2020-04-30 04:00:00,-0.00931075335158671,-0.010257151149032518,-0.007220329356427991
2020-05-01 04:00:00,-0.02647336962610869,-0.012458677362935756,-0.014599399073598774
2020-05-04 04:00:00,0.0027583367978403217,-0.00022651226633660934,0.0014520370055583153
2020-05-05 04:00:00,0.009239411979466539,0.0029830574471774616,0.006194374915934997
2020-05-06 04:00:00,-0.006778979448810785,-0.010521655184792844,-0.01087764688141779
2020-05-07 04:00:00,0.012066890641823536,0.013922666295060582,0.012891298628888003
2020-05-08 04:00:00,0.016546063125699506,0.0047271694115488035,0.008114407471408314
2020-05-11 04:00:00,0.00020536982078023236,-0.0029989905659291607,-0.00355177195373354
2020-05-12 04:00:00,-0.01993161027136303,-0.007853180771381727,-0.0096904426001419
2020-05-13 04:00:00,-0.017685712804110465,-0.007812914704120755,-0.0095116482275619
2020-05-14 04:00:00,0.011967167358106767,0.011095238671024266,0.011859642671412441
2020-05-15 04:00:00,0.004597184876331761,0.001729309202406659,0.0029784279594558425
2020-05-18 04:00:00,0.030459500996496525,0.009493771474029742,0.014546408075443207
2020-05-19 04:00:00,-0.010271184500407982,-0.0046662298789373665,-0.005300774604869707
2020-05-20 04:00:00,0.01698808389309381,0.01139064260987901,0.0128318371600608
2020-05-21 04:00:00,-0.006903857784342993,-0.003143216805784199,-0.00382069520624888
2020-05-22 04:00:00,0.001898940184114073,0.003545778070393224,0.0021709742388807633
2020-05-26 04:00:00,0.012320333144318463,0.0020282299837041766,0.004408186382120349
2020-05-27 04:00:00,0.014879004582992073,0.008192612691952794,0.007090961979703901
2020-05-28 04:00:00,-0.001844715770661809,-0.002579069640455689,-0.001690179582569218
2020-05-29 04:00:00,0.004456284936469546,0.00553040255006505,0.006543349417615541
2020-06-01 04:00:00,0.004041374395852726,-0.00026812481382321217,0.000999354956928755
2020-06-02 04:00:00,0.008280038340754636,0.003513865154363893,0.004974444029265446
2020-06-03 04:00:00,0.013308419764053392,0.002666149793643635,0.003995875309840736
2020-06-04 04:00:00,-0.0026268748525173358,-0.007367885940301201,-0.00508521726282436
2020-06-05 04:00:00,0.025629642421248322,0.012528503428329207,0.015227575356290091
2020-06-08 04:00:00,0.012087397690178747,0.008789961258937584,0.007756234049843313
2020-06-09 04:00:00,-0.007456728295923698,6.923827272147225e-05,-0.0007397852318529851
2020-06-10 04:00:00,-0.005579964351804523,0.0025830217673430194,0.0017517333425551619
2020-06-11 04:00:00,-0.05764891051591248,-0.027029183239347596,-0.03215546732147499
2020-06-12 04:00:00,0.011975729364706478,0.0033290399017310785,0.004711206052147343
2020-06-15 04:00:00,0.009335627107764477,0.005823146204343654,0.006683610408183149
2020-06-16 04:00:00,0.01924763169108723,0.005415303074330646,0.007773699270234125
2020-06-17 04:00:00,-0.00415376329536965,-0.0008413240097106642,-0.0017450617072105488
2020-06-18 04:00:00,0.00038519684079107996,0.004466364719346272,0.003983207328406402
2020-06-19 04:00:00,-0.005714986574804404,-0.0031085984908284514,-0.002371022572287118
2020-06-22 04:00:00,0.006415237050415579,0.0038985210363929657,0.00494051748652653
2020-06-23 04:00:00,0.004603616334247551,2.829529264491981e-05,0.00023021728454063504
2020-06-24 04:00:00,-0.02550877424636555,-0.011015171791605827,-0.01458770558714514
2020-06-25 04:00:00,0.010720484224472138,0.007585449035550606,0.008207005629869023
2020-06-26 04:00:00,-0.02375150431020201,-0.009969314504728353,-0.012269220973616057
2020-06-29 04:00:00,0.014697699476664994,0.007559840432734254,0.009534294057942459
2020-06-30 04:00:00,0.012809364027072112,0.005743141244472438,0.006718562291396623
2020-07-01 04:00:00,0.007004942980411988,0.0034260717361683122,0.004432637726508504
2020-07-02 04:00:00,0.005506778034330306,0.0037199663211446854,0.004018898602054599
2020-07-06 04:00:00,0.01543715195093287,0.007624259395963006,0.008836330404453106
2020-07-07 04:00:00,-0.010313770429013158,-0.0005657580296940289,-0.001891766759399904
2020-07-08 04:00:00,0.0076488283299742665,0.00299115207755678,0.004663560842276981
2020-07-09 04:00:00,-0.005692710996709205,0.0029532191764623187,0.00018268769877384213
2020-07-10 04:00:00,0.010210215437034709,0.004116130772684334,0.005254556398275445
2020-07-13 04:00:00,-0.008658919867574388,-0.003872785005422718,-0.005230285142052804
2020-07-14 04:00:00,0.012959123835245556,0.008350794973596188,0.008685821294962514
2020-07-15 04:00:00,0.009187353146586696,0.003645673153339723,0.005303780734274288
2020-07-16 04:00:00,-0.003293756702605455,-7.66225389359661e-05,-0.0013364547690028037
2020-07-17 04:00:00,0.002899165177300267,0.0009019218984542387,0.0012695343623581046
2020-07-20 04:00:00,0.008081573109619766,0.005832216603140549,0.005507409976441978
2020-07-21 04:00:00,0.00212768617330239,0.0015160066734415166,0.0028790824966583584
2020-07-22 04:00:00,0.005691905639784833,0.004610494062670023,0.004935199575255544
2020-07-23 04:00:00,-0.011931832392219732,-0.0024866770610091566,-0.0038871591765469496
2020-07-24 04:00:00,-0.006440252645623201,-0.0038876362912023898,-0.0037264866031347264
2020-07-27 04:00:00,0.0072927232611275095,0.0028909384323204,0.004192355936304337
2020-07-28 04:00:00,-0.00634256996259952,-0.0010379350308829189,-0.0022674845270374555
2020-07-29 04:00:00,0.012298608982154624,0.006697892180848219,0.007408764519108857
2020-07-30 04:00:00,-0.0035677329885068776,0.0004947853947848474,-0.001316154003153136
2020-07-31 04:00:00,0.007902167057033394,0.004483922451668976,0.005092155451376623
2020-08-03 04:00:00,0.006952128790999934,0.002157386130624683,0.003665497874889889
2020-08-04 04:00:00,0.003862563442005529,0.006130541190010996,0.005712881470484387
2020-08-05 04:00:00,0.006210831508786985,0.0002293651105869537,0.0019407733500980125
2020-08-06 04:00:00,0.006684744093901962,0.006245419704800258,0.006441505172731699
2020-08-07 04:00:00,0.0007178682242003909,-0.0022359124888517105,-0.0029175765251894803
2020-08-10 04:00:00,0.0029887256028708897,3.832263705172119e-06,0.0009826990084048745
2020-08-11 04:00:00,-0.008254596741539832,-0.009706613194109238,-0.010104258571910683
2020-08-12 04:00:00,0.01394229640654765,0.0047269061041226735,0.006710969264001764
2020-08-13 04:00:00,-0.001807485017890187,-0.005360048985146859,-0.00375964352134831
2020-08-14 04:00:00,2.955460717668501e-05,-0.001544978508650985,-0.0011543006904117358
2020-08-17 04:00:00,0.003176732795592274,0.0029111285654298325,0.004321485450020157
2020-08-18 04:00:00,0.002160150625242885,0.004156643438524377,0.0036643863722450208
2020-08-19 04:00:00,-0.004163518938107513,-0.004998537940797122,-0.004669945354976889
2020-08-20 04:00:00,0.0031136283750523575,0.005484035635858042,0.004431364894798673
2020-08-21 04:00:00,0.0035472340578124317,0.004524972629926349,0.0029578385342230117
2020-08-24 04:00:00,0.010133156742580196,0.005430156063847268,0.006118911249751434
2020-08-25 04:00:00,0.0034991412195028992,-0.0009620223084338521,0.0006260866629383744
2020-08-26 04:00:00,0.010026029917450385,0.004485062136447349,0.0050902597379334676
2020-08-27 04:00:00,0.0021860373762125906,-0.005491921701832859,-0.004161137635585677
2020-08-28 04:00:00,0.00645967921812729,0.003578102241632308,0.004321172162639264
2020-08-31 04:00:00,-0.0036223953279506116,0.0004831909170088357,-0.00025477447241474256
2020-09-01 04:00:00,0.009418345494347502,0.01022579842315885,0.009229818302876036
2020-09-02 04:00:00,0.014464160442989149,0.012486805410059486,0.010207294781784936
2020-09-03 04:00:00,-0.03441430791528988,-0.019512206111652164,-0.02069315610076791
2020-09-04 04:00:00,-0.008164777114688326,-0.012494210872309997,-0.011500346337340893
2020-09-08 04:00:00,-0.027322861300248413,-0.01393577353272828,-0.01698558075094111
2020-09-09 04:00:00,0.01974723780940746,0.010773445649216428,0.011978201428087153
2020-09-10 04:00:00,-0.01736360744570642,-0.008385073413979382,-0.009897976665722775
2020-09-11 04:00:00,0.0005091230466587326,0.001158386897561936,0.001647738850188918
2020-09-14 04:00:00,0.013171455977543323,0.007878602889694752,0.00796218944978524
2020-09-15 04:00:00,0.005052288104304026,0.0020585548395528172,0.002843962740306416
2020-09-16 04:00:00,-0.003968623503456836,-0.0035756979216023943,-0.0014280547294762244
2020-09-17 04:00:00,-0.008795432593709851,-0.004054621219199372,-0.0032256352781059533
2020-09-18 04:00:00,-0.011512967080597458,-0.00815133069156444,-0.0073916882538798585
2020-09-21 04:00:00,-0.01112903930477882,-0.0046475552491376465,-0.007612200458622553
2020-09-22 04:00:00,0.010183996138552143,0.00579419818939737,0.005415235707942555
2020-09-23 04:00:00,-0.02319067240097572,-0.013378667064542537,-0.014662908964081888
2020-09-24 04:00:00,0.002665391549916185,0.0031311356118246094,0.0032136345870236835
2020-09-25 04:00:00,0.01616682060883967,0.009700092365303803,0.009700092365303803
2020-09-28 04:00:00,0.016609233819552482,0.008827096896665054,0.009961131666492328
2020-09-29 04:00:00,-0.005445794344044685,-0.0028059328330423128,-0.004069865019177554
2020-09-30 04:00:00,0.007582013688638423,0.0007151943688143091,0.002835588929262567
2020-10-01 04:00:00,0.00641988167276919,0.004511648132222046,0.003121602917244437
2020-10-02 04:00:00,-0.009494556225836948,-0.0071903117341632905,-0.008057227904772146
2020-10-05 04:00:00,0.017733121798107154,0.002824210470970057,0.007368385111850229
2020-10-06 04:00:00,-0.014215948602495532,-0.006373828770017152,-0.0065302024176806745
2020-10-07 04:00:00,0.017406721663018043,0.007526744422007292,0.008637161707421159
2020-10-08 04:00:00,0.00886243413006893,0.007477533850984752,0.007924609462136512
2020-10-09 04:00:00,0.008930317755009964,0.0052831580964877835,0.0056026662069605495
2020-10-12 04:00:00,0.01608750993542607,0.01092681221909082,0.009558767031514058
2020-10-13 04:00:00,-0.006525920112162464,-0.0010511031797062692,-0.0015399524304232416
2020-10-14 04:00:00,-0.006283726197498951,-0.0028553786197800467,-0.002403816784389634
2020-10-15 04:00:00,-0.00123559063430978,-0.0014320255052328256,-0.0009590593264003464
2020-10-16 04:00:00,-0.0006042931456661238,-0.001474899247638395,-0.001870466846868768
2020-10-19 04:00:00,-0.015203531977275975,-0.010634017803009165,-0.0101806856778331
2020-10-20 04:00:00,0.004005836585213585,-0.001402830057070448,0.0006782638393618482
2020-10-21 04:00:00,-0.0018931464179517965,-0.002517489857014765,-0.0029911460105176645
2020-10-22 04:00:00,0.005485210766301929,-0.0008675909539619391,0.0004723867971445751
2020-10-23 04:00:00,0.0033953114063047796,0.004482362556779274,0.0031225703626523325
2020-10-26 04:00:00,-0.018479896793325623,-0.0073666756343918165,-0.009729879500949402
2020-10-27 04:00:00,-0.0034473388422781026,0.0006152105658799871,0.0006329109999250403
2020-10-28 04:00:00,-0.03417911350387559,-0.02013384915726659,-0.022886828184418628
2020-10-29 04:00:00,0.010163814047984054,0.0022153439822518266,0.0019370552461762222
2020-10-30 04:00:00,-0.010425109331367866,-0.010201131812942642,-0.009214615259412163
2020-11-02 05:00:00,0.011208383308068282,0.009721034922576343,0.010790221334873774
2020-11-03 05:00:00,0.017655868313438017,0.008273153563241386,0.009474350958544764
2020-11-04 05:00:00,0.022349494724280383,0.022086454706190126,0.020997522305267212
2020-11-05 05:00:00,0.019502559909293726,0.012396770307666482,0.012680974072032215
2020-11-06 05:00:00,-0.00022825870945242244,-0.004970865725245766,-0.004142324905251893
2020-11-09 05:00:00,0.01256581516574573,-0.0008666390650970083,0.002455335992214136
2020-11-10 05:00:00,-0.0014668539256653679,-0.0031868039744512135,-0.0006508203047776774
2020-11-11 05:00:00,0.007428690340820054,0.0059009675639508435,0.005466119867059471
2020-11-12 05:00:00,-0.009700955551531942,0.0009863272470588052,-0.0015290183674736557
2020-11-13 05:00:00,0.013844439515895868,0.007776428848517191,0.007461571259504672
2020-11-16 05:00:00,0.012482485069619242,0.006528408704830691,0.007667549937500984
2020-11-17 05:00:00,-0.005378026130120284,-0.0006155397407763049,-0.0009713962741661583
2020-11-18 05:00:00,-0.012034727254849886,-0.0060623784912533065,-0.006203955415424356
2020-11-19 05:00:00,0.004210034711637611,0.004585403803603327,0.004070558059448137
2020-11-20 05:00:00,-0.006847977559372498,-0.0005607189949967447,-0.0009303622804234686
2020-11-23 05:00:00,0.005994500659859847,0.0017640464262658193,0.0025163256695374114
2020-11-24 05:00:00,0.016113699675686988,0.005687355680001804,0.008808665786378888
2020-11-25 05:00:00,-0.0015418866553316146,-0.0021564146558669785,-0.000987149372564777
2020-11-27 05:00:00,0.002785168076949507,0.005552905265321683,0.004368947979502446
2020-11-30 05:00:00,-0.004427280606985273,-0.003155527365351607,-0.003601370774355428
2020-12-01 05:00:00,0.010937511476742712,0.0006645580793318995,0.00185211090222267
2020-12-02 05:00:00,0.0021038085177245147,-0.0019121472664189291,-0.0006868951376987507
2020-12-03 05:00:00,-0.0002727401216293668,0.0030619280101070513,0.002398800565149184
2020-12-04 05:00:00,0.008617697936028623,-0.0006958306731404745,0.00119997138292649
2020-12-07 05:00:00,-0.002054858544720206,0.0023755500351250185,0.0014734337446357325
2020-12-08 05:00:00,0.002926116948074764,0.0036457890577871414,0.0033157163835689342
2020-12-09 05:00:00,-0.008969063277289524,-0.0067032062654082784,-0.006301648685130866
2020-12-10 05:00:00,-0.00032684090544599087,0.0033490156163164643,0.003955279051814387
2020-12-11 05:00:00,-0.0011723387150200937,0.0007125308854070812,7.843709639017139e-05
2020-12-14 05:00:00,-0.004477414618865416,-0.0037949761991238557,-0.0032369472602127966
2020-12-15 05:00:00,0.013519396132018802,0.00677254472810711,0.007877628857111319
2020-12-16 05:00:00,0.001569322089456593,-0.00012276316503734308,0.0006992640089682256
2020-12-17 05:00:00,0.005591961369274756,0.0022966228999598214,0.003736113560006893
2020-12-18 05:00:00,-0.003992836708060943,-0.0035946521697882037,-0.002953394264131237
2020-12-21 05:00:00,-0.0035755482339039357,-0.0005587992447012356,-0.001976535444929495
2020-12-22 05:00:00,-0.0016852768762469772,0.0010530540840014704,-0.0005634141934453332
2020-12-23 05:00:00,0.0008985868133319919,-0.0022246508067211403,-0.00028196185412341377
2020-12-24 05:00:00,0.0038901431680840037,0.003917218849466453,0.0037961666774201765
2020-12-28 05:00:00,0.00859092554584362,0.005332665223642996,0.004671703326840438
2020-12-29 05:00:00,-0.0019077666252752534,-0.0016531687950932517,-0.0012503789630973871
2020-12-30 05:00:00,0.0014269150699939281,0.0017213164480470943,0.0021235924490242255
2020-12-31 05:00:00,0.005080816104988228,0.003632634498779241,0.003896424230408013
2021-01-04 05:00:00,-0.013614107151273314,-0.008650075269689483,-0.009073886763088367
2021-01-05 05:00:00,0.006887308516458912,0.0011615247981483275,0.004708614564455616
2021-01-06 05:00:00,0.005978625140723226,-0.004623974677435961,-0.002438120882228956
2021-01-07 05:00:00,0.014857427716151506,0.00538870552072117,0.006735256630195341
2021-01-08 05:00:00,0.005697756323577385,0.0021274470649264464,0.0032439017845278142
2021-01-11 05:00:00,-0.006740759484683556,-0.004705285659520486,-0.005261858376337258
2021-01-12 05:00:00,0.00021099108139654987,-0.0001911381560510517,0.001805019059456192
2021-01-13 05:00:00,0.0026933665415946884,0.006121059019491427,0.004735397532993346
2021-01-14 05:00:00,-0.003502257925982577,-0.005848450846774055,-0.004001402453969715
2021-01-15 05:00:00,-0.007292514566931918,-0.0027887068775364504,-0.0046029451925635335
2021-01-19 05:00:00,0.007852004486611053,0.006002230040059642,0.0060062828554327645
2021-01-20 05:00:00,0.013838556647892242,0.008697149140241533,0.008663784373444661
2021-01-21 05:00:00,0.0009117319790714618,-0.002260550305562603,-0.0016237495500913356
2021-01-22 05:00:00,-0.003539549085899374,-0.0008289870336249726,-0.0028464871086339993
2021-01-25 05:00:00,0.003943785263675892,0.007080766893083546,0.006962441020026121
2021-01-26 05:00:00,-0.0015609240486660347,-0.001691412989120744,-0.0013059710949162029
2021-01-27 05:00:00,-0.0244404624212462,-0.013647116195989772,-0.014163192116539979
2021-01-28 05:00:00,0.008600386168655216,0.0029490223593035213,0.0030425100163249622
2021-01-29 05:00:00,-0.020019556739868105,-0.014418340706431798,-0.013684857947595065
2021-02-01 05:00:00,0.01664540738013942,0.01045116122858536,0.01224433523180295
2021-02-02 05:00:00,0.014140114758361966,0.005905035956923798,0.007324997255411603
2021-02-03 05:00:00,0.0007863998242467751,-0.0030773376292295043,-0.0014849195512910195
2021-02-04 05:00:00,0.011365669739075601,0.005750263956247758,0.0065267819615703266
2021-02-05 05:00:00,0.0039357180721517615,-0.0009878185133729294,0.00035614036875224447
2021-02-08 05:00:00,0.007222077469806409,0.006089594008576116,0.007225810237149809
2021-02-09 05:00:00,-0.0006658027611433637,-0.00010345677890886138,0.00019474305955473613
2021-02-10 05:00:00,-0.0004357031642554521,0.002399890709943664,0.0015491496469518863
2021-02-11 05:00:00,0.0016151762198992614,-0.0012205975617180622,-0.0008589290672419425
2021-02-12 05:00:00,0.0049397139024141,-0.002004060352855675,0.00047859868041327846
2021-02-16 05:00:00,-0.0008657690023723408,-0.006610088156695815,-0.003739387330630661
2021-02-17 05:00:00,0.0002294217521821018,0.002677747611871251,0.0023450195094192328
2021-02-18 05:00:00,-0.004256201235627199,-0.00417230478324242,-0.004129313525441114
2021-02-19 05:00:00,-0.001765901607192144,-0.006376336365324087,-0.005107639824138366
2021-02-22 05:00:00,-0.007691845391610941,-0.007658468670097185,-0.0046579198641790494
2021-02-23 05:00:00,0.0012144243234233354,-0.0004245563145197196,0.0003373834715341917
2021-02-24 05:00:00,0.011019489900706114,0.003987491757602468,0.006175661218872475
2021-02-25 05:00:00,-0.02409575616381865,-0.02098961355274347,-0.02016909207584382
2021-02-26 05:00:00,-0.005152731105676378,0.010131959520551903,0.004719552804942429
2021-03-01 05:00:00,0.02424021503614804,0.009261016153578881,0.009744979549754805
2021-03-02 05:00:00,-0.007803193076643455,-0.0046534438677828804,-0.0042386170036672775
2021-03-03 05:00:00,-0.0132458581584457,-0.012285725465820695,-0.010600936557401908
2021-03-04 05:00:00,-0.012374804275879892,-0.01000494163952139,-0.007808604443971512
2021-03-05 05:00:00,0.01839669948230238,0.011817181331474202,0.013678801227556358
2021-03-08 05:00:00,-0.004978723908313998,-0.006097357119820024,-0.006701541568582148
2021-03-09 05:00:00,0.014277443429361325,0.014109628415116805,0.012723837825741801
2021-03-10 05:00:00,0.00622461804900265,0.004536283269056085,0.004978062206932177
2021-03-11 05:00:00,0.01013919150303133,0.003198037080749083,0.005427530312707452
2021-03-12 05:00:00,0.001346724313877612,-0.007680549514338608,-0.006015549688402233
2021-03-15 04:00:00,0.005963711820741624,0.00593033357122077,0.00499787745252187
2021-03-16 04:00:00,-0.001261478851384612,-0.0023645613222909256,-0.002365859741316378
2021-03-17 04:00:00,0.003409948097278681,-0.0009471410696620278,-0.00019886358765471837
2021-03-18 04:00:00,-0.01454970394479671,-0.012780250346303857,-0.016510282854808878
2021-03-19 04:00:00,-0.0018502419694939043,0.0013687928951919839,0.0029348502166058003
2021-03-22 04:00:00,0.007984944397378513,0.009273409817183432,0.007974547029060475
2021-03-23 04:00:00,-0.00787081004925827,-0.001111699566872492,-0.004812017097997067
2021-03-24 04:00:00,-0.0050834481779507,-0.0008972773275418787,0.0011977187469330857
2021-03-25 04:00:00,0.005625552035830816,0.00022111196878369342,-0.001257635017464898
2021-03-26 04:00:00,0.016114980502531795,0.00826899529612377,0.010999957558208616
2021-03-29 04:00:00,-0.0005051033709108088,-0.0036982681513460626,-0.002730206806402624
2021-03-30 04:00:00,-0.0026528446388596194,0.0005041513001378564,-0.0016279224711838738
2021-03-31 04:00:00,0.00405320990631286,0.00020008983835291235,0.0013028395837642371
2021-04-01 04:00:00,0.010799157556031114,0.013118375099649748,0.013144388963814
2021-04-05 04:00:00,0.014352790840776342,0.006866334733531864,0.005822506821428518
2021-04-06 04:00:00,-0.0005902726183830698,0.0023628904036012257,0.002044201529307821
2021-04-07 04:00:00,0.0011572517633586799,-0.0020914555392518076,-0.0010955980354253826
2021-04-08 04:00:00,0.004746677057577919,0.006150165876253767,0.005861929409869137
2021-04-09 04:00:00,0.007270117936015286,0.002912942060360413,0.002918938456508091
2021-04-12 04:00:00,0.00036442992848706446,4.415002207243111e-05,0.00014737791163050852
2021-04-13 04:00:00,0.002963931888936955,0.004775755287444561,0.005098446443985161
2021-04-14 04:00:00,-0.0034149998271505444,-0.0033198987852106174,-0.0007039827726773914
2021-04-15 04:00:00,0.010742300572484487,0.013139216588358283,0.012099387726331812
2021-04-16 04:00:00,0.003342407414053117,-0.0011012741814378393,-0.0004963101266456938
2021-04-19 04:00:00,-0.004912918883734241,-0.0040967410173753825,-0.003694821708830964
2021-04-20 04:00:00,-0.007321631708418708,-0.0025492273951121854,-0.0031819729754259283
2021-04-21 04:00:00,0.009461837206529822,0.006480000891198223,0.005877666111465308
2021-04-22 04:00:00,-0.009132871044374657,-0.003734213023286136,-0.0033641376401865927
2021-04-23 04:00:00,0.010842420256910401,0.005565284173538831,0.006600314795305584
2021-04-26 04:00:00,0.002087565955801063,0.0006812240488537569,0.0015043331962846795
2021-04-27 04:00:00,-0.00021535992222077027,-0.0036183676440300076,-0.0019014781528980172
2021-04-28 04:00:00,-0.0002875205992041163,8.720644805175763e-05,0.00018977985746790882
2021-04-29 04:00:00,0.006372708102723168,0.0026415159426679043,0.0036059352026862283
2021-04-30 04:00:00,-0.0065704280238346735,-0.0030169636845311263,-0.004078846458573548
2021-05-03 04:00:00,0.0021568388290647,0.001533778167203259,0.0025905468584935367
2021-05-04 04:00:00,-0.006169225898702502,-0.0009869243981872606,-0.00011948593700412675
2021-05-05 04:00:00,0.0003125909469521293,0.0008470497598703109,0.0010628271752973761
2021-05-06 04:00:00,0.007985547088549483,0.0054500706756015925,0.0057729345044374315
2021-05-07 04:00:00,0.007278065651884491,0.0023942702313522355,0.0038577449170104972
2021-05-10 04:00:00,-0.009902610435566617,-0.009992241825521476,-0.009673630604752537
2021-05-11 04:00:00,-0.008924689767875527,-0.007618865036553291,-0.0059776020532705245
2021-05-12 04:00:00,-0.021244845085278907,-0.01694978011381747,-0.016005420850245856
2021-05-13 04:00:00,0.012012190627697317,0.007826539630418461,0.004902830495827459
2021-05-14 04:00:00,0.015355327842714539,0.01295374262306983,0.012840062554672694
2021-05-17 04:00:00,-0.002544167013124432,-0.002372766467546428,-0.0009118867652898822
2021-05-18 04:00:00,-0.008616003299972919,-0.006192910507204097,-0.0064199012244070975
2021-05-19 04:00:00,-0.0026218676018956444,-0.002540688784964118,-0.004347318902665443
2021-05-20 04:00:00,0.01075820667580496,0.009746390774047686,0.007877838949077454
2021-05-21 04:00:00,-0.0008187219760938946,0.0007913444979166907,0.0014162013264858776
2021-05-24 04:00:00,0.010194113800423787,0.007598424695967009,0.008605343365451712
2021-05-25 04:00:00,-0.0022185807753006825,0.002373989302308366,0.0011216199628058864
2021-05-26 04:00:00,0.001984403693312542,0.0005023529221821032,0.0008380070666033746
2021-05-27 04:00:00,0.0005250160179650631,-0.001294075215162982,0.0006868646722014483
2021-05-28 04:00:00,0.0017887962924967304,0.0004387572681781915,0.00027583431701816424
2021-06-01 04:00:00,-0.0008807377996326027,-0.000618354292092893,0.0011783176535815512
2021-06-02 04:00:00,0.0015725629118339413,0.001869750310571483,0.0021664674028380793
2021-06-03 04:00:00,-0.003711462134674881,-0.0037283957723786235,-0.004193799964157752
2021-06-04 04:00:00,0.009145884550374905,0.010965409879299415,0.010708810565324267
2021-06-07 04:00:00,-0.0009702448729039803,-0.0018114348803114802,-0.0013468582032550858
2021-06-08 04:00:00,0.0002133323783286567,0.0029385220601926055,0.0032301058118086477
2021-06-09 04:00:00,-0.001492004983072892,0.0026362059019945155,0.0012870353484586649
2021-06-10 04:00:00,0.004648394322079419,0.005188706516725627,0.004953191704741955
2021-06-11 04:00:00,0.0016523991056536236,0.00034596973179432653,0.0001961244572376007
2021-06-14 04:00:00,0.0022388586390353904,-0.0017202887658354983,-0.001526681878383551
2021-06-15 04:00:00,-0.0018340265368735897,-0.001581982401294435,-0.0018802285049623777
2021-06-16 04:00:00,-0.005583351277406945,-0.0036903944588098313,-0.004183341007896746
2021-06-17 04:00:00,-0.00033156158248826006,0.005789935545320391,0.0017028587446694214
2021-06-18 04:00:00,-0.013490576280673072,-0.0005719916877544359,-0.0014216588714798253
2021-06-21 04:00:00,0.014316007039137268,0.0018922791450027608,0.004801868959066191
2021-06-22 04:00:00,0.0053463001975806446,0.004184759515100511,0.00409964156582765
2021-06-23 04:00:00,-0.0012054174776092719,-0.0017535074647729854,-0.0008603307643254121
2021-06-24 04:00:00,0.005915772259522667,0.00419156937573173,0.0043994500062402905
2021-06-25 04:00:00,0.003552259038250405,-0.002022008868562608,-0.0014031722227457858
2021-06-28 04:00:00,0.002015716436600812,0.005321764048420974,0.004241021541754519
2021-06-29 04:00:00,0.0005382463381164992,0.0009921080269478912,0.0012989983098256274
2021-06-30 04:00:00,0.0008414877375622076,0.0022862734661079466,0.0027848247156350816
2021-07-01 04:00:00,0.005536660362648549,0.003344283484880739,0.0037023457128767976
2021-07-02 04:00:00,0.007643524057349582,0.00699988145973669,0.007328122148287086
2021-07-06 04:00:00,-0.0018214441102047951,0.0035954901203132167,-0.00029456405243071275
2021-07-07 04:00:00,0.0035341513216644582,0.005664048070941297,0.0035657371760944964
2021-07-08 04:00:00,-0.00814811076909272,-0.0033216417922765414,-0.002859676461907723
2021-07-09 04:00:00,0.010674821341381868,0.0007797495146944829,0.0033500608090490267
2021-07-12 04:00:00,0.003581818629275091,0.0016305311429489764,0.001917073927942947
2021-07-13 04:00:00,-0.003408896943102091,-0.005106615867394294,-0.0035057925636462596
2021-07-14 04:00:00,0.0014922529679339824,0.00543999012081926,0.0033198905370963594
2021-07-15 04:00:00,-0.0034155349922769807,0.0023629976887127096,0.0007369087632265069
2021-07-16 04:00:00,-0.007843618903368044,-0.005460679527226664,-0.005272052480925204
2021-07-19 04:00:00,-0.014767914220739975,-8.923765677861656e-05,-0.006277901236188577
2021-07-20 04:00:00,0.014330392732841757,0.00474244178369343,0.0071850405980363186
2021-07-21 04:00:00,0.00809626913984185,-0.00020916006539364353,0.0030543075085985756
2021-07-22 04:00:00,0.0020942887355968054,0.005037895950651895,0.004886211096441095
2021-07-23 04:00:00,0.01028800506949068,0.0034973394153218866,0.004691147950004193
2021-07-26 04:00:00,0.00245481830535077,0.0002876303777028964,0.001315022869161986
2021-07-27 04:00:00,-0.0045577370434576325,0.0015340473806290558,-0.00010336504184649264
2021-07-28 04:00:00,-0.0004100155054221899,-0.0002193666927827076,0.00024320844186844772
2021-07-29 04:00:00,0.004147355269994435,0.00026976529165509975,0.002588839392972264
2021-07-30 04:00:00,-0.004856470324620887,-0.0010321765637272716,-0.0020635488095818834
2021-08-02 04:00:00,-0.002098040858245831,0.0023087127183484494,0.00033990099232223975
2021-08-03 04:00:00,0.008135626331521317,0.005093700337750517,0.004574047822585702
2021-08-04 04:00:00,-0.00491899437001464,-0.0021286797899813022,-0.003948943609754574
2021-08-05 04:00:00,0.006332959914066905,0.0017608100025289447,0.003752831158040326
2021-08-06 04:00:00,0.0016524237177615309,-0.005689008215499714,-0.004853536148402726
2021-08-09 04:00:00,-0.000813728538515357,-0.0019226909603178078,-0.0029843735960950355
2021-08-10 04:00:00,0.0012440659852304137,-0.0011007433206782658,0.0011753416958128816
2021-08-11 04:00:00,0.002484893676294897,0.0012453833430813078,0.0021977627423598214
2021-08-12 04:00:00,0.0029969059734291648,0.0011426824729285022,0.0009429137058917791
2021-08-13 04:00:00,0.001819784093734178,0.007410280524780256,0.005257156172375443
2021-08-16 04:00:00,0.0023547429033587974,0.002382109279390843,0.0018776031281335871
2021-08-17 04:00:00,-0.006555250205989238,-0.004094191927491341,-0.00515802542442203
2021-08-18 04:00:00,-0.010944868239825656,-0.00522339232386324,-0.006728857625798557
2021-08-19 04:00:00,0.0015482408478517673,0.0038751037701536986,0.0017399421481336997
2021-08-20 04:00:00,0.007957108805142887,0.0050400708042555925,0.00262774710342446
2021-08-23 04:00:00,0.008796604723609214,0.005012333827137283,0.008710027363346829
2021-08-24 04:00:00,0.0015872252801119036,-0.002158451143279949,0.0007216815283931587
2021-08-25 04:00:00,0.0020985426134874086,-0.002063550743973775,-0.00033530463207810397
2021-08-26 04:00:00,-0.005903320892938768,-0.0024339861527092,-0.00349593491376986
2021-08-27 04:00:00,0.008940972203268727,0.008086016464369062,0.008671472914627353
2021-08-30 04:00:00,0.004397506735375201,0.003682317169078031,0.0037859563478656044
2021-08-31 04:00:00,-0.0014815145721408518,-0.0036118456037926407,-0.003398155637178013
2021-09-01 04:00:00,0.000531469519334804,0.0009890495048261894,0.0003522717692510557
2021-09-02 04:00:00,0.003076558102420135,0.003592088869330423,0.004307967304765436
2021-09-03 04:00:00,-0.00024274095605392176,-0.00378345663891988,-0.0027704196394856546
2021-09-07 04:00:00,-0.0035752588987379985,-0.005519309989658017,-0.005813880022938112
2021-09-08 04:00:00,-0.0012184992897422697,0.0019911247465608686,0.00204315313872423
2021-09-09 04:00:00,-0.004280142805404119,0.0022720953675715145,0.00033479340227976495
2021-09-10 04:00:00,-0.007884601375611311,-0.008257213796193374,-0.006067393512889641
2021-09-13 04:00:00,0.002559255750140599,0.003961365400879257,0.004129700801295733
2021-09-14 04:00:00,-0.005396653132487272,0.001611309389787841,0.0003477286344422124
2021-09-15 04:00:00,0.008352862882347267,0.0036085849387298636,0.005600383262709119
2021-09-16 04:00:00,-0.0015853182747073147,-0.00278381545090618,-0.0030320010319029203
2021-09-17 04:00:00,-0.009741063186643029,-0.007766124125220797,-0.008098777726304851
2021-09-20 04:00:00,-0.016674287496426077,-0.005043713469320509,-0.007462199505319844
2021-09-21 04:00:00,-0.0009444029301329815,-0.0009109563105515361,-0.0007212090320893427
2021-09-22 04:00:00,0.009754591209459651,0.008238629674578224,0.008781471234894632
2021-09-23 04:00:00,0.012150091135665564,-0.001748834787497434,0.0020469986827318038
2021-09-24 04:00:00,0.0016472753186669298,-0.0029209970660591276,-0.0014898016203448218
2021-09-27 04:00:00,-0.0028609428749343246,-0.003186882452985285,-0.0014638792309560663
2021-09-28 04:00:00,-0.020151935486773076,-0.018322014768169147,-0.01755677870036204
2021-09-29 04:00:00,0.0016832046053922856,0.0017040468768335427,0.0016303654393176937
2021-09-30 04:00:00,-0.01222235395895932,-0.007389009747389363,-0.006726724530663896
2021-10-01 04:00:00,0.01188426381064911,0.01049693446611073,0.010993290221178786
2021-10-04 04:00:00,-0.012896147207988262,-0.008756037690313566,-0.006887757903726354
2021-10-05 04:00:00,0.01040487514580346,0.002380380433693707,0.0045972223065705135
2021-10-06 04:00:00,0.0041561392084616955,0.004750269192194966,0.0025226248300575065
2021-10-07 04:00:00,0.008645776639578662,0.001004363538654518,0.0033067874788851315
2021-10-08 04:00:00,-0.0018238910388953533,-0.003893926497673106,-0.0028599017833699997
2021-10-11 04:00:00,-0.007239538364266607,-0.005358558562568328,-0.0044388215631888
2021-10-12 04:00:00,-0.002461636683399049,0.0053630744500797745,0.0036530603350499735
2021-10-13 04:00:00,0.0035975976792119724,0.006048959984649027,0.005643463807223003
2021-10-14 04:00:00,0.016820807932647064,0.011578706585932252,0.012240999821306086
2021-10-15 04:00:00,0.007615639366024718,0.0022385194317049435,0.0036584495989183787
2021-10-18 04:00:00,0.002960698101447168,0.0036520446543054415,0.002583490868304305
2021-10-19 04:00:00,0.007714881405472163,-0.0008888383370480486,0.0007226307280286389
2021-10-20 04:00:00,0.003927556173220603,-0.00034376723187974417,0.0014424120094579161
2021-10-21 04:00:00,0.0026083180499216763,0.0010888082357945804,-0.00030312557252376604
2021-10-22 04:00:00,-0.0010361733490819036,0.0037834563604303155,0.0031470633297437708
2021-10-25 04:00:00,0.0053627235304705145,0.002607082381756198,0.0032687406632107784
2021-10-26 04:00:00,0.0009000946787312003,0.0038475567262360676,0.0031588125073806366
2021-10-27 04:00:00,-0.004430249015738852,0.004619666097601805,0.000961133545026349
2021-10-28 04:00:00,0.009648874182708989,0.004435503674947938,0.005289167766471004
2021-10-29 04:00:00,0.002029202402520358,0.002440073938776344,0.001621867727919135
2021-11-01 04:00:00,0.0017199826267513263,-0.0018479105681029843,-0.0003785258595339293
2021-11-02 04:00:00,0.004043302244812752,0.004201541027857791,0.004036589344685248
2021-11-03 04:00:00,0.006105119844719953,-0.0004705329605177778,-0.001986973481180743
2021-11-04 04:00:00,0.004712630553521002,0.007031815400882735,0.005362301456982577
2021-11-05 04:00:00,0.0034696508520815073,0.008063872534315664,0.0079565776665526
2021-11-08 05:00:00,0.0008535992617848542,-0.00023781670762286218,0.0005634496618076135
2021-11-09 05:00:00,-0.0033053680212289382,0.0032240934177929065,0.002720017677239439
2021-11-10 05:00:00,-0.008044948303355337,-0.012140302488490295,-0.011568954604008263
2021-11-11 05:00:00,0.0003236033067592903,-0.00039963275083434454,0.00045603538774285923
2021-11-12 05:00:00,0.007546858433261416,0.0027711525141270506,0.0030699446060012733
2021-11-15 05:00:00,0.0003424851632489734,-0.004817261710734977,-0.0035146914819120466
2021-11-16 05:00:00,0.003957836730750008,0.0013574111914580022,0.001471143458261437
2021-11-17 05:00:00,-0.0024291424795894745,0.001712541234368326,2.8439960597126585e-05
2021-11-18 05:00:00,0.0033963555189602257,0.003542062996252193,0.003497437870602815
2021-11-19 05:00:00,-0.0017884408466710688,0.00315001648646529,0.0004897362683533133
2021-11-22 05:00:00,-0.00281506746736937,-0.006380392570505867,-0.004488134776903907
2021-11-23 05:00:00,0.0013259928033557689,-0.0049881820682711195,-0.0017327359698894429
2021-11-24 05:00:00,0.0026697721807775743,0.008024176423056596,0.006044419006556945
2021-11-26 05:00:00,-0.022303048042082385,-0.0032740731159899943,-0.011763446801501244
2021-11-29 05:00:00,0.012266673476116319,0.004144662314771041,0.004948497757495729
2021-11-30 05:00:00,-0.019457745583272845,-0.005593760216703658,-0.009859867636560904
2021-12-01 05:00:00,-0.011107272655041855,-0.004196903486497438,-0.005686464204912434
2021-12-02 05:00:00,0.015316397839416629,0.0096886797078501,0.010444348175734674
2021-12-03 05:00:00,-0.008701515386168257,-0.00044800007744880566,-0.0015385473558575
2021-12-06 05:00:00,0.01184352675304079,0.0016120761823128485,0.004729175962456256
2021-12-07 05:00:00,0.020684762164047354,0.009178944534372669,0.011499009809935536
2021-12-08 05:00:00,0.002647964890336141,-0.005325261999134234,-0.0022561336545964925
2021-12-09 05:00:00,-0.006751578618417353,-0.0018134202100708926,-0.003891666368175706
2021-12-10 05:00:00,0.0094135615518256,0.0046830298574789255,0.006068588900571425
2021-12-13 05:00:00,-0.008858370000772386,0.0005966113155309273,-0.0013731885818956456
2021-12-14 05:00:00,-0.0068798950477204635,-0.0050811948118563155,-0.005732642446036574
2021-12-15 05:00:00,0.015624888642195689,0.005526079561543849,0.006987042922116526
2021-12-16 05:00:00,-0.008818557641629754,-0.005135420645588562,-0.00457879763229958
2021-12-17 05:00:00,-0.010642853741830383,-0.001853014658449047,-0.004170218787677859
2021-12-20 05:00:00,-0.010633378041006947,-0.009376869196548543,-0.009326616683368582
2021-12-21 05:00:00,0.017758896661579815,0.009132245692995287,0.011624641421929392
2021-12-22 05:00:00,0.009998777951911508,0.007850142350465328,0.008569110623306786
2021-12-23 05:00:00,0.006222068192344166,0.0002624125309766967,0.0016653960066352336
2021-12-27 05:00:00,0.014152173519592859,0.009460917243695244,0.010476987033611463
2021-12-28 05:00:00,-0.0008172054844228782,-0.002075704845385218,-0.00187057330155288
2021-12-29 05:00:00,0.0012792091040070286,-0.003602192608115162,-0.002030838904121035
2021-12-30 05:00:00,-0.0027646102856259125,0.0016957245486636686,0.00038046043340521607
2021-12-31 05:00:00,-0.0025201571922216504,-0.0007276855113530045,-0.0014027118987122835
2022-01-03 05:00:00,0.005790050880309927,-0.007026063586718312,-0.00401605693159508
2022-01-04 05:00:00,-0.00033497568218376905,-0.001864283666415112,-0.0002499901866087281
2022-01-05 05:00:00,-0.019202092137695415,-0.013692271357085506,-0.013575852866335647
2022-01-06 05:00:00,-0.0009393950373106641,0.0004717575769127791,0.0010692307871446927
2022-01-07 05:00:00,-0.003953471183826829,-0.005247417864882542,-0.004339895681332174
2022-01-10 05:00:00,-0.0012444906766682085,0.00023736881112790275,-0.0004323834156626294
2022-01-11 05:00:00,0.009108320491624688,0.008129824142295572,0.009402138203815502
2022-01-12 05:00:00,0.0027034437022597224,8.953355967418171e-05,0.001261179386021849
2022-01-13 05:00:00,-0.013778520229311808,-0.004714965572556483,-0.006661440033996723
2022-01-14 05:00:00,0.00040900039788804854,-0.0057982518215540235,-0.0029850215900416137
2022-01-18 05:00:00,-0.01770950947793204,-0.01625566207175453,-0.014067645325771127
2022-01-19 05:00:00,-0.010383755027540964,-0.0034607290989568714,-0.0036064064927542106
2022-01-20 05:00:00,-0.011067824849900654,-0.004173937332620236,-0.005153117363494442
2022-01-21 05:00:00,-0.01963074116221264,-0.0070158475854459335,-0.008115537034367005
2022-01-24 05:00:00,0.004246522376688322,-0.0007382808378542105,-0.00014391025150821657
2022-01-25 05:00:00,-0.0122087740335598,-0.00797117905294884,-0.0068989493278140065
2022-01-26 05:00:00,-0.0025087654564568407,-0.006342682211311646,-0.004907706028136815
2022-01-27 05:00:00,-0.004938063714444052,0.004382374830343938,0.0030413507553875177
2022-01-28 05:00:00,0.024835514318642726,0.015040991415183402,0.01509568570157087
2022-01-31 05:00:00,0.01801092123571757,0.008738405581076901,0.009613542146342312
2022-02-01 05:00:00,0.0067569437801453525,0.0027264662193615223,0.0034598159775042878
2022-02-02 05:00:00,0.009714175332520503,0.007183449582302925,0.0072445332570687075
2022-02-03 05:00:00,-0.02350491878191885,-0.017225542507294134,-0.016223647455347167
2022-02-04 05:00:00,0.004702167861851958,-0.0030756584597478216,-0.0008067217547823132
2022-02-07 05:00:00,-0.0032092655553283,-0.001666487710052089,-0.0015122469292298433
2022-02-08 05:00:00,0.008227885857117867,0.002262356517407582,0.0020568299196807474
2022-02-09 05:00:00,0.014636031630174795,0.00953439338505424,0.010360312326835673
2022-02-10 05:00:00,-0.017965558532598513,-0.017136455892941417,-0.016070970648297035
2022-02-11 05:00:00,-0.01971885980636423,-0.00590014403762491,-0.005891054446896015
2022-02-14 05:00:00,-0.0032691575363742453,-0.006937761803593312,-0.005174882055938357
2022-02-15 05:00:00,0.0161266889651277,0.00513481231052979,0.004635695597786393
2022-02-16 05:00:00,0.001120973751567833,0.0030433325475881737,0.0025818208570036025
2022-02-17 05:00:00,-0.021361485321861995,-0.00984172561199239,-0.00975581835370205
2022-02-18 05:00:00,-0.006474909467454992,0.0003260776137700822,-0.00033690156382737413
2022-02-22 05:00:00,-0.010731725003577441,-0.005397438460274628,-0.004234196089340036
2022-02-23 05:00:00,-0.017738693422047924,-0.01615575972614598,-0.013841857728924233
2022-02-24 05:00:00,0.015049031957650172,0.009292855398312306,0.00964841967099237
2022-02-25 05:00:00,0.022064041552518843,0.013530764024182363,0.011946960585491495
2022-02-28 05:00:00,-0.0025585090823572187,0.0072323813930213815,0.006744830402504131
2022-03-01 05:00:00,-0.015230090971198318,-0.004513194538389364,-0.001647632369044705
2022-03-02 05:00:00,0.01839594093886565,-0.0026357067762925023,0.004044790822968391
2022-03-03 05:00:00,-0.004978269755631648,0.0010871898969196051,0.001160688732402626
2022-03-04 05:00:00,-0.008124933035147386,0.002030715166927344,0.004509550844150212
2022-03-07 05:00:00,-0.02947887684586381,-0.02073941726799311,-0.017792015917181537
2022-03-08 05:00:00,-0.007581646578628698,-0.008572737368033633,-0.005863904339650961
2022-03-09 05:00:00,0.026810643898174336,0.012166781215431396,0.005202253431393409
2022-03-10 05:00:00,-0.004515565877654115,-0.008456185920115012,-0.008219157193250348
2022-03-11 05:00:00,-0.01271514612003366,-0.006290302440035367,-0.004901538519266046
2022-03-14 04:00:00,-0.007308201004866066,-0.013724580125409579,-0.014316125641075315
2022-03-15 04:00:00,0.021990308144075765,0.012495883671672469,0.010211124145682336
2022-03-16 04:00:00,0.02217424166033033,0.01722761953983487,0.015392841701417847
2022-03-17 04:00:00,0.0125110100576733,0.0045250806953197826,0.010069483377126588
2022-03-18 04:00:00,0.010952827210409799,0.011456781999682742,0.010705174918542925
2022-03-21 04:00:00,-0.0002925238345786729,-0.009438115404589874,-0.003382689087378832
2022-03-22 04:00:00,0.011701554593443353,0.0018962466354400572,0.0029521097926642702
2022-03-23 04:00:00,-0.012878347924783484,0.0010389612474267958,0.0013314657336471521
2022-03-24 04:00:00,0.015074306578346297,0.0059115450986549235,0.0057032576029724
2022-03-25 04:00:00,0.004883514102555164,-0.0026191343752372206,-0.0004899886080776069
2022-03-28 04:00:00,0.007113048209397066,0.007687667029557987,0.0024880861938133643
2022-03-29 04:00:00,0.012370869874759105,0.010443643001899972,0.010073280204581269
2022-03-30 04:00:00,-0.006174726122873175,-0.000584151117477982,0.0004378218759922396
2022-03-31 04:00:00,-0.015391476011228478,-0.008263378027115896,-0.010351834089515887
2022-04-01 04:00:00,0.0028340451738126937,0.003222901862122818,0.0034946282208431654
2022-04-04 04:00:00,0.008566659250721642,0.0023603428193071704,0.00496147486752312
2022-04-05 04:00:00,-0.012631146567389284,-0.016615889608570255,-0.015179637395025192
2022-04-06 04:00:00,-0.009999566442291052,-0.00923726117284309,-0.00922002970665735
2022-04-07 04:00:00,0.0050388672589523065,1.0364245846616622e-05,0.0011057980656359878
2022-04-08 04:00:00,-0.0026737885515437654,-0.005936609125223669,-0.0036030510500624667
2022-04-11 04:00:00,-0.017092213835269487,-0.01658521926040819,-0.015826102816681942
2022-04-12 04:00:00,-0.0037053465060465918,-0.0027754320032206347,0.00034376217140502695
2022-04-13 04:00:00,0.011453623074292096,0.007685259286122203,0.0096806056198516
2022-04-14 04:00:00,-0.012451795534275334,-0.015489149979789608,-0.012731686477615634
2022-04-18 04:00:00,0.00041118599278799906,-0.0017409672881654628,-0.00010525692643695837
2022-04-19 04:00:00,0.016142532496191242,0.006689228776779776,0.004869696337157314
2022-04-20 04:00:00,-0.0007414761677563275,0.007605516472884122,0.005701249680414655
2022-04-21 04:00:00,-0.014953566940975382,-0.011931397961137579,-0.011335882743436864
2022-04-22 04:00:00,-0.02743916608218111,-0.01898114255441352,-0.020266467501216547
2022-04-25 04:00:00,0.005797677592235484,0.007478997255789377,0.005742247955027591
2022-04-26 04:00:00,-0.028960746240986657,-0.013349732794729927,-0.012983499307156096
2022-04-27 04:00:00,0.0028117581376310152,-0.0034433316680385407,-0.0014652782379983797
2022-04-28 04:00:00,0.025259379763915568,0.01575152838417777,0.016438615572657956
2022-04-29 04:00:00,-0.03695548148730088,-0.027362485260723646,-0.026822210943218294
2022-05-02 04:00:00,0.006019291208885669,-0.003321924014496558,-6.294265793950222e-05
2022-05-03 04:00:00,0.004583890835842208,0.005447054882565005,0.0033775269714528375
2022-05-04 04:00:00,0.030453045536282586,0.020475772980465965,0.023045247059079354
2022-05-05 04:00:00,-0.03554276067976925,-0.03228508920011734,-0.030073024989783405
2022-05-06 04:00:00,-0.00596902517476916,-0.00947549814650921,-0.007895858499447706
2022-05-09 04:00:00,-0.03201731176056277,-0.01569149232955642,-0.021094178718781754
2022-05-10 04:00:00,0.0023108291359625888,0.005014329682907448,0.0035152052425322378
2022-05-11 04:00:00,-0.01588626579350738,-0.0018227141500307686,-0.0012927810337746595
2022-05-12 04:00:00,-0.0010438560387648899,-0.001372536357363696,-0.0007135919978480175
2022-05-13 04:00:00,0.023907697758459134,0.008432369772085169,0.01128474504837076
2022-05-16 04:00:00,-0.0040575324150243786,-0.0028484782715802793,-0.0011038923183689044
2022-05-17 04:00:00,0.020570320595321157,0.007508793269732417,0.007629048818371287
2022-05-18 04:00:00,-0.04031150107777859,-0.015659987579219468,-0.01995637338037058
2022-05-19 04:00:00,-0.00612461763716865,-0.002716558233950228,-0.001686623566939671
2022-05-20 04:00:00,0.00043661162293662237,0.004802005327171921,0.003810261314632735
2022-05-23 04:00:00,0.01871005750406929,0.004644265488340337,0.007040783832428465
2022-05-24 04:00:00,-0.007633835824641055,0.003312558265353039,0.0012683540390749262
2022-05-25 04:00:00,0.00883497120373078,0.006882770170179286,0.007197798345321926
2022-05-26 04:00:00,0.01998154608218461,0.010178850675406314,0.011724845144794481
2022-05-27 04:00:00,0.024548931778465732,0.015705917170020456,0.016648100162263525
2022-05-31 04:00:00,-0.005611036934279223,-0.011831616796107447,-0.010405018930834863
2022-06-01 04:00:00,-0.008088547821062164,-0.005310371639330524,-0.004709952899426451
2022-06-02 04:00:00,0.019043513391589828,0.01163265592650844,0.013861600103631265
2022-06-03 04:00:00,-0.01641147626692685,-0.010706876560317746,-0.009545938938748222
2022-06-06 04:00:00,0.003044674233018574,-0.005550679629648948,-0.0032712303682795093
2022-06-07 04:00:00,0.009592259835006889,0.010075349855991966,0.009661791650682261
2022-06-08 04:00:00,-0.010872052570186197,-0.010067395407552481,-0.008287609033723109
2022-06-09 04:00:00,-0.023782926070609833,-0.012937405791473709,-0.01310645229760714
2022-06-10 04:00:00,-0.02899585751717826,-0.019878505857489473,-0.020240899018164095
2022-06-13 04:00:00,-0.03796792816076988,-0.035332263167367775,-0.03331909005688554
2022-06-14 04:00:00,-0.0030134907228123176,-0.006853463968086881,-0.006696170050650418
2022-06-15 04:00:00,0.014256352482426626,0.01601623426129737,0.014218287135502971
2022-06-16 04:00:00,-0.03309592054522781,-0.016681807537087964,-0.017036260396151134
2022-06-17 04:00:00,0.0021557115874564214,0.0025823490919242523,-0.001307703220879686
2022-06-21 04:00:00,0.02517365495259627,0.00832335112818132,0.009774227391870415
2022-06-22 04:00:00,-0.001813079100965509,0.009912361435825258,0.005377848104206695
2022-06-23 04:00:00,0.009802422998772098,0.009167446165808713,0.006101557625138854
2022-06-24 04:00:00,0.03179386800236239,0.013539247801145526,0.01587103992583868
2022-06-27 04:00:00,-0.0038195275098749093,-0.005703284859815838,-0.005066997898265868
2022-06-28 04:00:00,-0.020432656153823725,-0.01039572110339888,-0.009667767042449937
2022-06-29 04:00:00,-0.0008144626216677331,0.005754584780799644,0.0024776478302330537
2022-06-30 04:00:00,-0.00812423737130663,-0.001361804719178216,-0.005332026809007739
2022-07-01 04:00:00,0.010576480270487965,0.010452525828049763,0.009913859536080571
2022-07-05 04:00:00,0.0018884838604433796,0.004275849606922755,-0.003233791114783658
2022-07-06 04:00:00,0.0033773026015173624,-0.00468989958037116,-0.004492606841698731
2022-07-07 04:00:00,0.014977248479889571,0.0054662589192798535,0.010492623424720782
2022-07-08 04:00:00,-0.0008226862843550009,-0.004923892096435001,-0.0020598842986984554
2022-07-11 04:00:00,-0.0114236866389823,4.342608669416492e-05,-0.0018727651442398082
2022-07-12 04:00:00,-0.008848861987340917,-0.00293250118083137,-0.008061682943530568
2022-07-13 04:00:00,-0.005251773400617887,0.0014355357535448922,0.0008524893094535192
2022-07-14 04:00:00,-0.002428414520983857,-0.004720571280536223,-0.004825421410575026
2022-07-15 04:00:00,0.019105142175930068,0.013714327450000896,0.014444446818729629
2022-07-18 04:00:00,-0.008256932455631638,-0.009121539566270664,-0.0062049383240474374
2022-07-19 04:00:00,0.02701921143681396,0.014053816568530086,0.014984775717075759
2022-07-20 04:00:00,0.0063730614574075695,0.004873535881044067,0.004533108502747208
2022-07-21 04:00:00,0.010183187207559063,0.013020226875695285,0.009614265484022212
2022-07-22 04:00:00,-0.009278065811807457,0.0011576562028001282,-0.001714409047145083
2022-07-25 04:00:00,0.0012150172894771494,-0.003184888927891061,-0.0003984705645144193
2022-07-26 04:00:00,-0.01183119238960506,-0.006792020327371606,-0.0066713615364834885
2022-07-27 04:00:00,0.02596648026019066,0.013332583483418014,0.016178767613679968
2022-07-28 04:00:00,0.012542370797067326,0.010709819279019196,0.009990731528158192
2022-07-29 04:00:00,0.014578782253192868,0.007660207657673812,0.008393694639308601
2022-08-01 04:00:00,-0.0029612900923987606,0.007856682125636151,0.0034184406295967858
2022-08-02 04:00:00,-0.0065973831253434145,-0.01242238691482811,-0.010814612540176415
2022-08-03 04:00:00,0.015659442423177072,0.0156935135131957,0.013254608241948018
2022-08-04 04:00:00,-0.0006754074794906861,-0.0005392346857396868,-0.0015758850198335562
2022-08-05 04:00:00,-0.0016903171372378845,-0.010535580135372659,-0.008515807315229006
2022-08-08 04:00:00,-0.0011608512444413188,0.005760023640549705,0.005352172634097396
2022-08-09 04:00:00,-0.003971083945715326,-0.0039373851525096315,-0.002714388962618719
2022-08-10 04:00:00,0.021004257293588235,0.009990067994911422,0.012022228145452384
2022-08-11 04:00:00,0.0,-0.009323713889364439,-0.005049523730719762
2022-08-12 04:00:00,0.016928870136559304,0.014213510671838403,0.012665718565018035
2022-08-15 04:00:00,0.004120543151395539,0.002126243540469375,0.000986239882772644
2022-08-16 04:00:00,0.001958886897038159,0.0028382872259326676,0.0012972159953199226
2022-08-17 04:00:00,-0.007097841991912102,-0.008433607816320122,-0.006997419981321895
2022-08-18 04:00:00,0.0029063747416737673,0.0023365251690433465,0.003712977605349832
2022-08-19 04:00:00,-0.013438232701947328,-0.014503888402601861,-0.012932165372446224
2022-08-22 04:00:00,-0.020822414045146176,-0.013838060120776529,-0.012615917417377475
2022-08-23 04:00:00,-0.0024191419712106255,-0.0036526856116106954,-0.0014605311751881398
2022-08-24 04:00:00,0.003201011102305973,-0.001007059941048372,0.0007766906749957282
2022-08-25 04:00:00,0.014117557622198351,0.014045099730965304,0.011238819866368134
2022-08-26 04:00:00,-0.03384877537286002,-0.01729420887041524,-0.017633194301450585
2022-08-29 04:00:00,-0.006612538104206589,-0.007276873951387853,-0.004985015292422257
2022-08-30 04:00:00,-0.010977735923491494,-0.005592693408275906,-0.008616908680644474
2022-08-31 04:00:00,-0.007609190410705513,-0.008389851183849762,-0.009527404955409147
2022-09-01 04:00:00,0.003138066667628392,-0.005440383891261069,-0.0057479864581291285
2022-09-02 04:00:00,-0.010544554943344275,-0.004063910481822708,-0.003954230642327761
2022-09-06 04:00:00,-0.003773020482799372,-0.012171409329578765,-0.010286455869755884
2022-09-07 04:00:00,0.01796491151005264,0.01710520639412949,0.013141750165262055
2022-09-08 04:00:00,0.006536206071632078,-0.00018118912415312528,0.0012512058715756444
2022-09-09 04:00:00,0.015535421386237536,0.010209463107746375,0.01282257523537258
2022-09-12 04:00:00,0.010747445082545992,0.0031616102051197355,0.005361819713464422
2022-09-13 04:00:00,-0.043482390799015946,-0.02515836883476312,-0.025896182525234377
2022-09-14 04:00:00,0.003816007533278931,0.0036641818765102306,0.00375005449898067
2022-09-15 04:00:00,-0.011353699386664862,-0.007071494267412138,-0.0099227011998148
2022-09-16 04:00:00,-0.007628667529956945,-0.007911567698427269,-0.007438406144199517
2022-09-19 04:00:00,0.007755058216703858,0.005587013843095345,0.005675060483499438
2022-09-20 04:00:00,-0.01147888178293266,-0.010875425949245421,-0.00999859327707857
2022-09-21 04:00:00,-0.01744367372778055,-0.003764905010383712,-0.00604191072507363
2022-09-22 04:00:00,-0.008399833245626431,-0.015259313944253595,-0.012421976368488352
2022-09-23 04:00:00,-0.016754991529438046,-0.008418995523363781,-0.01220778205647881
2022-09-26 04:00:00,-0.009892361797912086,-0.01357974130164221,-0.014001025328603521
2022-09-27 04:00:00,-0.002552864634355001,-0.012064174894817882,-0.008364950766927138
2022-09-28 04:00:00,0.019676499972397066,0.025198720760032822,0.024635317169360446
2022-09-29 04:00:00,-0.020889007212244626,-0.014603744413765728,-0.014701928058731316
2022-09-30 04:00:00,-0.015463559086239864,-0.01444250994450933,-0.014390556898705931
2022-10-03 04:00:00,0.026401307082392966,0.022196694861496932,0.022866181142403505
2022-10-04 04:00:00,0.030986596746229056,0.017474714585960262,0.02045341270249409
2022-10-05 04:00:00,-0.002328295289237503,-0.00522165397290999,-0.002473372768577598
2022-10-06 04:00:00,-0.010315922428485447,-0.008412866104615047,-0.00723105524861326
2022-10-07 04:00:00,-0.027893716378517897,-0.020619379729602438,-0.018598832245511475
2022-10-10 04:00:00,-0.00763547350177296,-0.010799653302074975,-0.010360867718236742
2022-10-11 04:00:00,-0.006332817757083831,-0.0020293408511743213,-0.003911616337551061
2022-10-12 04:00:00,-0.0032985187556616724,-1.6428802105639042e-05,-0.0005070994149284803
2022-10-13 04:00:00,0.026391042315937252,0.012008027075465132,0.01434642856344994
2022-10-14 04:00:00,-0.022788778501114826,-0.01697357810506157,-0.01813446911786084
2022-10-17 04:00:00,0.02569692715048233,0.01347049986593003,0.013719027776803937
2022-10-18 04:00:00,0.011749717625089362,0.007987759963637986,0.0066780069219503965
2022-10-19 04:00:00,-0.007086549417433252,-0.01153433090089422,-0.009753987981456191
2022-10-20 04:00:00,-0.008385241455747483,-0.01186847164259399,-0.010078592737758484
2022-10-21 04:00:00,0.024301530965640916,0.007372009218631658,0.009294960138165508
2022-10-24 04:00:00,0.012236345703628526,0.004035822990252978,0.005143667795822304
2022-10-25 04:00:00,0.0159685970090353,0.02122613963995952,0.01887601297636112
2022-10-26 04:00:00,-0.007533965941880383,0.001242723886211051,0.0016752099905214645
2022-10-27 04:00:00,-0.005339974538632775,0.0009843354777891783,9.3748957095241e-05
2022-10-28 04:00:00,0.023790634759375928,0.011524789588069816,0.011040311267748003
2022-10-31 04:00:00,-0.007223370441635013,-0.007185236189246313,-0.007183890658940917
2022-11-01 04:00:00,-0.0043758126869086755,0.00111268821031989,0.0016908909242185023
2022-11-02 04:00:00,-0.02509626938357823,-0.016793877011830792,-0.015457901793214202
2022-11-03 04:00:00,-0.01029670088180501,-0.008336796315124162,-0.007874832154524714
2022-11-04 04:00:00,0.014393018028473037,0.0019155784472139267,0.006979529558134167
2022-11-07 05:00:00,0.009565721060323051,0.001748788888558916,0.0018811429840297706
2022-11-08 05:00:00,0.005395255901750939,0.007611081563784339,0.005303177664848902
2022-11-09 05:00:00,-0.02060226329008541,-0.011046484073391682,-0.013680229066117343
2022-11-10 05:00:00,0.05495426338713916,0.04836212915171885,0.04541917417333641
2022-11-11 05:00:00,0.009678709634670657,0.004341558166622184,0.006617575532009312
2022-11-14 05:00:00,-0.008506874806525566,-0.006084723598306141,-0.00733097685190116
2022-11-15 05:00:00,0.008529333492508062,0.011589556478436869,0.011136156223532923
2022-11-16 05:00:00,-0.007629158989326701,0.004170004617785495,0.0008703116466717285
2022-11-17 05:00:00,-0.0030598652062436837,-0.006056813896274749,-0.0066702036194858485
2022-11-18 05:00:00,0.004540623117360143,-2.672984937026647e-05,-4.928022922162656e-05
2022-11-21 05:00:00,-0.0036362605554274285,-0.0004956122147901088,-0.0012748566212106294
2022-11-22 05:00:00,0.013457105783463819,0.013750970892949299,0.013368892292045942
2022-11-23 05:00:00,0.006301655290084751,0.01075769654661669,0.0076317514864189355
2022-11-25 05:00:00,-0.00022381109075886307,-0.0014903734494625454,-0.0020320595250880925
2022-11-28 05:00:00,-0.015956927330724735,-0.008446678844097999,-0.009334360256727358
2022-11-29 05:00:00,-0.0017174623060524086,-0.005721011779545049,-0.0032480930593074995
2022-11-30 05:00:00,0.03150057809886486,0.021842232153087025,0.023353045012603112
2022-12-01 05:00:00,-0.0007357594751035146,0.012336802856701669,0.008632237499764406
2022-12-02 05:00:00,-0.0011538908684949334,0.004337968648271318,0.002015722160498534
2022-12-05 05:00:00,-0.0179893257596504,-0.016396379884781088,-0.017586349793033806
2022-12-06 05:00:00,-0.014414742444916806,-0.003496876381982216,-0.0063806211103304864
2022-12-07 05:00:00,-0.0017011048759580927,0.00840440372968172,0.00554917970482921
2022-12-08 05:00:00,0.007833825014262885,0.0036041130716180977,0.0037110054125943925
2022-12-09 05:00:00,-0.0074702129183733534,-0.014887985547414908,-0.012160946338715405
2022-12-12 05:00:00,0.014417250551446825,0.009929370699534035,0.01069656525617446
2022-12-13 05:00:00,0.0075700005004404325,0.008404401348845259,0.009093068588650199
2022-12-14 05:00:00,-0.006393690729092905,-0.0021278042657938644,-0.00178191661754008
2022-12-15 05:00:00,-0.024461532699874167,-0.013116164217386726,-0.014717505561095155
2022-12-16 05:00:00,-0.011806160996735926,-0.01155198325674971,-0.011701761024551505
2022-12-19 05:00:00,-0.008479751210268893,-0.011809880195480172,-0.010316764033012215
2022-12-20 05:00:00,0.0013684036760770457,-0.00628182306987779,-0.004047184421739857
2022-12-21 05:00:00,0.014952448297806287,0.009977029888322563,0.011013007797655683
2022-12-22 05:00:00,-0.014266186411699744,-0.008636917463920257,-0.009888621675128674
2022-12-23 05:00:00,0.0057523218631843065,-0.00241279666578107,0.0008804818066947774
2022-12-27 05:00:00,-0.00394347685931995,-0.01027534139588211,-0.007400806366840195
2022-12-28 05:00:00,-0.012427810066590217,-0.009813338390390048,-0.010355945188215221
2022-12-29 05:00:00,0.018000191835721102,0.01534055359892883,0.014082801171806868
2022-12-30 05:00:00,-0.0026339891825368777,-0.00603019663799742,-0.004017210382829239
2023-01-03 05:00:00,-0.004210005508022752,0.005107689090108503,0.0008057556981832304
2023-01-04 05:00:00,0.007720240950014778,0.010112053756871343,0.00695487490326402
2023-01-05 05:00:00,-0.01141334210459699,-0.0051757610581422584,-0.006101642969157916
2023-01-06 05:00:00,0.02293189435911014,0.02111797597085774,0.01983121801220284
2023-01-09 05:00:00,-0.0005665889236201593,0.0017897088062237998,0.002441725759657176
2023-01-10 05:00:00,0.007012791247418271,-0.0024123351927660243,-0.000757332707461777
2023-01-11 05:00:00,0.012647710517460276,0.01408917014814932,0.014261686840640109
2023-01-12 05:00:00,0.0036408419648714663,0.010057433389618975,0.008910561276785378
2023-01-13 05:00:00,0.0038795589256046537,-0.0014213805648925163,0.0004935060344596679
2023-01-17 05:00:00,-0.0018319424804318363,-0.003684696998806825,-0.0023525604596846272
2023-01-18 05:00:00,-0.015788009741999787,0.00021994456443908024,-0.003284969432023088
2023-01-19 05:00:00,-0.007279845513619154,-0.006871825201542725,-0.005233293197277489
2023-01-20 05:00:00,0.018629072891350074,0.004692898180730952,0.0069154726810479955
2023-01-23 05:00:00,0.011998582486555609,0.005315910627197828,0.00602585559031229
2023-01-24 05:00:00,-0.0010734315624379986,0.005108094962853804,0.0031134053939045336
2023-01-25 05:00:00,0.00037490690790176195,0.0011947960962019888,0.0006724452307566686
2023-01-26 05:00:00,0.010990425297223938,0.004733540276655245,0.005639774782242734
2023-01-27 05:00:00,0.0022976493195567826,0.00036896476138350556,-0.0004963928631910199
2023-01-30 05:00:00,-0.012546787902407264,-0.008990063177738782,-0.009916447653835658
2023-01-31 05:00:00,0.014703343978902605,0.012019997957296004,0.012938290426157196
2023-02-01 05:00:00,0.01062770577985428,0.011185098176273334,0.00809315228200913
2023-02-02 05:00:00,0.014556925389903386,0.009251809165356882,0.008384684828403256
2023-02-03 05:00:00,-0.01062907691129944,-0.012359649752648916,-0.013382678463104937
2023-02-06 05:00:00,-0.006111326429691033,-0.006628354770751211,-0.005591471433814788
2023-02-07 05:00:00,0.01307865154961263,0.004636883551752291,0.007339790462784679
2023-02-08 05:00:00,-0.010934730431642947,-0.0046571570611496855,-0.004925874274495401
2023-02-09 05:00:00,-0.008669142283326936,-0.008990813583487123,-0.008829246798588463
2023-02-10 05:00:00,0.0023335733220701815,-0.0030758094112753216,-0.0005395685527865395
2023-02-13 05:00:00,0.01173904691347305,0.010409322010639955,0.009362348722452396
2023-02-14 05:00:00,-0.0004602562392981291,-0.0011969680476818568,-0.0006372805022770489
2023-02-15 05:00:00,0.003247512375514905,-0.0017814844341845328,-0.0019163106554036856
2023-02-16 05:00:00,-0.013768945672768762,-0.013928585226508972,-0.012802237048524847
2023-02-17 05:00:00,-0.002498229824391407,0.0016117249284962388,8.499854074653888e-05
2023-02-21 05:00:00,-0.020060915899358434,-0.019811621357249832,-0.017742073835370097
2023-02-22 05:00:00,-0.0013780311933186962,0.00283902479525362,0.0006244136237627761
2023-02-23 05:00:00,0.0053193091015979466,0.007100414298560631,0.0068868866617392225
2023-02-24 05:00:00,-0.010682325265845782,-0.011609833753151722,-0.010646560786655311
2023-02-27 05:00:00,0.0034059585412549165,0.0031528113922829615,0.002959986896794531
2023-02-28 05:00:00,-0.003696121574741751,-0.00040047356736310174,-0.0005592810317359694
2023-03-01 05:00:00,-0.003835938268625716,-0.006598715709995552,-0.003798843221965242
2023-03-02 05:00:00,0.007777421133806639,0.0011195259600547125,0.0016339057064601813
2023-03-03 05:00:00,0.016037647611638617,0.019313071399651306,0.01846850727013578
2023-03-06 05:00:00,0.0006928497528486677,-0.002685666698217082,-0.002400911587358034
2023-03-07 05:00:00,-0.015328763528825062,-0.0067444405637461,-0.009411870424590062
2023-03-08 05:00:00,0.0016321238319254583,0.0013726687632843238,0.0007290041064187069
2023-03-09 05:00:00,-0.01844975428314355,-0.010087788943592791,-0.011556402442043413
2023-03-10 05:00:00,-0.014429549600446734,0.005136712897401363,0.002755562614312755
2023-03-13 04:00:00,-0.0014254241638477216,5.3975061624256314e-05,-0.0008070494598748756
2023-03-14 04:00:00,0.016530249202671987,0.0033414452578834014,0.0037101038882770606
2023-03-15 04:00:00,-0.006254314064110367,0.003971564129505967,-0.00028504624254453974
2023-03-16 04:00:00,0.01754509583438235,0.00739793151343302,0.008488854807634671
2023-03-17 04:00:00,-0.011692666310062827,-0.0010120024785430937,-0.00282059393629609
2023-03-20 04:00:00,0.009615624004294165,0.0022505410842987845,0.0035270732095388224
2023-03-21 04:00:00,0.01313065236864519,0.004441459470136165,0.005652035843740298
2023-03-22 04:00:00,-0.017046535670793617,-0.004894575397307665,-0.00596533408571458
2023-03-23 04:00:00,0.0027033959208297986,0.001622037552497879,0.001360147405034051
2023-03-24 04:00:00,0.0065618925020836105,0.0056287844741434775,0.005687260120149062
2023-03-27 04:00:00,0.001869785207655017,-0.008274330055479374,-0.00405245428239741
2023-03-28 04:00:00,-0.0022445481426023317,-0.0006184144927775302,-0.0003302002277976389
2023-03-29 04:00:00,0.01453480284543418,0.007917123108728986,0.007479770547681587
2023-03-30 04:00:00,0.005855431894740137,0.005353823797896995,0.00562172690315994
2023-03-31 04:00:00,0.01409455465614795,0.014449232564873116,0.01388648522203879
2023-04-03 04:00:00,0.0038105027886004006,0.0041673833015665185,0.00533990627005918
2023-04-04 04:00:00,-0.0055481028622010875,-0.0013401873695470632,-0.001961685031868243
2023-04-05 04:00:00,-0.0026182272948183094,0.0026110743895567893,0.0019390232329186128
2023-04-06 04:00:00,0.0039008718883963844,0.0033751130417513766,0.002827089964465623
2023-04-10 04:00:00,0.0010264209089358989,-0.005833961253310794,-0.00422150780364271
2023-04-11 04:00:00,0.0002684643146300125,0.0009851913608866169,0.001318121743757872
2023-04-12 04:00:00,-0.004075980714352556,-0.002856797607824357,-0.001970480261963237
2023-04-13 04:00:00,0.013282705974950515,0.004826266816144552,0.005612106008350992
2023-04-14 04:00:00,-0.002442653032969755,-0.005124247308715813,-0.004086831368824528
2023-04-17 04:00:00,0.0035882988195581333,-0.0026053810133979563,-0.0018244569066439564
2023-04-18 04:00:00,0.0006521064949882582,0.0018167680647132923,0.0016655545327342257
2023-04-19 04:00:00,-0.0001688950840841308,-0.00048522072190548826,-0.0017815377579278868
2023-04-20 04:00:00,-0.005457179696542358,0.00014535427468427304,-0.0015816537193515722
2023-04-21 04:00:00,0.0007769970182480712,-0.0017815560984388414,-0.0014290957706427742
2023-04-24 04:00:00,0.0010431712221008471,0.0044956546633035275,0.004325866594603744
2023-04-25 04:00:00,-0.015873848033686966,-0.003642674157612702,-0.006529154797778447
2023-04-26 04:00:00,-0.004235571416622008,-0.006804545582189059,-0.00725966049170259
2023-04-27 04:00:00,0.01990795468783957,0.007975830098394265,0.009096768504144015
2023-04-28 04:00:00,0.00853513971730302,0.011573304923354975,0.01090283159462173
2023-05-01 04:00:00,-0.0010096361781583019,-0.012139544767244305,-0.010104996024711967
2023-05-02 04:00:00,-0.01123931096330233,0.0032242959619819935,-0.001536515651831738
2023-05-03 04:00:00,-0.006864027801598893,-0.0018856157755045228,-0.0037140587782309217
2023-05-04 04:00:00,-0.00708277065809404,-0.008201157013270243,-0.006814004525548911
2023-05-05 04:00:00,0.01851248146925122,0.009777203948415901,0.012363418138521386
2023-05-08 04:00:00,0.00026665274768444824,-0.0054458093129937,-0.00356898527338555
2023-05-09 04:00:00,-0.004385456089119,-0.004062434481621935,-0.003403578558552822
2023-05-10 04:00:00,0.0046722980320903496,0.00668505278242959,0.005414472260572345
2023-05-11 04:00:00,-0.0017439251422909363,0.0031824360138192234,0.0004048078291905453
2023-05-12 04:00:00,-0.001310247982502788,-0.004133836059865082,-0.004084666751839006
2023-05-15 04:00:00,0.0034499644883716485,-0.0020730562753781268,0.00010960299998813406
2023-05-16 04:00:00,-0.006682622524254445,-0.005211274887995598,-0.006001130385547937
2023-05-17 04:00:00,0.012139062667070766,0.006116918136509275,0.007599028996383095
2023-05-18 04:00:00,0.009633227337569217,0.002816575399056642,0.002642374047159135
2023-05-19 04:00:00,-0.001455156708284444,-0.0037016103274654325,-0.003126400458801115
2023-05-22 04:00:00,0.0004060793899940407,-0.0011808008950885186,-0.0007366328499030294
2023-05-23 04:00:00,-0.011222801175951425,-0.005582178190546206,-0.005474093312401607
2023-05-24 04:00:00,-0.007244811654143812,-0.006326562933991319,-0.005787828220248525
2023-05-25 04:00:00,0.008660020585868677,0.004201353288573406,0.0028731517887445207
2023-05-26 04:00:00,0.012950695159609671,0.011001438396347795,0.011795812779671589
2023-05-30 04:00:00,0.00038070580567328705,0.004224813155019902,0.0009042128773613322
2023-05-31 04:00:00,-0.005545079759728733,0.00015967673512129466,-0.0018330772282708966
2023-06-01 04:00:00,0.009500845520376888,0.00726995176359626,0.008510237097481908
2023-06-02 04:00:00,0.01446139822082193,0.004293569048325852,0.006683455152704687
2023-06-05 04:00:00,-0.0019162054948025364,-0.0018948910437434296,-0.0019729216238835723
2023-06-06 04:00:00,0.0021773549018142546,0.0036640244368219225,0.0032071330790911508
2023-06-07 04:00:00,-0.0034576971852012806,-0.008012157570939116,-0.006130764289315471
2023-06-08 04:00:00,0.006048461092393209,0.008307824824758869,0.007313872290349965
2023-06-09 04:00:00,0.001794431469676061,0.0005279608894464438,5.110060159694294e-05
2023-06-12 04:00:00,0.009071807669114085,0.006620519390723122,0.004958118811766287
2023-06-13 04:00:00,0.006592956819854612,3.5159300916017683e-06,0.0023338601906166432
2023-06-14 04:00:00,0.001190723223122525,0.003915714635087753,0.0033361462645514093
2023-06-15 04:00:00,0.012397658280387747,0.011281086712153643,0.012435005517160168
2023-06-16 04:00:00,-0.003406183121286488,-0.003597238414105708,-0.0019577838900546535
2023-06-20 04:00:00,-0.005188184713974087,-0.0003448883423410984,-0.0019316527444749208
2023-06-21 04:00:00,-0.005123779750842661,-0.0021063289868264554,-0.0008865722645974737
2023-06-22 04:00:00,0.003609826627912094,-0.0026621812374712844,-0.0033195755205322254
2023-06-23 04:00:00,-0.007559952851534324,-0.0005480743116848203,-0.0026244927307229153
2023-06-26 04:00:00,-0.004085891067198366,-0.0020257041866671432,-0.0020012119711071198
2023-06-27 04:00:00,0.010963343342811127,0.005533807304894056,0.004181946554155257
2023-06-28 04:00:00,0.0005043897512511109,0.002008630788263588,0.0012719951541088623
2023-06-29 04:00:00,0.0039415277947458804,-0.004854506470948251,-0.0030052118001987153
2023-06-30 04:00:00,0.01180059896260377,0.011798296959669628,0.011462882782592242
2023-07-03 04:00:00,0.0011504738800844905,-0.0015773306252181653,-0.0010104268869009503
2023-07-05 04:00:00,-0.0014871167550309927,-0.004693175785152048,-0.0031262096107416257
2023-07-06 04:00:00,-0.007830705558474094,-0.01035564252631005,-0.00916024361499903
2023-07-07 04:00:00,-0.0025247200827335226,-0.003922505790118857,-0.002486906654707377
2023-07-10 04:00:00,0.002531110428062977,0.002043467849424463,0.002129868173389826
2023-07-11 04:00:00,0.006368489589865467,0.005877423217668776,0.006535700945924372
2023-07-12 04:00:00,0.008046023914814349,0.009280031634221687,0.008896552757986688
2023-07-13 04:00:00,0.007936871259026868,0.008967205435105496,0.009321985603813521
2023-07-14 04:00:00,-0.0006227474467880301,-0.002729166323043209,-0.002812554089758834
2023-07-17 04:00:00,0.0034721657258500738,0.002280685324839604,0.0014276154866388886
2023-07-18 04:00:00,0.007430505525423348,0.00627395598124516,0.007142006352945707
2023-07-19 04:00:00,0.0022237546446737255,0.005852957466053698,0.005270415097893233
2023-07-20 04:00:00,-0.0066344492134864375,-0.008837403323756243,-0.007330210403904323
2023-07-21 04:00:00,0.0,0.000118067944988276,0.0006311268177393137
2023-07-24 04:00:00,0.004467279000067492,0.0012255072798147636,0.0033741891215052005
2023-07-25 04:00:00,0.0027301338260903307,0.0008882564083474876,0.0014427671140446075
2023-07-26 04:00:00,0.00015359036149908967,0.0004876298930331924,-9.88466648885189e-05
2023-07-27 04:00:00,-0.006630003406138729,-0.011759217260628608,-0.010058916355447922
2023-07-28 04:00:00,0.009790460674269141,0.007928570546169134,0.008028999685858195
2023-07-31 04:00:00,0.001903937396877886,0.0021042459446922734,0.0022706121939419562
2023-08-01 04:00:00,-0.0028614572996689125,-0.008271651212092635,-0.00715970403804953
2023-08-02 04:00:00,-0.013910918160082164,-0.012626160006651354,-0.013063392824183374
2023-08-03 04:00:00,-0.0028657709805249842,-0.010947936424465543,-0.007689611356496906
2023-08-04 04:00:00,-0.004522845931969499,0.004371183345342544,0.00276383417263173
2023-08-07 04:00:00,0.008728613141826047,0.0013005474910307672,0.00232558835633645
2023-08-08 04:00:00,-0.004348738576381628,0.0020360520622036307,0.0007520854574475596
2023-08-09 04:00:00,-0.006685220613193099,-0.0019426940009498843,-0.0017639356780056788
2023-08-10 04:00:00,0.0003589579192881942,-0.006369674446558449,-0.005251863341461349
2023-08-11 04:00:00,-0.000583185640786632,-0.0012704249820316928,-0.0012037683129578424
2023-08-14 04:00:00,0.0055201992741453765,0.002431323639757421,0.0021603222646178312
2023-08-15 04:00:00,-0.011648990493484335,-0.009427411809382336,-0.010010826405566931
2023-08-16 04:00:00,-0.007338212526570076,-0.007532522455677992,-0.00716644580323975
2023-08-17 04:00:00,-0.007619872862359989,-0.006276973825474474,-0.0055998701133213365
2023-08-18 04:00:00,0.0004812845733705995,0.0017013843363076209,0.0020571572051979233
2023-08-21 04:00:00,0.006506415749087724,-0.0014282206382266963,-0.00034365531988790366
2023-08-22 04:00:00,-0.002708728167925667,0.001444246110695069,0.0007183811657512693
2023-08-23 04:00:00,0.011137762006980578,0.01659370052525229,0.014323418797223519
2023-08-24 04:00:00,-0.013858996552035818,-0.010953012905657311,-0.010210803790399469
2023-08-25 04:00:00,0.007049818752843828,0.005536323527965292,0.006202683997618651
2023-08-28 04:00:00,0.006341299323236127,0.004224846621702616,0.003955965237403114
2023-08-29 04:00:00,0.014454710644251412,0.012827298263649256,0.012157976388571122
2023-08-30 04:00:00,0.004118914956268815,0.0020560361377278897,0.0022825249651149955
2023-08-31 04:00:00,-0.0014634498389939354,0.0009097232056509919,0.0008710982653111986
2023-09-01 04:00:00,0.0018651750863321048,-0.005112331539885195,-0.002375128010964367
2023-09-05 04:00:00,-0.00432183474577752,-0.00820209796070317,-0.006317532584289642
2023-09-06 04:00:00,-0.006722467457818904,-0.003049569764515891,-0.003055560027105763
2023-09-07 04:00:00,-0.0030702427390584264,-0.0007329419743444586,-0.0012097478071187884
2023-09-08 04:00:00,0.0015060977017755661,0.0024355090682767868,0.002252450189749755
2023-09-11 04:00:00,0.006576607383512734,0.0010637311190761166,0.0023828650551192434
2023-09-12 04:00:00,-0.00548552145126191,-0.0009859428685571989,-0.0012052942549491963
2023-09-13 04:00:00,0.0011659501027332375,0.0006146978962966009,0.0009521250181733886
2023-09-14 04:00:00,0.00862227318837383,0.002286271263230599,0.003835484357452989
2023-09-15 04:00:00,-0.012048297297493904,-0.009666697978657202,-0.009291739378531215
2023-09-18 04:00:00,0.0005864480017994111,0.002632399542050923,0.0020231021531416983
2023-09-19 04:00:00,-0.002073695128808839,-0.004196279606932118,-0.0033799038776878843
2023-09-20 04:00:00,-0.00919331957690106,-0.00426609048640636,-0.005400804964497175
2023-09-21 04:00:00,-0.016528317467389364,-0.020186616026121262,-0.017935044178081762
2023-09-22 04:00:00,-0.0022486247971477136,0.0018700830304256625,0.0011444751993223924
2023-09-25 04:00:00,0.00420508353777338,-0.0073204754241892565,-0.0053344664125612225
2023-09-26 04:00:00,-0.01469117627188632,-0.010205135745877647,-0.009976806295736195
2023-09-27 04:00:00,0.0003991572135317867,-0.0018309851846339598,-0.0007560407833513414
2023-09-28 04:00:00,0.005797482967047296,0.004699996260206296,0.0042758437717419825
2023-09-29 04:00:00,-0.0024270098210257274,-0.0014109994161385585,-0.0024924427875657853
2023-10-02 04:00:00,-0.0003975897818030427,-0.006934655508786247,-0.006021848848470046
2023-10-03 04:00:00,-0.013386241963294965,-0.016636385640823526,-0.014929317138908937
2023-10-04 04:00:00,0.007281997910619564,0.010012385137267588,0.00580353141069212
2023-10-05 04:00:00,-0.00037671753992429835,-0.0022199730612062485,-0.0023055414689585273
2023-10-06 04:00:00,0.011872664830176127,0.0022767492294677883,0.0038661353227098737
2023-10-09 04:00:00,0.006402346291606298,0.013229269705292035,0.012972598851340144
2023-10-10 04:00:00,0.005204781094568567,0.002569836127623715,0.002462397960230145
2023-10-11 04:00:00,0.004096280585898837,0.010812101830245124,0.008148806125317477
2023-10-12 04:00:00,-0.00609639816253138,-0.01450880718759724,-0.011837357139833415
2023-10-13 04:00:00,-0.0049809729065020125,0.004168302472372387,0.005022619178883847
2023-10-16 04:00:00,0.010521617363397295,-0.00012466831566522278,0.0011628149578793317
2023-10-17 04:00:00,-4.5941725441589476e-05,-0.004435938462310695,-0.0030512453496474687
2023-10-18 04:00:00,-0.013325224750333375,-0.011514186100395007,-0.009748769305240945
2023-10-19 04:00:00,-0.008786277744176396,-0.013461153277324667,-0.010376287157978923
2023-10-20 04:00:00,-0.012288111694094717,-0.0051016012724927505,-0.006419813485848858
2023-10-23 04:00:00,-0.0017331623305677502,0.0037656881683590937,0.0019276041304429501
2023-10-24 04:00:00,0.00753941521290602,0.009794254143885484,0.007395309652038274
2023-10-25 04:00:00,-0.014352220762665402,-0.01751588490272087,-0.014561004794970378
2023-10-26 04:00:00,-0.011974631305702643,-0.0010493317991518087,-0.003427253284983123
2023-10-27 04:00:00,-0.004532675832127131,-0.004419083034318793,-0.002656547107951512
2023-10-30 04:00:00,0.01195567133655051,0.005371742278682267,0.004222157060878039
2023-10-31 04:00:00,0.006280364014207729,0.0018156659006230754,0.0019379518380476023
2023-11-01 04:00:00,0.010664628072578841,0.015071637189355204,0.013066618164151443
2023-11-02 04:00:00,0.019164513846456677,0.020617360170334952,0.0193967610316669
2023-11-03 04:00:00,0.0091233332694316,0.008185374558941439,0.006983552697433003
2023-11-06 05:00:00,0.0023003920352853147,-0.002499705412819875,-0.0011245404147713798
2023-11-07 05:00:00,0.0028461353693269853,0.007607505034269791,0.003993722298566949
2023-11-08 05:00:00,0.0007322768521034195,0.007253061684819828,0.004436249094000909
2023-11-09 05:00:00,-0.007798678873552567,-0.013879707967776,-0.011829796353377952
2023-11-10 05:00:00,0.015604877727509958,0.011602973074289747,0.011544634726210057
2023-11-13 05:00:00,-0.0009532018918092522,-0.0014811309847442278,0.0002020774702007123
2023-11-14 05:00:00,0.01940071592589887,0.020707493726361603,0.018276719754745017
2023-11-15 05:00:00,0.0021170203185669756,-0.004343637277405233,-0.003597248545251908
2023-11-16 05:00:00,0.0012231202616919123,0.005704587808858675,0.0020642176316595924
2023-11-17 05:00:00,0.0012438032133850196,0.0026208435599448963,0.0035922754149007472
2023-11-20 05:00:00,0.007697751328279434,0.007062014573506659,0.007703772102993245
2023-11-21 05:00:00,-0.002179515430377532,-0.001484191176766525,-0.0008627423987275005
2023-11-22 05:00:00,0.0038608597009235357,0.0037300344779268805,0.002515637753596667
2023-11-24 05:00:00,0.0006153203236707316,-0.004340899556048373,-0.0038250698925833106
2023-11-27 05:00:00,-0.0018009654250499274,0.005600976683214221,0.0032644687382646365
2023-11-28 05:00:00,0.0009900209617765832,0.0013826499505048772,0.0024009263368225398
2023-11-29 05:00:00,-0.0007033032684414797,0.0046064159580082595,0.004053243336682843
2023-11-30 05:00:00,0.0039374024291469745,-0.002258120958532572,-0.0027888308286963424
2023-12-01 05:00:00,0.005916031335228222,0.011083256821123122,0.008739782535622843
2023-12-04 05:00:00,-0.005249431969810092,-0.0047412296529334205,-0.005015604265629803
2023-12-05 05:00:00,-0.00019711475426964498,0.008476058897639494,0.005439152589939922
2023-12-06 05:00:00,-0.004029786906304289,0.002909257646240904,-0.0008552965867104968
2023-12-07 05:00:00,0.007630343209748425,0.0022833609854445935,0.0030320379817945107
2023-12-08 05:00:00,0.004299201747144377,-0.0006936043611926127,0.0005613607068022388
2023-12-11 05:00:00,0.0038895068124193966,0.0014874978729662479,0.0013512289412152653
2023-12-12 05:00:00,0.0045672645774959,0.003927502119890169,0.0021036570718645947
2023-12-13 05:00:00,0.013790099089211694,0.017658940833556347,0.016464692923614986
2023-12-14 05:00:00,0.003209417423202021,0.012330864850799062,0.011394039681951362
2023-12-15 05:00:00,-0.0016465391578902588,-0.0005435799905792792,-0.0004823197448375671
2023-12-18 05:00:00,0.005625203266713008,0.00018797437503419428,0.0017022265689746073
2023-12-19 05:00:00,0.006080736984819035,0.0058037631575798,0.00602658333309547
2023-12-20 05:00:00,-0.013857245040514887,-0.005604292812409349,-0.007437868470201824
2023-12-21 05:00:00,0.009481977024365706,0.0031580713988173855,0.003970783107152064
2023-12-22 05:00:00,0.002009558634741282,-0.000613750864010454,-0.0003384891798228761
2023-12-26 05:00:00,0.004222463912075813,0.003670830543343673,0.004376142703063834
2023-12-27 05:00:00,0.0018082079346424251,0.008172747468428377,0.005955358172977042
2023-12-28 05:00:00,0.00037775002477435926,-0.0026784821919446423,-0.0028023106228848072
2023-12-29 05:00:00,-0.0028949024708879723,-0.0053449138110946755,-0.004984434267776715
2024-01-02 05:00:00,-0.005596406341431548,-0.005663637451098769,-0.005903886561337867
2024-01-03 05:00:00,-0.008166581834501252,-0.0032318697029771527,-0.0023680208319039496
2024-01-04 05:00:00,-0.003221191555365599,-0.008010401935131894,-0.0070329735552249854
2024-01-05 05:00:00,0.0013695221623137854,-0.003004751912380366,-0.0015486009086163825
2024-01-08 05:00:00,0.014276040837532644,0.012512075491696617,0.010079465848054891
2024-01-09 05:00:00,-0.0015170151404344523,-0.003460569902744304,-0.002089378085668181
2024-01-10 05:00:00,0.005655396875571261,0.0015301824708877198,0.0013132028949341514
2024-01-11 05:00:00,-0.00044064024666934376,0.0019816539330254957,0.002153419344516139
2024-01-12 05:00:00,0.0006927305439681231,-0.00037007893394553905,0.00019031895668583106
2024-01-16 05:00:00,-0.003671187072697979,-0.009247882427708111,-0.008347867477029914
2024-01-17 05:00:00,-0.00555874320951788,-0.003968065125021524,-0.0039470409583575615
2024-01-18 05:00:00,0.00889281314630641,0.0016175224091729218,0.0031880846043238482
2024-01-19 05:00:00,0.012466077528639152,0.008759041678506163,0.00825721332468834
2024-01-22 05:00:00,0.002114424192295239,0.0036494197707400925,0.003464438421624094
2024-01-23 05:00:00,0.002916521179126219,-0.001419689899536536,-8.258023407058395e-05
2024-01-24 05:00:00,0.0010930948114631356,-0.0016870838358213017,-0.0002435612341972201
2024-01-25 05:00:00,0.0054389542281536585,0.005877116749106648,0.00598464918619197
2024-01-26 05:00:00,-0.0012704752559132837,-0.0015284909258626688,-0.0008926931741265907
2024-01-29 05:00:00,0.007919405851761763,0.009358128789554866,0.00736616253611143
2024-01-30 05:00:00,-0.0007733499126042487,0.0031623943728772866,0.0029248517033784393
2024-01-31 05:00:00,-0.016317386517077814,-0.005862276589255532,-0.00790767768812728
2024-02-01 05:00:00,0.013088157742291884,0.015699365595455636,0.01252861125390292
2024-02-02 05:00:00,0.010527325128161236,-0.00251918796582813,-0.001443568054701338
2024-02-05 05:00:00,-0.0036411786690189185,-0.010262152522585043,-0.007830145641536224
2024-02-06 05:00:00,0.0029033349273559494,0.005651566439715339,0.005039482732631595
2024-02-07 05:00:00,0.008340404110168675,0.003068328094700723,0.004007265044844188
2024-02-08 05:00:00,0.0004415499161727343,-0.0020608572430928177,-0.000935925487515532
2024-02-09 05:00:00,0.005779535723118512,0.0026595596803598905,0.003131864346222157
2024-02-12 05:00:00,-0.00043900604937352483,0.0002052865910068924,0.00013303666396935476
2024-02-13 05:00:00,-0.013772966648477047,-0.015117589867467963,-0.013987887986780134
2024-02-14 05:00:00,0.009087540730889465,0.007488220641476318,0.006030789431653594
2024-02-15 05:00:00,0.006899762729903225,0.006208389163073447,0.005919258853874743
2024-02-16 05:00:00,-0.004979936790690087,-0.005303092227506866,-0.004496825786299252
2024-02-20 05:00:00,-0.005505327966968454,-0.002958188592701494,-0.0035891590804145394
2024-02-21 05:00:00,0.0009058783573447915,-0.0023001043886239363,-0.0011784248717840893
2024-02-22 05:00:00,0.020695398132963172,0.01436991288264573,0.0141544750187238
2024-02-23 05:00:00,0.0006896478630404879,0.005768453431759913,0.0029791926595566847
2024-02-26 05:00:00,-0.003662491647046129,-0.0033906028092647086,-0.0021723544706246265
2024-02-27 05:00:00,0.001857692750301121,-0.0017062277924387195,-0.00022618430134939698
2024-02-28 05:00:00,-0.001321563564598005,0.001746582676675601,0.0007046559035334243
2024-02-29 05:00:00,0.003594989437529561,0.004979984522726832,0.00413799063953909
2024-03-01 05:00:00,0.009388063853778439,0.008125210932886828,0.008002343448773862
2024-03-04 05:00:00,-0.001072218070033104,-0.0022523902295648046,-0.0015333809582910307
2024-03-05 05:00:00,-0.009994222340101833,-0.0002998640765649926,-0.0024908350325385962
2024-03-06 05:00:00,0.00506722667469206,0.005387639922780041,0.005618996413687882
2024-03-07 05:00:00,0.009926369838117344,0.0055808071443840925,0.00594507814557802
2024-03-08 05:00:00,-0.006002189484037634,-0.004310351182589444,-0.004447842324521445
2024-03-11 04:00:00,-0.0008598396579316825,-0.0007248574031030186,0.00018440397761182459
2024-03-12 04:00:00,0.010757306394357347,0.003109899387071735,0.0036776716150715436
2024-03-13 04:00:00,-0.001567412725755002,-0.0028797769139905947,-0.0010048037549260315
2024-03-14 04:00:00,-0.0019767967601285186,-0.007328821687569454,-0.005483535981479093
2024-03-15 04:00:00,-0.00686654192276781,-0.004249026402315169,-0.003864016128248126
2024-03-18 04:00:00,0.0059431686977420295,0.0023609126352340136,0.0035848196321615067
2024-03-19 04:00:00,0.005557133649672252,0.00445663793676534,0.004132514422606881
2024-03-20 04:00:00,0.009249231683992498,0.00542043978842206,0.00519139636692838
2024-03-21 04:00:00,0.003304632529139484,0.0028438976302817224,0.0024976166579375294
2024-03-22 04:00:00,-0.001895761702485399,0.002686848747441961,0.0010311633005736895
2024-03-25 04:00:00,-0.0027627633806510676,-0.00365807166701555,-0.0023213327926373986
2024-03-26 04:00:00,-0.0018470448901183323,3.964265500822246e-06,-0.0010601103372241184
2024-03-27 04:00:00,0.00840372693238467,0.009009415577954316,0.007929594517656924
2024-03-28 04:00:00,-0.00019092298271750074,-0.00045248777361650566,0.0008214147810073236
2024-04-01 04:00:00,-0.0017399718877186832,-0.008500436377948794,-0.006157430132331265
2024-04-02 04:00:00,-0.006358020585772284,-0.006019019275733983,-0.004558091169868217
2024-04-03 04:00:00,0.0010986167787454537,0.0005721719283205307,0.0017961541311833696
2024-04-04 04:00:00,-0.012206088098995038,-0.0044546077862481544,-0.004917305035618802
2024-04-05 04:00:00,0.010446804601187631,0.0007004705238234255,0.0026002000661866967
2024-04-08 04:00:00,0.000559364227412873,0.00029193685133437335,0.00026075294832809124
2024-04-09 04:00:00,0.0011565671183952908,0.0044145700949764334,0.002936817117489465
2024-04-10 04:00:00,-0.010012882590733407,-0.014725046278882803,-0.012037460445095316
2024-04-11 04:00:00,0.007546868223717862,0.0027103507113352076,0.0029962252766860373
2024-04-12 04:00:00,-0.013803185666271145,-0.00614406503588538,-0.006551893735387914
2024-04-15 04:00:00,-0.012528033068295308,-0.01371907788216591,-0.012042031881015646
2024-04-16 04:00:00,-0.0018237875514618418,-0.003749151568874942,-0.003253857850921915
2024-04-17 04:00:00,-0.005918218881662218,0.0008884864179896207,-0.0017818913225478464
2024-04-18 04:00:00,-0.0020577898900607794,-0.0032507722811654155,-0.0027895916427533307
2024-04-19 04:00:00,-0.008728316588987761,-0.0037961352037442437,-0.0036848456524479767
2024-04-22 04:00:00,0.009209120574001473,0.004852484230763343,0.005020731259172728
2024-04-23 04:00:00,0.011866605171472866,0.007254750370805496,0.0076476740489745286
2024-04-24 04:00:00,-0.00047454778931144137,-0.0031152373324898398,-0.002535058796376799
2024-04-25 04:00:00,-0.003798924929164893,-0.005084764319972268,-0.0038304592661039362
2024-04-26 04:00:00,0.009473902357760577,0.00778048275128298,0.007341056690692759
2024-04-29 04:00:00,0.003541414188253267,0.0054793249651995165,0.004556168105344639
2024-04-30 04:00:00,-0.01584122251844633,-0.012921191021070077,-0.013336110325896686
2024-05-01 04:00:00,-0.0032471881788588286,0.0009999623563456742,-0.0011938273982035064
2024-05-02 04:00:00,0.009353477911816732,0.007328552224234386,0.007247263213893839
2024-05-03 04:00:00,0.01239536499449212,0.011484903919859856,0.010602971455649346
2024-05-06 04:00:00,0.010326655169909715,0.0077543175965308015,0.008489783360322533
2024-05-07 04:00:00,0.0011036256640795106,0.0031014471097589704,0.002406051287652111
2024-05-08 04:00:00,9.663485834554564e-05,-0.00236650584140552,-0.0022743090973094348
2024-05-09 04:00:00,0.005761726167010872,0.005408445754439528,0.005308023603813839
2024-05-10 04:00:00,0.0012881316762685113,-0.0014779909165377973,-0.0010867872980484306
2024-05-13 04:00:00,0.00013443548081548684,0.0011015046665365346,0.001490618212315842
2024-05-14 04:00:00,0.0045880863443341635,0.005010660669217648,0.004019397015633752
2024-05-15 04:00:00,0.01238307980169906,0.012888830227192515,0.011866992040696167
2024-05-16 04:00:00,-0.002057589921140024,-0.0016254095855554817,-0.0012714006582614124
2024-05-17 04:00:00,0.0014374920910811273,-0.0018328626713206568,-0.00013643733590458225
2024-05-20 04:00:00,0.0011522056069923625,-0.0004903530180318861,0.0006907748850098927
2024-05-21 04:00:00,0.0024525591543151926,0.003534727046438313,0.002600860921134007
2024-05-22 04:00:00,-0.0028793122506064472,-0.0012473270049581542,-0.002794767188141767
2024-05-23 04:00:00,-0.007304266739596721,-0.00695602104952513,-0.0068237177056533205
2024-05-24 04:00:00,0.006616508410163702,0.005155248995874962,0.005543847011898561
2024-05-28 04:00:00,0.0006988262568832226,-0.0053150551759748145,-0.002095748900452266
2024-05-29 04:00:00,-0.00700268261209569,-0.009042303078811997,-0.008876418388505801
2024-05-30 04:00:00,-0.00663353327065519,-0.00011401348227735308,-0.002389106280462505
2024-05-31 04:00:00,0.009108085296561041,0.008180775565676379,0.007031308479614506
2024-06-03 04:00:00,0.0008153053239223773,0.006958957045843661,0.003923374587517835
2024-06-04 04:00:00,0.001118005187666915,0.00534330285240876,0.0031725666214194375
2024-06-05 04:00:00,0.011885127465900425,0.010066131843511083,0.009684637010536502
2024-06-06 04:00:00,-1.889155106860052e-05,-0.0006110933686068965,0.0008552110171709649
2024-06-07 04:00:00,-0.00121572926263247,-0.008067663700021122,-0.007662292393554981
2024-06-10 04:00:00,0.0030897844926982554,-0.0008128618384730672,0.0013037283821189184
2024-06-11 04:00:00,0.0024084120171274925,0.0055818557642019154,0.004417730148804621
2024-06-12 04:00:00,0.008213005622847325,0.007933452838407674,0.007528953799198312
2024-06-13 04:00:00,0.002013577104811759,0.007087915325257032,0.005704401559421956
2024-06-14 04:00:00,0.0006082729954950405,0.0037309955934917926,0.0025008952501113565
2024-06-17 04:00:00,0.00795891438041485,0.0008037155508913152,0.002143386776332701
2024-06-18 04:00:00,0.002540851351021667,0.0051945393318973306,0.0050977662250640595
2024-06-20 04:00:00,-0.0027166348013217823,-0.004294051189589587,-0.003413804972523438
2024-06-21 04:00:00,-0.0013405881558392618,-0.0008043528935035571,-0.0016166655023156396
2024-06-24 04:00:00,-0.003250904493808715,-0.0003329513466238329,8.1615982079053e-05
2024-06-25 04:00:00,0.003851010881768202,0.0029890956180827375,0.0018789036553064295
2024-06-26 04:00:00,0.0012481745646617526,-0.004965437628811387,-0.003364218859286416
2024-06-27 04:00:00,0.0015763310632463945,0.0025346832918814234,0.0026544780834955486
2024-06-28 04:00:00,-0.003934966637015758,-0.009803255236966745,-0.008371318447878516
2024-07-01 04:00:00,0.0020579935995610477,-0.005668781466962481,-0.002651446557078819
2024-07-02 04:00:00,0.006729873288926491,0.007152148438250627,0.006501086287577351
2024-07-03 04:00:00,0.004462363278640913,0.007930717893189821,0.007169172103400223
2024-07-05 04:00:00,0.00576665664759668,0.00677154487359175,0.006323573359844347
2024-07-08 04:00:00,0.0011538228379379678,0.0015565673077400088,-5.174570399191355e-06
2024-07-09 04:00:00,0.0009724055307132051,-0.001184582395612033,-0.0014245992452860622
2024-07-10 04:00:00,0.009895415885442738,0.007193423884050264,0.006879380295854109
2024-07-11 04:00:00,-0.008622601497454196,-0.001287547053456039,-0.0019156926689316786
2024-07-12 04:00:00,0.006307564610181116,0.005495011219094304,0.004682448408781769
2024-07-15 04:00:00,0.0027501770468092435,-0.0029486618768037156,-0.002528898420003622
2024-07-16 04:00:00,0.005930088945246714,0.009201054257055176,0.007530794244888217
2024-07-17 04:00:00,-0.014021165651191936,-0.008327756619211079,-0.008348992312087099
2024-07-18 04:00:00,-0.007684973553924501,-0.007668587788328084,-0.007641395706250907
2024-07-19 04:00:00,-0.006640511709623098,-0.006338059920109496,-0.007103921877231412
2024-07-22 04:00:00,0.010309807041212204,0.005023571777346003,0.005579865828091568
2024-07-23 04:00:00,-0.0015685075770300871,-0.0015023084235012752,-0.002289566961887868
2024-07-24 04:00:00,-0.022662483843334247,-0.017920974339849717,-0.016884694743133376
2024-07-25 04:00:00,-0.005210440355988721,0.00015169968057331422,-0.00044477182276461143
2024-07-26 04:00:00,0.011199683439026886,0.009841145090455816,0.00803722864362738
2024-07-29 04:00:00,0.0005878910874113075,0.0025035331759995397,0.001516184616225857
2024-07-30 04:00:00,-0.005066355012665835,-0.0014995118069293543,-0.002200759286890486
2024-07-31 04:00:00,0.016254345324341557,0.013844111382288027,0.015132079067349946
2024-08-01 04:00:00,-0.014160823774459486,-0.00504647354388239,-0.007104737239154457
2024-08-02 04:00:00,-0.01861849639663793,0.0012934723702110029,-0.003660416763081442
2024-08-05 04:00:00,-0.029123689157293686,-0.015357779376471915,-0.01606952277163517
2024-08-06 04:00:00,0.009219582168855656,-0.0034156379972656754,-0.002002213564689936
2024-08-07 04:00:00,-0.006683943787503033,-0.006826344231326109,-0.005199841948123762
2024-08-08 04:00:00,0.02311738240897121,0.011409722308778658,0.012938974469835562
2024-08-09 04:00:00,0.004409571804225854,0.00659031817391198,0.006192938798147285
2024-08-12 04:00:00,0.0005254262704272872,0.0017696526663741443,0.0028018274530409396
2024-08-13 04:00:00,0.016445620250804094,0.012641387984228824,0.011015372730212213
2024-08-14 04:00:00,0.0031548435993309365,0.00440121592192102,0.003146621842761543
2024-08-15 04:00:00,0.017140195621797805,0.00705601332951571,0.008674947957970714
2024-08-16 04:00:00,0.0022420534476683684,0.002745808945897199,0.0017692619013860212
2024-08-19 04:00:00,0.009561453343599036,0.00758419447291634,0.006582069366228504
2024-08-20 04:00:00,-0.0016261273192610393,0.002211522496997587,0.0010072982775679916
2024-08-21 04:00:00,0.0034364257345704807,0.002305147630938897,0.001744326282587238
2024-08-22 04:00:00,-0.007848486746525829,-0.008679588885178769,-0.007778319071907834
2024-08-23 04:00:00,0.010625310346707773,0.008994159623438103,0.010122669539732308
2024-08-26 04:00:00,-0.0023837003542713786,-0.002446656471519737,-0.0011593083005644875
2024-08-27 04:00:00,0.0013730160726774798,0.00013102525739641093,-0.0001848832649066546
2024-08-28 04:00:00,-0.005805265621835476,-0.003973187007372791,-0.005057115385422384
2024-08-29 04:00:00,8.961235808957468e-05,-0.0012542976008741659,0.0002034411398188162
2024-08-30 04:00:00,0.009545921995703255,0.0014621680897010762,0.001410434263021798
2024-09-03 04:00:00,-0.02057895844636992,-0.005805310451762467,-0.009430869627692573
2024-09-04 04:00:00,-0.002046930695922655,0.00392795429395989,0.0019005754895252357
2024-09-05 04:00:00,-0.0024320709388617745,0.0008030863152839855,0.000469948934518305
2024-09-06 04:00:00,-0.01683023093268321,-0.010138255788889139,-0.011473299304802408
2024-09-09 04:00:00,0.011196186821106346,0.008445247583378324,0.00829544485047544
2024-09-10 04:00:00,0.0043557519299466385,0.005413801156950537,0.00326036476623196
2024-09-11 04:00:00,0.010259092800345426,0.00583763512095139,0.00682098100425862
2024-09-12 04:00:00,0.008423211299283695,0.0031852866779550123,0.005585503143476067
2024-09-13 04:00:00,0.0052227427586593045,0.0042121733524068,0.004127560786886697
2024-09-16 04:00:00,0.0014770816793987507,0.004551183077391751,0.004373631472827299
2024-09-17 04:00:00,0.00040833957952290945,-0.0016892961733490086,-0.000518284272697167
2024-09-18 04:00:00,-0.0029658209827364557,-0.006737835033005735,-0.0061354773092860745
2024-09-19 04:00:00,0.017064510900899554,0.008913305910528236,0.011031196159488178
2024-09-20 04:00:00,-0.0017286081879492876,-0.0025685124238010284,-0.0021856755460431644
2024-09-23 04:00:00,0.0024987790688735245,0.0006498074078161941,0.0009071759113244316
2024-09-24 04:00:00,0.0028612616046035377,0.0016356916918566446,0.0033203663270842455
2024-09-25 04:00:00,-0.0022055195904171487,-0.004648156588967112,-0.0046576438383672085
2024-09-26 04:00:00,0.003964710640578684,0.003319164668865415,0.002191613504416612
2024-09-27 04:00:00,-0.0014503104645270382,0.0012100863634542547,0.0011852889313044511
2024-09-30 04:00:00,0.004007157132406736,0.0004970795636346278,0.0007498738873235931
2024-10-01 04:00:00,-0.008958440017425073,-0.002487112624939391,-0.0014578673556678633
2024-10-02 04:00:00,0.00042202189348894414,-0.0031176714826620434,-0.0014364596002849892
2024-10-03 04:00:00,-0.0018280990057641944,-0.004864984663619021,-0.0024787570593829966
2024-10-04 04:00:00,0.009087290320370034,0.0005319211914807985,0.00202088145744429
2024-10-07 04:00:00,-0.00904038305219601,-0.00843835395337822,-0.006307890559059014
2024-10-08 04:00:00,0.009457535807176232,0.006349457982307882,0.003846257835694044
2024-10-09 04:00:00,0.006926514839335152,0.0018819207644412022,0.0015812227895367508
2024-10-10 04:00:00,-0.0017500184384802164,-0.0026169868314633417,-0.0002524131491257629
2024-10-11 04:00:00,0.005988197182801747,0.0019773204086821036,0.0024672114160293355
2024-10-14 04:00:00,0.008178304812447301,0.0052058199976071865,0.0035847179098570043
2024-10-15 04:00:00,-0.007769674168455198,0.00020118481938360445,-0.0029342946800670735
2024-10-16 04:00:00,0.004346414969082613,0.004293630961316807,0.0036052782558458336
2024-10-17 04:00:00,8.597539188492931e-05,-0.006285529127346523,-0.004567435149347065
2024-10-18 04:00:00,0.0038464296574280965,0.0026062378502150095,0.0019971243441798793
2024-10-21 04:00:00,-0.0016421837079351187,-0.007973641458027526,-0.005913076722633171
2024-10-22 04:00:00,-0.0005311320001563091,7.161347895421336e-05,0.0017151099207320054
2024-10-23 04:00:00,-0.00913749969329225,-0.006565733844947408,-0.006865356453023574
2024-10-24 04:00:00,0.002162732690741853,0.0038610320853895265,0.003176054323833266
2024-10-25 04:00:00,-0.0003453974268586846,-0.0024520468988362466,-0.001184449592314507
2024-10-28 04:00:00,0.003091567186586097,0.000769590231258288,-0.0016333240348551216
2024-10-29 04:00:00,0.0016183584206801438,0.0015805325659721259,0.0012479676809844297
2024-10-30 04:00:00,-0.003025192542508992,-0.0006416930733243341,0.00032848915210095244
2024-10-31 04:00:00,-0.019603293637058927,-0.011111887863425228,-0.010605966399656941
2024-11-01 04:00:00,0.004220615212825463,-0.0031068618250003066,-0.0027594658355951985
2024-11-04 05:00:00,-0.0021538996042558267,0.004916308647466306,0.005064369510246314
2024-11-05 05:00:00,0.012091723159443069,0.009379672724330889,0.009464443648310783
2024-11-06 05:00:00,0.024865656308564077,0.0039640571804736326,0.005609753397007443
2024-11-07 05:00:00,0.00773196794917097,0.009650241434329266,0.009414280419292464
2024-11-08 05:00:00,0.004331908088898384,0.007679615201946799,0.004877766841456632
2024-11-11 05:00:00,0.0009528203232980204,-0.0013744180768615168,-0.0024879009208260915
2024-11-12 05:00:00,-0.0031064722137856826,-0.007861224457024996,-0.006903882545407825
2024-11-13 05:00:00,0.00048589972154977623,-0.0035029515551317837,-0.002872223858550682
2024-11-14 05:00:00,-0.006430245988008787,-0.001541893668494376,-0.0022120807496383674
2024-11-15 05:00:00,-0.012808599158408374,-0.008748014687962557,-0.008983895184176204
2024-11-18 05:00:00,0.004097329315584597,0.003168867470089731,0.005282722264291317
2024-11-19 05:00:00,0.0036556405751346777,0.004232350229235359,0.004036231160211589
2024-11-20 05:00:00,0.00033871601753099334,-0.001075710268556529,-0.0008006371004253498
2024-11-21 05:00:00,0.005368410206432417,0.002911374649451037,0.003703728474200985
2024-11-22 05:00:00,0.0030993957655054416,0.0020810180882834036,0.0021143928751878424
2024-11-25 05:00:00,0.003392069412048837,0.01239043901388497,0.00838320393849956
2024-11-26 05:00:00,0.005221569324431297,0.0015800412849575891,0.0019682663623828865
2024-11-27 05:00:00,-0.0030302655195890704,0.0009532652132668408,-0.0002791565592893731
2024-11-29 05:00:00,0.006212115192164802,0.007855835887003781,0.006914098698135284
2024-12-02 05:00:00,0.001792415995988783,0.0020364833180067875,0.001073557680181403
2024-12-03 05:00:00,0.000463853790493296,-0.0031732060372070773,-0.0011729258418102127
2024-12-04 05:00:00,0.006209414297781324,0.008023944318537923,0.006409552685786335
2024-12-05 05:00:00,-0.001645503085190847,-0.00017931774422119684,-0.0005169959607057128
2024-12-06 05:00:00,0.001895682417583977,0.0017315155954745975,0.0008130598744436998
2024-12-09 05:00:00,-0.005149668320054368,-0.006776509945986909,-0.004896359167464781
2024-12-10 05:00:00,-0.003109053255268557,-0.003747473033122284,-0.0030509280310528574
2024-12-11 05:00:00,0.0077305767076008,0.0008566428731440643,0.003065036580809255
2024-12-12 05:00:00,-0.005152533493864686,-0.007950465305597865,-0.0071366109342755335
2024-12-13 05:00:00,-0.00019869600874267146,-0.0042035980330146,-0.003227233932136397
2024-12-16 05:00:00,0.004269941871405392,0.0037599939933691488,0.002923576705688746
2024-12-17 05:00:00,-0.004119859977654072,-0.0014986328857309107,-0.002416721112018716
2024-12-18 05:00:00,-0.029803607053334735,-0.02288386696995546,-0.022539237006719646
2024-12-19 05:00:00,-0.00030722001920469033,-0.006240901982416337,-0.004726759489692956
2024-12-20 05:00:00,0.012011268830144806,0.009484357398796694,0.009554816832508783
2024-12-23 05:00:00,0.005988309185869456,-7.588377576244225e-05,0.0009178694490365235
2024-12-24 05:00:00,0.011114800849650663,0.008360381535333073,0.008511119541131817
2024-12-26 05:00:00,6.67532679061722e-05,-0.00018760325176510052,-0.0004158696723442379
2024-12-27 05:00:00,-0.010526698446631899,-0.009595411758684502,-0.008298916403594248
2024-12-30 05:00:00,-0.01141156050983183,-0.0036323245549329418,-0.0035346421561243345
2024-12-31 05:00:00,-0.0036381154824253192,-0.004324081462578611,-0.0032716262792613303
2025-01-02 05:00:00,-0.0024568846664497768,-0.0003747683602373763,0.0003326212353790493
2025-01-03 05:00:00,0.0125034288126733,0.00622306262206429,0.006033315056341603
2025-01-06 05:00:00,0.005760520095055899,0.0016691262962622133,0.0023021453814187076
2025-01-07 05:00:00,-0.011304033954420367,-0.01129339760173762,-0.009700966623118711
2025-01-08 05:00:00,0.0014610514954822573,0.0013887197724528288,0.0010756808010237704
2025-01-10 05:00:00,-0.015267591393053226,-0.011810757590262021,-0.008460532376074002
2025-01-13 05:00:00,0.0015505794088459535,0.0007899250627416697,0.0015470458168388769
2025-01-14 05:00:00,0.0013758993292889432,0.00017004166171732385,0.00028911478609433555
2025-01-15 05:00:00,0.018190078010056787,0.01780816678462758,0.017698270496479894
2025-01-16 05:00:00,-0.0019231448361097803,0.00013697485355270724,-0.0006268546953723586
2025-01-17 05:00:00,0.010039954409388763,0.00671337738626363,0.006097957653102871
2025-01-21 05:00:00,0.009153350710418673,0.009070408330629089,0.007686274963308304
2025-01-22 05:00:00,0.005621517783177543,0.0012813450037057806,0.0017147851852866603
2025-01-23 05:00:00,0.005458125317954421,0.00016667317341658707,0.0005856248658878681
2025-01-24 05:00:00,-0.0029194293405332417,4.4885132386962654e-05,-0.0003593284378960782
2025-01-27 05:00:00,-0.014145237712413494,-0.003763437316385309,-0.006471082823309494
2025-01-28 05:00:00,0.008592433334178251,0.004883457323043138,0.0050426631783656245
2025-01-29 05:00:00,-0.004482967817447614,-0.003506125571335472,-0.003119813159265328
2025-01-30 05:00:00,0.005367031374430953,0.004720002967364012,0.004436004297692708
2025-01-31 05:00:00,-0.005321948055076242,-0.005819316396169394,-0.005344517916731951
2025-02-03 05:00:00,-0.006729584890760809,-0.0007809556556902511,-0.0008213711625281613
2025-02-04 05:00:00,0.006708238177630221,0.005249894278461654,0.0052146678332146475
2025-02-05 05:00:00,0.004054643122037183,0.009036907561719643,0.0067552411484690265
2025-02-06 05:00:00,0.003475754900258421,0.0019075134193070387,0.0019973276878609615
2025-02-07 05:00:00,-0.009153604274968252,-0.008074252778811708,-0.007383421375236709
2025-02-10 05:00:00,0.006791197653968517,0.0028648192629358244,0.004616574245677252
2025-02-11 05:00:00,0.000760604563218914,-0.0021054228343764247,-0.000706047048656866
2025-02-12 05:00:00,-0.0032216961546740475,-0.007361038634061234,-0.0071117047687549555
2025-02-13 05:00:00,0.010557574628660582,0.012983712861050201,0.011814262294770629
2025-02-14 05:00:00,-4.911956969233522e-05,0.0020904585137164755,0.0016050575926037647
2025-02-18 05:00:00,0.0029357727546190926,-0.002949655552018627,-0.0003012932004817668
2025-02-19 05:00:00,0.002355093722045787,0.0019123683673093693,0.002578062176045925
2025-02-20 05:00:00,-0.004160518057843232,-0.0009997704917448667,-0.0012431910364459897
2025-02-21 05:00:00,-0.017104038073767036,-0.005428448013504637,-0.00802946147672572
2025-02-24 05:00:00,-0.004550335305200215,-0.0015695877154915602,-0.0022127829087674076
2025-02-25 05:00:00,-0.004973260594429596,0.00391483360799112,0.0010829640158475098
2025-02-26 05:00:00,0.0005048309663189254,0.0026656141367761513,0.001224055363989562
2025-02-27 05:00:00,-0.015961871568624497,-0.01240442242663402,-0.01156209185640725
2025-02-28 05:00:00,0.015605535959651196,0.014269722634532122,0.01227631955085241
2025-03-03 05:00:00,-0.01751996351713747,-0.008645325864422172,-0.009748349042803294
2025-03-04 05:00:00,-0.011836812583395306,-0.012028043788046162,-0.01047633693173976
2025-03-05 05:00:00,0.01074775934465011,0.0032549175892587984,0.0037797545160945015
2025-03-06 05:00:00,-0.017751263083066515,-0.011973771891635687,-0.012145991560818503
2025-03-07 05:00:00,0.0056050174410786635,0.002079877495169224,0.003273829314197474
2025-03-10 04:00:00,-0.026635602001725878,-0.01180874723382914,-0.013489719343025428
2025-03-11 04:00:00,-0.00831278994053608,-0.007843237727231167,-0.006579140931628658
2025-03-12 04:00:00,0.005306540111853719,0.0007944972323513876,0.0013918539410415986
2025-03-13 04:00:00,-0.013330684418813687,-0.004481753516132024,-0.005725711573263459
2025-03-14 04:00:00,0.020655903812958343,0.01027546108100097,0.011354170956998333
2025-03-17 04:00:00,0.007711389808988445,0.006623037159390633,0.006806748463835976
2025-03-18 04:00:00,-0.010808514891609389,-0.0060877733811139255,-0.006413157242824663
2025-03-19 04:00:00,0.010890952446785285,0.008607061146842643,0.008723280495057861
2025-03-20 04:00:00,-0.0028917654588535013,-0.0014718424304132726,-0.0013575447694360143
2025-03-21 04:00:00,0.00032989529509896975,-0.0021694565822398372,-0.0021618669930899667
2025-03-24 04:00:00,0.017908465851977917,0.006643626987399198,0.008030650467075552
2025-03-25 04:00:00,0.002403769329945238,0.0013977859597910313,0.0015440354440485193
2025-03-26 04:00:00,-0.011938136732721816,-0.00979217483121162,-0.009269799851727345
2025-03-27 04:00:00,-0.0026557734513826814,-0.00275979298860205,-0.0021979407289108525
2025-03-28 04:00:00,-0.020138263417040614,-0.00654928203490006,-0.008247164692870533
2025-03-31 04:00:00,0.006712770962271408,0.00797717589743594,0.008386820511940484
2025-04-01 04:00:00,0.002824480385528405,0.005160785395085776,0.004338704049242281
2025-04-02 04:00:00,0.006328429025826754,0.003534803578023604,0.004222309384098166
2025-04-03 04:00:00,-0.04928083493033886,-0.02773106790812787,-0.03220808144179823
2025-04-04 04:00:00,-0.0585430179907348,-0.03077083447247324,-0.03549342850172682
2025-04-07 04:00:00,-0.001781215858176255,-0.013131195453037004,-0.011690761213820698
2025-04-08 04:00:00,-0.015662717811204874,-0.016949023546310626,-0.017292020368667917
2025-04-09 04:00:00,0.10501933848666689,0.06536593147353291,0.06839837630720755
2025-04-10 04:00:00,-0.04381916391528795,-0.037318885360521546,-0.03580665851006987
2025-04-11 04:00:00,0.017842818186459386,0.01288110307370367,0.01379145137790938
2025-04-14 04:00:00,0.00970153513184413,0.008675111457020313,0.008009340559985189
2025-04-15 04:00:00,-0.002800832552786514,-0.00026355151091201874,-0.0008565673423771012
2025-04-16 04:00:00,-0.02222807288371853,-0.011104967637635221,-0.010418326196131566
2025-04-17 04:00:00,0.0014267883196374953,-0.0026768931248386976,-0.0007534508656254046
2025-04-21 04:00:00,-0.023802667972205205,-0.02127349357541357,-0.020367831131937172
2025-04-22 04:00:00,0.026017703599874986,0.01784321284818362,0.017756988606956334
2025-04-23 04:00:00,0.015495424213525677,0.013182464468249043,0.011459632996079093
2025-04-24 04:00:00,0.021049069381725127,0.01684382983851509,0.01668942594663769
2025-04-25 04:00:00,0.007225293730972693,0.007281674274317629,0.0066857672218946
2025-04-28 04:00:00,0.00038138164361289917,0.002748804785534853,0.0015567504215398987
2025-04-29 04:00:00,0.0062992835306834305,0.007133410629551617,0.005023161731496972
2025-04-30 04:00:00,0.0003968426298504024,-0.0029991095378066215,-0.004050495968043388
2025-05-01 04:00:00,0.007086931681547837,0.002223925187226738,0.003217131328150469
2025-05-02 04:00:00,0.014844159530811085,0.004576840128181913,0.006094672084800778
2025-05-05 04:00:00,-0.005734428055191421,-0.0056748592524964,-0.005694342835677079
2025-05-06 04:00:00,-0.008358173536795244,-0.0036851865473474183,-0.002515671287687459
2025-05-07 04:00:00,0.004205441490927608,0.004214066515262261,0.002550310865402394
2025-05-08 04:00:00,0.006967903691105226,-0.00027887737423930564,0.002140999868984461
2025-05-09 04:00:00,-0.0012743496278879718,-0.00016632493764063834,0.00044746514432287833
2025-05-12 04:00:00,0.03304750794730138,0.016106465207663102,0.01769985955210943
2025-05-13 04:00:00,0.00660390698601776,0.002339017627644546,0.004297053964801556
2025-05-14 04:00:00,0.0012780408102288643,-0.0018878199805950403,-0.0017336550960195597
2025-05-15 04:00:00,0.004884346213138491,0.006446854254753864,0.004590144388608396
2025-05-16 04:00:00,0.006333926797924105,0.004869299253652892,0.004225941015564338
2025-05-19 04:00:00,0.0010939435130175035,-0.0005024303294077104,-0.0003543026668840765
2025-05-20 04:00:00,-0.0033621824491902874,-0.004899318244420359,-0.002902829380407068
2025-05-21 04:00:00,-0.016850800787671538,-0.01694651280781745,-0.015377490677578886
2025-05-22 04:00:00,0.0003947341596941545,0.0023328053901388035,0.0012947943814858196
2025-05-23 04:00:00,-0.006825879106329036,-0.003432119452680582,-0.003034327030211159
2025-05-27 04:00:00,0.020790708617201226,0.018056914406573466,0.015773849395173033
2025-05-28 04:00:00,-0.005785383818817769,-0.005197569454637696,-0.005095860333981383
2025-05-29 04:00:00,0.003947316182205007,0.00607039729229113,0.004624809014090924
2025-05-30 04:00:00,-0.0011184364635955513,-6.750318231298893e-05,-0.000978860958893224
2025-06-02 04:00:00,0.00563291506828012,-0.00034285098886353014,0.0026950834151191596
2025-06-03 04:00:00,0.005702535576316059,0.002716875143925268,0.003549693498413742
2025-06-04 04:00:00,-0.00026833243476054314,0.006332406685170478,0.004336271916734124
2025-06-05 04:00:00,-0.004832829894181656,-0.0026218889726151717,-0.002223611666059466
2025-06-06 04:00:00,0.010268936573274878,0.0010716716589158175,0.0031355289981450877
2025-06-09 04:00:00,0.000901294345408088,0.0009625862812431496,0.0009495095030395362
2025-06-10 04:00:00,0.005669725186957297,0.0054617408661055585,0.0047160384614714276
2025-06-11 04:00:00,-0.0028520075838471826,-0.0005001920604221332,0.0008159172061888321
2025-06-12 04:00:00,0.003974254114539111,0.007167478176052011,0.005971746749219875
2025-06-13 04:00:00,-0.011180206309365337,-0.01056261140516961,-0.006503856248867434
2025-06-16 04:00:00,0.009514375876577885,0.0016775780093041702,0.0024645967727819234
2025-06-17 04:00:00,-0.008545152297069647,-0.0002593466505569795,0.0006476003346247653
2025-06-18 04:00:00,-0.0001506376340618676,0.0006032383820704812,0.0006897982721351559
2025-06-20 04:00:00,-0.0023485286607058953,-0.0021476939637250945,-0.0014444591231625448
2025-06-23 04:00:00,0.00987743408381525,0.0072213789854426395,0.0032003124594864427
2025-06-24 04:00:00,0.011047192108078807,0.009532589378072397,0.0063958086151223
2025-06-25 04:00:00,0.000560355916550126,0.0008396141837912375,0.000576522673010249
2025-06-26 04:00:00,0.007823805236792936,0.006705498913900066,0.0065691598201851106
2025-06-27 04:00:00,0.0049683437757206406,0.00043408965177569323,0.0005687638478358293
2025-06-30 04:00:00,0.004781161580480697,0.006805048402516389,0.005866839599116047
2025-07-01 04:00:00,-0.0003235926031718295,0.0007976589305438652,0.0010999111623072545
2025-07-02 04:00:00,0.0045333530513420595,0.00017861886887220397,0.0024555525746381202
2025-07-03 04:00:00,0.007881389252041293,0.0019428463356718326,0.0025944814840783035
2025-07-07 04:00:00,-0.007452138445489531,-0.008288767680133091,-0.00742416010731497
2025-07-08 04:00:00,-0.0005476091081725309,-0.0008393646803550371,-0.0003972012223527499
2025-07-09 04:00:00,0.005996621705197658,0.007782553184378394,0.006557274142930847
2025-07-10 04:00:00,0.0028202028468595763,0.0019682271715101506,0.0015851515273619388
2025-07-11 04:00:00,-0.003515266022106389,-0.0076270624352245305,-0.0049424468686668725
2025-07-14 04:00:00,0.0019081371492402077,0.00030566888864931303,-0.00032860363546572964
2025-07-15 04:00:00,-0.004273317857587777,-0.005367433580983505,-0.004845778302723802
2025-07-16 04:00:00,0.0033432619517372864,0.0025706400913801273,0.002564114731883271
2025-07-17 04:00:00,0.006119641699551259,0.003577766960290063,0.004408083909883209
2025-07-18 04:00:00,-0.0007323729567987325,0.00017152344980213567,0.00019664624826796204
2025-07-21 04:00:00,0.00189619482624237,0.004704171240986143,0.0035906300602491
2025-07-22 04:00:00,0.00014312186670739635,0.0025044811022602253,0.001721899156095086
2025-07-23 04:00:00,0.008507406668075479,0.002885314848956044,0.003172708906860266
2025-07-24 04:00:00,0.0003311188089325512,-0.0004986593513705896,-0.0002349553851963449
2025-07-25 04:00:00,0.0042243586394272725,0.005049433452858399,0.003393942577954856
2025-07-28 04:00:00,-0.0002510907174575472,-0.0027422919175412734,-0.0010569439608315576
2025-07-29 04:00:00,-0.002637596564339706,0.005171771175431417,0.004777832119486058
2025-07-30 04:00:00,-0.001259379760541024,-0.0028169899045368263,-0.0025220120450589077
2025-07-31 04:00:00,-0.003751265515138158,-0.00202058488132435,-0.0029173489452803962
2025-08-01 04:00:00,-0.016390403362552375,-0.004147579322883253,-0.0071728070861659
2025-08-04 04:00:00,0.015199884599081948,0.010213060485815629,0.009577617600846034
2025-08-05 04:00:00,-0.005069968088280641,-0.001815534837567023,-0.002985388119700261
2025-08-06 04:00:00,0.0076596390258989455,0.0022862681032961955,0.002634498047650246
2025-08-07 04:00:00,-0.0008375739109987013,-0.001185777160310364,-0.0006934273248258237
2025-08-08 04:00:00,0.007797501094690906,0.0029447683896179017,0.003378201456417062
2025-08-11 04:00:00,-0.0019774524562664597,-0.0007282173634638011,-0.0007054138516707999
2025-08-12 04:00:00,0.010645981233063928,0.00437358514065278,0.004465568266548569
2025-08-13 04:00:00,0.0034231846065959637,0.005366148752283984,0.004400343807016427
2025-08-14 04:00:00,9.299781650273786e-05,-0.0029098354436352556,-0.0017546386954151003
2025-08-15 04:00:00,-0.002341290236613225,-0.004254743523584526,-0.00386276223375811
2025-08-18 04:00:00,-0.00021751572051942336,-0.0012878735204739256,-0.0009066569919633948
2025-08-19 04:00:00,-0.005425239851328145,-0.0009335898296678464,-0.0022941535557292727
2025-08-20 04:00:00,-0.0026570426982367445,-0.0007171914078880402,0.000173632317043393
2025-08-21 04:00:00,-0.004011766231477476,-0.004387641087204508,-0.0032978042676388153
2025-08-22 04:00:00,0.015356785247534033,0.012176649289978636,0.011845276867268327
2025-08-25 04:00:00,-0.004401061026124697,-0.003789358584717251,-0.0030039796697441832
2025-08-26 04:00:00,0.0041870023682906155,0.002281708789408343,0.0015732202977684511
2025-08-27 04:00:00,0.0022784921171898898,0.0009060607356661698,0.0011121428248794473
2025-08-28 04:00:00,0.0035414005434608598,0.004756087469736237,0.004733480864218764
2025-08-29 04:00:00,-0.005963709384858351,-0.00642162408463629,-0.005575522039555525
2025-09-02 04:00:00,-0.007410192526257298,-0.007422726540862223,-0.0050576746884145474
2025-09-03 04:00:00,0.005419467264843547,0.007642634264014703,0.005658767426965395
2025-09-04 04:00:00,0.008357484126844783,0.008064070741841923,0.006586420935311987
2025-09-05 04:00:00,-0.002896298389375551,0.004361031282037043,0.0020258924702713623
2025-09-08 04:00:00,0.0024566799492218294,0.006803697768796813,0.006152159940977686
2025-09-09 04:00:00,0.0023117733075188607,-0.000886103211015765,-4.72976600034536e-05
2025-09-10 04:00:00,0.0028908153230013944,0.0040206484448610524,0.004123564073287111
2025-09-11 04:00:00,0.008310314225991933,0.007660596916830586,0.006232726414367816
2025-09-12 04:00:00,-0.00033472834591830036,-0.001927632736853946,-0.0009108683545511308
2025-09-15 04:00:00,0.0053240188059680005,0.004128258432200616,0.004789647540866882
2025-09-16 04:00:00,-0.0013768510142991852,1.68390059837487e-05,0.0008260666391574522
2025-09-17 04:00:00,-0.001242399741884448,-0.001763723017492991,-0.0025627070328451797
2025-09-18 04:00:00,0.004672384146077402,-0.0013243574640006812,-0.0007360687138729947
2025-09-19 04:00:00,0.004952918310262788,0.0022093211374399234,0.0015977902669326639
2025-09-22 04:00:00,0.004731035459799804,0.00140074318652994,0.0017602127088674256
2025-09-23 04:00:00,-0.005443520514135325,-0.00047019932978715736,-0.00013594238425509433
2025-09-24 04:00:00,-0.00318164448653413,-0.0034315922821164914,-0.0023839739426621542
2025-09-25 04:00:00,-0.0046134329671143615,-0.002768059780268617,-0.0020613523997422114
2025-09-26 04:00:00,0.005729075724434596,0.0030778143010349534,0.003211588905361107
2025-09-29 04:00:00,0.002810389450384143,0.004970798939173982,0.0033166917739614003
2025-09-30 04:00:00,0.00376684572535102,0.001099825863296466,0.0009920142610148949
2025-10-01 04:00:00,0.003407569706178837,0.003077550432054199,0.0026417544542773784
2025-10-02 04:00:00,0.0011517801124745208,0.0018558346864880892,0.0008976848561390025
2025-10-03 04:00:00,-1.4818614668121732e-05,-0.0007683288732535098,-0.0002651318836101701
2025-10-06 04:00:00,0.003586249365854499,-0.001025611184930053,0.0007950571570231935
2025-10-07 04:00:00,-0.003707511977453004,7.613652130742396e-05,-0.00010150259261954025
2025-10-08 04:00:00,0.005963096319924199,0.0038918074601668184,0.003945308436947603
2025-10-09 04:00:00,-0.002897030241612586,-0.0020519215954443613,-0.0028961706446276603
2025-10-10 04:00:00,-0.027027820787662193,-0.009757811419672358,-0.013501133081168726
2025-10-13 04:00:00,0.015344092809244536,0.008985735094203483,0.010309607710988388
2025-10-14 04:00:00,-0.0012216512196846496,0.0005477994147590205,-0.0008909639469646625
2025-10-15 04:00:00,0.004439541098594013,0.0017832085535153474,0.002365325244315231
2025-10-16 04:00:00,-0.006810210567109287,-0.0010859451728032709,-0.00201633592903242
2025-10-17 04:00:00,0.005676314860669995,0.002792703981308131,0.00285565292398896
2025-10-20 04:00:00,0.01040043503835153,0.007775411365514673,0.008386191967129619
2025-10-21 04:00:00,-1.4955077773270986e-05,0.001957197081705653,0.0004361105371803564
2025-10-22 04:00:00,-0.005198882255361581,-0.002858478161525313,-0.0013407056109239423
2025-10-23 04:00:00,0.005929966083050742,0.000820624561331495,0.0031968646035913538
2025-10-24 04:00:00,0.008172547247097484,0.005078513300929188,0.00507855705792588
2025-10-27 04:00:00,0.011797667854098304,0.008434209049727137,0.007876478710387257
2025-10-28 04:00:00,0.0026560013292959983,0.0026395745436027076,0.0014570335158760497
2025-10-29 04:00:00,0.0004803260550556576,-0.003754390002023467,-0.0022125355343549087
2025-10-30 04:00:00,-0.010998113191920567,-0.008926243467081374,-0.008300367596878598
2025-10-31 04:00:00,0.003280260922519762,0.0007755578924571345,0.0017779352319983953
2025-11-03 05:00:00,0.0018766915803232198,0.00012566549879831066,0.0011187606714021083
2025-11-04 05:00:00,-0.011853595199365574,-0.006220651577385116,-0.007137673397253507
2025-11-05 05:00:00,0.0034654701339136285,-0.0022792291564385893,-0.0014954100590477862
2025-11-06 05:00:00,-0.01072938225080955,-0.0028404446928484758,-0.0036082730188855545
2025-11-07 05:00:00,0.0009845659403016072,-0.00025602947891569807,0.00017447378049341154
2025-11-10 05:00:00,0.01560435822838957,0.00927331591876981,0.010387350027340526
2025-11-11 05:00:00,0.0022892033827353053,0.0032049237641337495,0.003395016675452345
2025-11-12 05:00:00,0.0005564068664263289,0.001045242386452916,-0.00024848327526972853
2025-11-13 05:00:00,-0.016594062566875234,-0.013240989374383626,-0.012940684303473091
2025-11-14 05:00:00,-0.00016359600785664785,-0.0023804871419599526,-0.0015917620262399623
2025-11-17 05:00:00,-0.009316476786200845,-0.004599685548100307,-0.004977836421822835
2025-11-18 05:00:00,-0.008397487448507768,-0.005173180058633875,-0.004311262679297978
2025-11-19 05:00:00,0.0038631576379948296,0.0015094273031734937,0.0007171639140583382
2025-11-20 05:00:00,-0.01524230348712119,-0.007570186373020026,-0.008924677481259346
2025-11-21 05:00:00,0.009961204755846165,0.007187078601344066,0.006223110231500694
2025-11-24 05:00:00,0.014718547807599958,0.011110432296032079,0.011028845350754544
2025-11-25 05:00:00,0.009405913041440561,0.006665621277814581,0.005880068025069174
2025-11-26 05:00:00,0.006903544626688962,0.005915224426095378,0.006537668472245461
2025-11-28 05:00:00,0.005458400735868674,0.0013774176116956303,0.0031699241486464417
2025-12-01 05:00:00,-0.004565432491131505,-0.007718771693819582,-0.006213694502860867
2025-12-02 05:00:00,0.001852203967944055,0.0012915491414859038,0.0008139640506941049
2025-12-03 05:00:00,0.003462767968857472,0.0032036662829643793,0.0034000026994656313
2025-12-04 05:00:00,0.0007311238379490437,-0.0017171777789270594,-0.0009188030725664985
2025-12-05 05:00:00,0.001899461628388499,-0.00071174041970683,0.0003548190517048468
2025-12-08 05:00:00,-0.003004219352025661,-0.003118198599610089,-0.004032316912247124
2025-12-09 05:00:00,-0.000863122274760153,-0.00010819490433839891,-0.0004276296488306075
2025-12-10 05:00:00,0.006632218302348614,0.005525312542117122,0.00574777419744279
2025-12-11 05:00:00,0.002326931778056762,0.0008526624338140553,0.0009020717125875821
2025-12-12 05:00:00,-0.010751997629438903,-0.010306580470992732,-0.01016488779739988
2025-12-15 05:00:00,-0.0015108134140046081,-0.0006316686779295865,-0.001180304733332005
2025-12-16 05:00:00,-0.0027323197983205594,0.0005573711752546507,-0.0010001498518195982
2025-12-17 05:00:00,-0.011003588240296014,-0.006966256958196149,-0.005679479148302913
2025-12-18 05:00:00,0.007551280296730134,0.00644424912893422,0.005265657810996537
2025-12-19 05:00:00,0.00906346515990486,0.003945095317005665,0.0050235000121731325
2025-12-22 05:00:00,0.006229874178387496,0.0028698338597200833,0.004371568716490848
2025-12-23 05:00:00,0.0045704843606495515,0.0033832960720959096,0.0043396146358826385
2025-12-24 05:00:00,0.003517621421107009,0.0045334265871930235,0.0038835425301004256
2025-12-26 05:00:00,-0.0001014040437492536,-0.0013785560464730563,-0.0007397966437642455
2025-12-29 05:00:00,-0.003563648189011559,-0.0006337487814698226,-0.0019349732847766866
2025-12-30 05:00:00,-0.0012211468345215692,-0.0016864622994090528,-0.0007810573444134383
2025-12-31 05:00:00,-0.007408955885817803,-0.007632266333747517,-0.00807228689133419
2026-01-02 05:00:00,0.0018330596423725698,0.0005032380288892302,0.0007865501624682914
2026-01-05 05:00:00,0.006660110816910869,0.0059723922547455285,0.0073541486329041774
2026-01-06 05:00:00,0.005947227112347964,0.002745108631700965,0.0029070741153058074
2026-01-07 05:00:00,-0.0032234001772446508,0.00040325436551742495,-0.0011021178993771419
2026-01-08 05:00:00,-0.00010152168346500012,-0.0020656790603124533,-0.00028073807356256966
2026-01-09 05:00:00,0.006613388484590255,0.006624011474444869,0.006047431469856468
2026-01-12 05:00:00,0.0015703975230316747,-0.0002405431466160126,0.0013215318333757
2026-01-13 05:00:00,-0.001999473023445053,-0.0005152981821685776,8.980334444257381e-05
2026-01-14 05:00:00,-0.004915222744839132,-0.0006261759602434356,-0.0011213417845747917
2026-01-15 05:00:00,0.0027232240029890775,0.0015433578593085251,0.0007536948907531315
2026-01-16 05:00:00,-0.0008378844014015341,-0.002812764177936411,-0.0024076735273345193
2026-01-20 05:00:00,-0.020356759970762806,-0.017453243273225016,-0.014761755185712322
2026-01-21 05:00:00,0.011541083159159804,0.009971379787400458,0.01035961410755708
2026-01-22 05:00:00,0.005223163010167564,0.004874816425556627,0.004397480543821719
2026-01-23 05:00:00,0.00036285524556167736,0.0013124944119050407,0.002892213326174775
2026-01-26 05:00:00,0.00507813081145958,0.0049574639405523865,0.004934741518254992
2026-01-27 05:00:00,0.003984250492172103,-9.95148055520814e-05,0.0018815848836916116
2026-01-28 05:00:00,-0.0001006589961060067,-0.0009715934117847214,0.0005559611035905633
2026-01-29 05:00:00,-0.001984419367757506,-0.0010993202661671697,0.0003213059781862482
2026-01-30 05:00:00,-0.002982547677011782,-0.004026478140753254,-0.006905971816880352
2026-02-02 05:00:00,0.004971317523953855,0.0018399465749031397,-0.0015174017056028945
2026-02-03 05:00:00,-0.008455363130712823,-0.004102676913455094,-0.0017539838654943019
2026-02-04 05:00:00,-0.0048439179057576665,-0.003920668752143075,-0.003501453986371816
2026-02-05 05:00:00,-0.0124892628772314,-0.0031487225209317453,-0.006012526591743617
2026-02-06 05:00:00,0.019184793975496328,0.011785215853438702,0.01276881952845621
2026-02-09 05:00:00,0.004821779145387506,0.0028016720142464814,0.0038241034265592113
2026-02-10 05:00:00,-0.0026371021797716443,0.0030338275867634714,0.0014261945987705136
2026-02-11 05:00:00,-0.00023113498477123073,-0.0022622663985107042,-0.0007785885412123104
2026-02-12 05:00:00,-0.015448872914552103,-0.003954729956305636,-0.007622326219527431
2026-02-13 05:00:00,0.0007045377823615695,0.0026192787890975565,0.0024062739031713407
2026-02-17 05:00:00,0.0016134588719287635,0.0016368348494867568,0.00025524371844721757
2026-02-18 05:00:00,0.005037713354905549,0.0015093236547702113,0.004515877501305476
2026-02-19 05:00:00,-0.002637365569283623,-0.0011802984084362089,-0.0003721081583545115
2026-02-20 05:00:00,0.007231785221302411,0.003401776819326318,0.004331966440139256
2026-02-23 05:00:00,-0.010211302238274489,-0.004650484656267717,-0.004409804290526332
2026-02-24 05:00:00,0.007268513358970052,0.005074313047669099,0.00477479689405993
2026-02-25 05:00:00,0.008438276037153747,0.005107480758119598,0.005217713978526973
2026-02-26 05:00:00,-0.005554405951797015,-0.0017310943306673154,-0.0020910766755908973
2026-02-27 05:00:00,-0.004801969559279806,-0.00044403759796698365,0.0003198595237108304
2026-03-02 05:00:00,0.0005685427688300049,-0.003675695603742435,0.00015719128097222432
2026-03-03 05:00:00,-0.008814341545397508,-0.006092088038274146,-0.005503769048431072
2026-03-04 05:00:00,0.007055381465455479,0.0029808581833484556,0.004181637247105163
2026-03-05 05:00:00,-0.0055755948462250515,-0.004960614806511688,-0.00310308542367671
2026-03-06 05:00:00,-0.013107091790493297,-0.00935091721035628,-0.0052462209296228685
2026-03-09 04:00:00,0.008759949144329537,0.008737788525395774,0.006522365259134977
2026-03-10 04:00:00,-0.001607069196751576,-0.005222919280671023,-0.0024633308931985677
2026-03-11 04:00:00,-0.0012551693717042234,-0.005918481801599462,-0.002706851351261141
2026-03-12 04:00:00,-0.0151849234423167,-0.00989129911995059,-0.007101113420249648
2026-03-13 04:00:00,-0.005660180081477395,-0.0053738028822327925,-0.005399134969830255
2026-03-16 04:00:00,0.010176888512803295,0.009202958445593889,0.007035510622833851
2026-03-17 04:00:00,0.0026305975119209624,0.002679139914280304,0.003993491618056666
2026-03-18 04:00:00,-0.013953675007322364,-0.010613476043245652,-0.008279861257026755
2026-03-19 04:00:00,-0.002464364937880159,0.0009592779318293055,-0.0011192782817343928
2026-03-20 04:00:00,-0.012587136752702066,-0.014019748469073234,-0.011865431497770484
